DATE,TIME,CLOSE
28/11/2014,09:20:00,816.05
28/11/2014,09:25:00,821.35
28/11/2014,09:30:00,828.4
28/11/2014,09:35:00,828.8
28/11/2014,09:40:00,837.45
28/11/2014,09:45:00,840.9
28/11/2014,09:50:00,835.8
28/11/2014,09:55:00,838.25
28/11/2014,10:00:00,838.05
28/11/2014,10:05:00,837.25
28/11/2014,10:10:00,835.6
28/11/2014,10:15:00,834.65
28/11/2014,10:20:00,834.7
28/11/2014,10:25:00,831.75
28/11/2014,10:30:00,828.5
28/11/2014,10:35:00,826.5
28/11/2014,10:40:00,829.05
28/11/2014,10:45:00,825.6
28/11/2014,10:50:00,824.95
28/11/2014,10:55:00,826.3
28/11/2014,11:00:00,823.6
28/11/2014,11:05:00,825.0
28/11/2014,11:10:00,827.7
28/11/2014,11:15:00,825.7
28/11/2014,11:20:00,824.0
28/11/2014,11:25:00,823.75
28/11/2014,11:30:00,824.4
28/11/2014,11:35:00,823.75
28/11/2014,11:40:00,827.4
28/11/2014,11:45:00,827.1
28/11/2014,11:50:00,828.5
28/11/2014,11:55:00,827.95
28/11/2014,12:00:00,827.05
28/11/2014,12:05:00,828.55
28/11/2014,12:10:00,827.05
28/11/2014,12:15:00,827.5
28/11/2014,12:20:00,827.2
28/11/2014,12:25:00,828.65
28/11/2014,12:30:00,828.5
28/11/2014,12:35:00,828.8
28/11/2014,12:40:00,829.05
28/11/2014,12:45:00,830.0
28/11/2014,12:50:00,829.8
28/11/2014,12:55:00,828.25
28/11/2014,13:00:00,828.4
28/11/2014,13:05:00,829.45
28/11/2014,13:10:00,829.3
28/11/2014,13:15:00,828.85
28/11/2014,13:20:00,828.25
28/11/2014,13:25:00,826.75
28/11/2014,13:30:00,828.0
28/11/2014,13:35:00,826.15
28/11/2014,13:40:00,827.9
28/11/2014,13:45:00,828.5
28/11/2014,13:50:00,828.4
28/11/2014,13:55:00,828.85
28/11/2014,14:00:00,832.9
28/11/2014,14:05:00,834.3
28/11/2014,14:10:00,832.1
28/11/2014,14:15:00,831.5
28/11/2014,14:20:00,830.95
28/11/2014,14:25:00,831.3
28/11/2014,14:30:00,830.5
28/11/2014,14:35:00,830.6
28/11/2014,14:40:00,831.3
28/11/2014,14:45:00,834.3
28/11/2014,14:50:00,833.65
28/11/2014,14:55:00,834.0
28/11/2014,15:00:00,836.0
28/11/2014,15:05:00,839.7
28/11/2014,15:10:00,836.5
28/11/2014,15:15:00,839.0
28/11/2014,15:20:00,844.05
28/11/2014,15:25:00,843.1
28/11/2014,15:30:00,841.2
01/12/2014,09:20:00,845.45
01/12/2014,09:25:00,837.0
01/12/2014,09:30:00,842.5
01/12/2014,09:35:00,843.3
01/12/2014,09:40:00,844.85
01/12/2014,09:45:00,844.8
01/12/2014,09:50:00,841.7
01/12/2014,09:55:00,842.25
01/12/2014,10:00:00,840.2
01/12/2014,10:05:00,841.35
01/12/2014,10:10:00,840.15
01/12/2014,10:15:00,838.25
01/12/2014,10:20:00,838.85
01/12/2014,10:25:00,840.85
01/12/2014,10:30:00,841.0
01/12/2014,10:35:00,839.1
01/12/2014,10:40:00,840.0
01/12/2014,10:45:00,846.7
01/12/2014,10:50:00,847.0
01/12/2014,10:55:00,855.0
01/12/2014,11:00:00,864.4
01/12/2014,11:05:00,864.8
01/12/2014,11:10:00,870.8
01/12/2014,11:15:00,880.0
01/12/2014,11:20:00,887.0
01/12/2014,11:25:00,894.0
01/12/2014,11:30:00,899.1
01/12/2014,11:35:00,895.0
01/12/2014,11:40:00,889.95
01/12/2014,11:45:00,889.0
01/12/2014,11:50:00,890.35
01/12/2014,11:55:00,886.25
01/12/2014,12:00:00,888.0
01/12/2014,12:05:00,884.65
01/12/2014,12:10:00,886.05
01/12/2014,12:15:00,888.2
01/12/2014,12:20:00,886.1
01/12/2014,12:25:00,886.5
01/12/2014,12:30:00,885.1
01/12/2014,12:35:00,885.5
01/12/2014,12:40:00,883.75
01/12/2014,12:45:00,883.9
01/12/2014,12:50:00,882.25
01/12/2014,12:55:00,878.15
01/12/2014,13:00:00,878.55
01/12/2014,13:05:00,878.75
01/12/2014,13:10:00,877.25
01/12/2014,13:15:00,880.0
01/12/2014,13:20:00,882.05
01/12/2014,13:25:00,880.8
01/12/2014,13:30:00,879.7
01/12/2014,13:35:00,879.65
01/12/2014,13:40:00,879.8
01/12/2014,13:45:00,882.0
01/12/2014,13:50:00,887.9
01/12/2014,13:55:00,886.6
01/12/2014,14:00:00,885.3
01/12/2014,14:05:00,891.65
01/12/2014,14:10:00,885.5
01/12/2014,14:15:00,884.0
01/12/2014,14:20:00,883.3
01/12/2014,14:25:00,885.85
01/12/2014,14:30:00,887.8
01/12/2014,14:35:00,899.95
01/12/2014,14:40:00,890.75
01/12/2014,14:45:00,890.45
01/12/2014,14:50:00,896.9
01/12/2014,14:55:00,893.95
01/12/2014,15:00:00,894.9
01/12/2014,15:05:00,895.25
01/12/2014,15:10:00,892.5
01/12/2014,15:15:00,891.55
01/12/2014,15:20:00,901.0
01/12/2014,15:25:00,896.05
01/12/2014,15:30:00,900.25
02/12/2014,09:20:00,905.0
02/12/2014,09:25:00,902.5
02/12/2014,09:30:00,902.45
02/12/2014,09:35:00,912.15
02/12/2014,09:40:00,911.1
02/12/2014,09:45:00,913.55
02/12/2014,09:50:00,913.05
02/12/2014,09:55:00,913.0
02/12/2014,10:00:00,918.6
02/12/2014,10:05:00,914.95
02/12/2014,10:10:00,915.95
02/12/2014,10:15:00,913.6
02/12/2014,10:20:00,911.9
02/12/2014,10:25:00,910.55
02/12/2014,10:30:00,907.85
02/12/2014,10:35:00,907.0
02/12/2014,10:40:00,906.95
02/12/2014,10:45:00,906.6
02/12/2014,10:50:00,907.1
02/12/2014,10:55:00,907.8
02/12/2014,11:00:00,906.1
02/12/2014,11:05:00,909.4
02/12/2014,11:10:00,908.25
02/12/2014,11:15:00,907.15
02/12/2014,11:20:00,909.45
02/12/2014,11:25:00,907.6
02/12/2014,11:30:00,906.05
02/12/2014,11:35:00,907.0
02/12/2014,11:40:00,907.5
02/12/2014,11:45:00,907.05
02/12/2014,11:50:00,906.5
02/12/2014,11:55:00,906.75
02/12/2014,12:00:00,905.0
02/12/2014,12:05:00,906.5
02/12/2014,12:10:00,906.2
02/12/2014,12:15:00,906.5
02/12/2014,12:20:00,907.15
02/12/2014,12:25:00,908.1
02/12/2014,12:30:00,911.3
02/12/2014,12:35:00,914.1
02/12/2014,12:40:00,912.5
02/12/2014,12:45:00,911.55
02/12/2014,12:50:00,913.5
02/12/2014,12:55:00,912.05
02/12/2014,13:00:00,912.15
02/12/2014,13:05:00,911.85
02/12/2014,13:10:00,910.5
02/12/2014,13:15:00,910.25
02/12/2014,13:20:00,909.0
02/12/2014,13:25:00,909.3
02/12/2014,13:30:00,910.6
02/12/2014,13:35:00,910.2
02/12/2014,13:40:00,908.0
02/12/2014,13:45:00,907.0
02/12/2014,13:50:00,909.0
02/12/2014,13:55:00,907.4
02/12/2014,14:00:00,907.3
02/12/2014,14:05:00,908.15
02/12/2014,14:10:00,907.15
02/12/2014,14:15:00,910.0
02/12/2014,14:20:00,908.5
02/12/2014,14:25:00,908.5
02/12/2014,14:30:00,910.05
02/12/2014,14:35:00,909.0
02/12/2014,14:40:00,909.1
02/12/2014,14:45:00,910.0
02/12/2014,14:50:00,909.6
02/12/2014,14:55:00,911.55
02/12/2014,15:00:00,910.4
02/12/2014,15:05:00,914.9
02/12/2014,15:10:00,911.1
02/12/2014,15:15:00,911.0
02/12/2014,15:20:00,908.0
02/12/2014,15:25:00,912.4
02/12/2014,15:30:00,911.8
03/12/2014,09:20:00,917.5
03/12/2014,09:25:00,916.0
03/12/2014,09:30:00,927.2
03/12/2014,09:35:00,924.75
03/12/2014,09:40:00,920.75
03/12/2014,09:45:00,920.0
03/12/2014,09:50:00,921.55
03/12/2014,09:55:00,920.65
03/12/2014,10:00:00,918.3
03/12/2014,10:05:00,918.6
03/12/2014,10:10:00,920.4
03/12/2014,10:15:00,918.0
03/12/2014,10:20:00,918.85
03/12/2014,10:25:00,917.45
03/12/2014,10:30:00,915.8
03/12/2014,10:35:00,915.7
03/12/2014,10:40:00,916.0
03/12/2014,10:45:00,916.55
03/12/2014,10:50:00,918.65
03/12/2014,10:55:00,918.3
03/12/2014,11:00:00,919.05
03/12/2014,11:05:00,919.0
03/12/2014,11:10:00,919.0
03/12/2014,11:15:00,919.85
03/12/2014,11:20:00,919.8
03/12/2014,11:25:00,919.5
03/12/2014,11:30:00,919.85
03/12/2014,11:35:00,921.65
03/12/2014,11:40:00,921.5
03/12/2014,11:45:00,922.0
03/12/2014,11:50:00,918.5
03/12/2014,11:55:00,918.5
03/12/2014,12:00:00,918.25
03/12/2014,12:05:00,918.5
03/12/2014,12:10:00,920.0
03/12/2014,12:15:00,919.0
03/12/2014,12:20:00,919.05
03/12/2014,12:25:00,919.6
03/12/2014,12:30:00,919.05
03/12/2014,12:35:00,918.5
03/12/2014,12:40:00,918.0
03/12/2014,12:45:00,918.75
03/12/2014,12:50:00,918.9
03/12/2014,12:55:00,918.0
03/12/2014,13:00:00,916.05
03/12/2014,13:05:00,917.0
03/12/2014,13:10:00,917.3
03/12/2014,13:15:00,917.15
03/12/2014,13:20:00,918.5
03/12/2014,13:25:00,918.45
03/12/2014,13:30:00,917.15
03/12/2014,13:35:00,917.35
03/12/2014,13:40:00,917.5
03/12/2014,13:45:00,917.15
03/12/2014,13:50:00,916.5
03/12/2014,13:55:00,917.7
03/12/2014,14:00:00,920.8
03/12/2014,14:05:00,920.25
03/12/2014,14:10:00,920.7
03/12/2014,14:15:00,919.3
03/12/2014,14:20:00,920.0
03/12/2014,14:25:00,919.3
03/12/2014,14:30:00,918.0
03/12/2014,14:35:00,916.5
03/12/2014,14:40:00,917.95
03/12/2014,14:45:00,918.5
03/12/2014,14:50:00,919.55
03/12/2014,14:55:00,919.85
03/12/2014,15:00:00,920.2
03/12/2014,15:05:00,921.0
03/12/2014,15:10:00,924.45
03/12/2014,15:15:00,926.35
03/12/2014,15:20:00,928.35
03/12/2014,15:25:00,927.6
03/12/2014,15:30:00,929.9
04/12/2014,09:20:00,934.0
04/12/2014,09:25:00,929.75
04/12/2014,09:30:00,929.85
04/12/2014,09:35:00,923.85
04/12/2014,09:40:00,923.7
04/12/2014,09:45:00,939.6
04/12/2014,09:50:00,955.35
04/12/2014,09:55:00,956.1
04/12/2014,10:00:00,953.0
04/12/2014,10:05:00,954.45
04/12/2014,10:10:00,957.8
04/12/2014,10:15:00,956.6
04/12/2014,10:20:00,968.4
04/12/2014,10:25:00,978.4
04/12/2014,10:30:00,976.9
04/12/2014,10:35:00,978.75
04/12/2014,10:40:00,980.45
04/12/2014,10:45:00,978.4
04/12/2014,10:50:00,975.8
04/12/2014,10:55:00,973.85
04/12/2014,11:00:00,974.0
04/12/2014,11:05:00,975.1
04/12/2014,11:10:00,975.75
04/12/2014,11:15:00,973.0
04/12/2014,11:20:00,973.65
04/12/2014,11:25:00,975.75
04/12/2014,11:30:00,975.5
04/12/2014,11:35:00,975.6
04/12/2014,11:40:00,977.25
04/12/2014,11:45:00,975.0
04/12/2014,11:50:00,977.9
04/12/2014,11:55:00,976.95
04/12/2014,12:00:00,977.05
04/12/2014,12:05:00,976.2
04/12/2014,12:10:00,975.0
04/12/2014,12:15:00,975.0
04/12/2014,12:20:00,973.85
04/12/2014,12:25:00,972.65
04/12/2014,12:30:00,972.5
04/12/2014,12:35:00,973.95
04/12/2014,12:40:00,973.1
04/12/2014,12:45:00,972.5
04/12/2014,12:50:00,976.0
04/12/2014,12:55:00,974.5
04/12/2014,13:00:00,973.65
04/12/2014,13:05:00,976.45
04/12/2014,13:10:00,973.1
04/12/2014,13:15:00,975.0
04/12/2014,13:20:00,975.0
04/12/2014,13:25:00,976.4
04/12/2014,13:30:00,976.75
04/12/2014,13:35:00,975.45
04/12/2014,13:40:00,974.9
04/12/2014,13:45:00,976.7
04/12/2014,13:50:00,976.65
04/12/2014,13:55:00,976.5
04/12/2014,14:00:00,974.5
04/12/2014,14:05:00,976.5
04/12/2014,14:10:00,982.95
04/12/2014,14:15:00,976.45
04/12/2014,14:20:00,979.5
04/12/2014,14:25:00,979.45
04/12/2014,14:30:00,981.3
04/12/2014,14:35:00,981.55
04/12/2014,14:40:00,979.0
04/12/2014,14:45:00,979.0
04/12/2014,14:50:00,979.0
04/12/2014,14:55:00,980.55
04/12/2014,15:00:00,979.0
04/12/2014,15:05:00,979.55
04/12/2014,15:10:00,976.9
04/12/2014,15:15:00,974.5
04/12/2014,15:20:00,976.2
04/12/2014,15:25:00,976.55
04/12/2014,15:30:00,973.2
05/12/2014,09:20:00,982.4
05/12/2014,09:25:00,994.5
05/12/2014,09:30:00,993.95
05/12/2014,09:35:00,996.8
05/12/2014,09:40:00,995.0
05/12/2014,09:45:00,993.1
05/12/2014,09:50:00,986.0
05/12/2014,09:55:00,982.55
05/12/2014,10:00:00,987.95
05/12/2014,10:05:00,984.1
05/12/2014,10:10:00,983.9
05/12/2014,10:15:00,983.0
05/12/2014,10:20:00,984.0
05/12/2014,10:25:00,983.7
05/12/2014,10:30:00,983.9
05/12/2014,10:35:00,983.45
05/12/2014,10:40:00,983.85
05/12/2014,10:45:00,983.5
05/12/2014,10:50:00,976.2
05/12/2014,10:55:00,979.55
05/12/2014,11:00:00,975.05
05/12/2014,11:05:00,971.0
05/12/2014,11:10:00,974.3
05/12/2014,11:15:00,974.95
05/12/2014,11:20:00,974.95
05/12/2014,11:25:00,975.7
05/12/2014,11:30:00,979.05
05/12/2014,11:35:00,979.0
05/12/2014,11:40:00,979.0
05/12/2014,11:45:00,978.05
05/12/2014,11:50:00,978.95
05/12/2014,11:55:00,976.7
05/12/2014,12:00:00,975.9
05/12/2014,12:05:00,976.65
05/12/2014,12:10:00,976.35
05/12/2014,12:15:00,975.2
05/12/2014,12:20:00,972.95
05/12/2014,12:25:00,972.6
05/12/2014,12:30:00,974.1
05/12/2014,12:35:00,973.7
05/12/2014,12:40:00,972.9
05/12/2014,12:45:00,967.75
05/12/2014,12:50:00,969.3
05/12/2014,12:55:00,967.95
05/12/2014,13:00:00,969.2
05/12/2014,13:05:00,969.0
05/12/2014,13:10:00,969.7
05/12/2014,13:15:00,969.65
05/12/2014,13:20:00,969.15
05/12/2014,13:25:00,968.0
05/12/2014,13:30:00,970.85
05/12/2014,13:35:00,969.9
05/12/2014,13:40:00,972.35
05/12/2014,13:45:00,972.85
05/12/2014,13:50:00,972.5
05/12/2014,13:55:00,973.0
05/12/2014,14:00:00,971.75
05/12/2014,14:05:00,971.4
05/12/2014,14:10:00,972.95
05/12/2014,14:15:00,970.6
05/12/2014,14:20:00,970.0
05/12/2014,14:25:00,960.0
05/12/2014,14:30:00,963.8
05/12/2014,14:35:00,962.1
05/12/2014,14:40:00,961.45
05/12/2014,14:45:00,961.1
05/12/2014,14:50:00,952.8
05/12/2014,14:55:00,951.0
05/12/2014,15:00:00,951.3
05/12/2014,15:05:00,945.25
05/12/2014,15:10:00,939.4
05/12/2014,15:15:00,940.0
05/12/2014,15:20:00,942.5
05/12/2014,15:25:00,937.5
05/12/2014,15:30:00,940.0
08/12/2014,09:20:00,944.0
08/12/2014,09:25:00,939.5
08/12/2014,09:30:00,948.3
08/12/2014,09:35:00,947.0
08/12/2014,09:40:00,947.0
08/12/2014,09:45:00,942.7
08/12/2014,09:50:00,945.65
08/12/2014,09:55:00,944.0
08/12/2014,10:00:00,943.2
08/12/2014,10:05:00,941.35
08/12/2014,10:10:00,942.0
08/12/2014,10:15:00,935.0
08/12/2014,10:20:00,930.9
08/12/2014,10:25:00,931.3
08/12/2014,10:30:00,934.5
08/12/2014,10:35:00,934.95
08/12/2014,10:40:00,935.0
08/12/2014,10:45:00,935.25
08/12/2014,10:50:00,934.7
08/12/2014,10:55:00,933.25
08/12/2014,11:00:00,927.0
08/12/2014,11:05:00,925.1
08/12/2014,11:10:00,928.95
08/12/2014,11:15:00,927.8
08/12/2014,11:20:00,929.8
08/12/2014,11:25:00,929.8
08/12/2014,11:30:00,929.35
08/12/2014,11:35:00,927.5
08/12/2014,11:40:00,929.2
08/12/2014,11:45:00,936.0
08/12/2014,11:50:00,937.3
08/12/2014,11:55:00,936.0
08/12/2014,12:00:00,936.0
08/12/2014,12:05:00,934.15
08/12/2014,12:10:00,936.0
08/12/2014,12:15:00,936.0
08/12/2014,12:20:00,933.7
08/12/2014,12:25:00,933.1
08/12/2014,12:30:00,931.35
08/12/2014,12:35:00,930.0
08/12/2014,12:40:00,932.25
08/12/2014,12:45:00,928.6
08/12/2014,12:50:00,932.0
08/12/2014,12:55:00,929.65
08/12/2014,13:00:00,927.95
08/12/2014,13:05:00,929.55
08/12/2014,13:10:00,933.45
08/12/2014,13:15:00,932.0
08/12/2014,13:20:00,932.25
08/12/2014,13:25:00,929.0
08/12/2014,13:30:00,930.3
08/12/2014,13:35:00,929.15
08/12/2014,13:40:00,926.95
08/12/2014,13:45:00,925.55
08/12/2014,13:50:00,923.0
08/12/2014,13:55:00,926.0
08/12/2014,14:00:00,922.6
08/12/2014,14:05:00,923.5
08/12/2014,14:10:00,921.15
08/12/2014,14:15:00,923.55
08/12/2014,14:20:00,924.05
08/12/2014,14:25:00,924.85
08/12/2014,14:30:00,924.0
08/12/2014,14:35:00,924.2
08/12/2014,14:40:00,922.25
08/12/2014,14:45:00,921.7
08/12/2014,14:50:00,920.9
08/12/2014,14:55:00,922.4
08/12/2014,15:00:00,926.0
08/12/2014,15:05:00,926.0
08/12/2014,15:10:00,932.25
08/12/2014,15:15:00,939.85
08/12/2014,15:20:00,938.35
08/12/2014,15:25:00,936.9
08/12/2014,15:30:00,933.3
09/12/2014,09:20:00,931.0
09/12/2014,09:25:00,934.7
09/12/2014,09:30:00,933.0
09/12/2014,09:35:00,927.6
09/12/2014,09:40:00,934.1
09/12/2014,09:45:00,927.5
09/12/2014,09:50:00,928.5
09/12/2014,09:55:00,928.0
09/12/2014,10:00:00,928.35
09/12/2014,10:05:00,925.7
09/12/2014,10:10:00,924.15
09/12/2014,10:15:00,927.5
09/12/2014,10:20:00,926.9
09/12/2014,10:25:00,925.7
09/12/2014,10:30:00,928.5
09/12/2014,10:35:00,925.2
09/12/2014,10:40:00,925.3
09/12/2014,10:45:00,924.35
09/12/2014,10:50:00,924.0
09/12/2014,10:55:00,922.05
09/12/2014,11:00:00,922.55
09/12/2014,11:05:00,923.5
09/12/2014,11:10:00,922.0
09/12/2014,11:15:00,922.0
09/12/2014,11:20:00,921.0
09/12/2014,11:25:00,920.45
09/12/2014,11:30:00,920.0
09/12/2014,11:35:00,921.4
09/12/2014,11:40:00,921.0
09/12/2014,11:45:00,920.55
09/12/2014,11:50:00,916.65
09/12/2014,11:55:00,918.0
09/12/2014,12:00:00,919.2
09/12/2014,12:05:00,919.6
09/12/2014,12:10:00,920.15
09/12/2014,12:15:00,919.55
09/12/2014,12:20:00,917.15
09/12/2014,12:25:00,917.1
09/12/2014,12:30:00,908.05
09/12/2014,12:35:00,905.0
09/12/2014,12:40:00,897.4
09/12/2014,12:45:00,898.0
09/12/2014,12:50:00,893.6
09/12/2014,12:55:00,894.5
09/12/2014,13:00:00,892.85
09/12/2014,13:05:00,879.15
09/12/2014,13:10:00,882.75
09/12/2014,13:15:00,890.1
09/12/2014,13:20:00,895.0
09/12/2014,13:25:00,894.0
09/12/2014,13:30:00,896.95
09/12/2014,13:35:00,896.25
09/12/2014,13:40:00,894.95
09/12/2014,13:45:00,892.0
09/12/2014,13:50:00,891.3
09/12/2014,13:55:00,893.45
09/12/2014,14:00:00,891.6
09/12/2014,14:05:00,891.55
09/12/2014,14:10:00,887.0
09/12/2014,14:15:00,883.0
09/12/2014,14:20:00,885.5
09/12/2014,14:25:00,885.5
09/12/2014,14:30:00,887.5
09/12/2014,14:35:00,886.2
09/12/2014,14:40:00,890.25
09/12/2014,14:45:00,892.2
09/12/2014,14:50:00,890.5
09/12/2014,14:55:00,888.7
09/12/2014,15:00:00,895.4
09/12/2014,15:05:00,894.7
09/12/2014,15:10:00,891.4
09/12/2014,15:15:00,895.1
09/12/2014,15:20:00,892.55
09/12/2014,15:25:00,893.8
09/12/2014,15:30:00,894.0
10/12/2014,09:20:00,894.85
10/12/2014,09:25:00,889.3
10/12/2014,09:30:00,890.7
10/12/2014,09:35:00,898.15
10/12/2014,09:40:00,901.05
10/12/2014,09:45:00,911.4
10/12/2014,09:50:00,908.05
10/12/2014,09:55:00,912.85
10/12/2014,10:00:00,911.0
10/12/2014,10:05:00,908.45
10/12/2014,10:10:00,907.0
10/12/2014,10:15:00,903.05
10/12/2014,10:20:00,905.55
10/12/2014,10:25:00,905.0
10/12/2014,10:30:00,902.05
10/12/2014,10:35:00,902.95
10/12/2014,10:40:00,903.3
10/12/2014,10:45:00,903.55
10/12/2014,10:50:00,904.4
10/12/2014,10:55:00,903.2
10/12/2014,11:00:00,902.95
10/12/2014,11:05:00,900.1
10/12/2014,11:10:00,902.3
10/12/2014,11:15:00,900.0
10/12/2014,11:20:00,900.0
10/12/2014,11:25:00,900.2
10/12/2014,11:30:00,906.3
10/12/2014,11:35:00,905.75
10/12/2014,11:40:00,907.0
10/12/2014,11:45:00,905.2
10/12/2014,11:50:00,903.55
10/12/2014,11:55:00,905.05
10/12/2014,12:00:00,904.5
10/12/2014,12:05:00,904.55
10/12/2014,12:10:00,905.4
10/12/2014,12:15:00,906.0
10/12/2014,12:20:00,905.5
10/12/2014,12:25:00,906.6
10/12/2014,12:30:00,906.3
10/12/2014,12:35:00,907.0
10/12/2014,12:40:00,907.0
10/12/2014,12:45:00,909.0
10/12/2014,12:50:00,908.05
10/12/2014,12:55:00,908.9
10/12/2014,13:00:00,909.4
10/12/2014,13:05:00,906.7
10/12/2014,13:10:00,906.6
10/12/2014,13:15:00,906.7
10/12/2014,13:20:00,908.15
10/12/2014,13:25:00,906.8
10/12/2014,13:30:00,906.6
10/12/2014,13:35:00,908.75
10/12/2014,13:40:00,908.0
10/12/2014,13:45:00,909.5
10/12/2014,13:50:00,908.9
10/12/2014,13:55:00,909.45
10/12/2014,14:00:00,909.5
10/12/2014,14:05:00,909.4
10/12/2014,14:10:00,910.35
10/12/2014,14:15:00,911.1
10/12/2014,14:20:00,910.8
10/12/2014,14:25:00,911.5
10/12/2014,14:30:00,910.0
10/12/2014,14:35:00,903.8
10/12/2014,14:40:00,906.35
10/12/2014,14:45:00,907.65
10/12/2014,14:50:00,906.0
10/12/2014,14:55:00,907.7
10/12/2014,15:00:00,907.45
10/12/2014,15:05:00,907.85
10/12/2014,15:10:00,909.0
10/12/2014,15:15:00,910.3
10/12/2014,15:20:00,912.55
10/12/2014,15:25:00,912.25
10/12/2014,15:30:00,912.0
11/12/2014,09:20:00,904.3
11/12/2014,09:25:00,903.5
11/12/2014,09:30:00,901.0
11/12/2014,09:35:00,891.35
11/12/2014,09:40:00,888.0
11/12/2014,09:45:00,893.65
11/12/2014,09:50:00,896.0
11/12/2014,09:55:00,895.45
11/12/2014,10:00:00,892.55
11/12/2014,10:05:00,894.55
11/12/2014,10:10:00,896.25
11/12/2014,10:15:00,906.05
11/12/2014,10:20:00,904.35
11/12/2014,10:25:00,901.75
11/12/2014,10:30:00,908.5
11/12/2014,10:35:00,906.4
11/12/2014,10:40:00,906.5
11/12/2014,10:45:00,904.9
11/12/2014,10:50:00,905.15
11/12/2014,10:55:00,906.45
11/12/2014,11:00:00,901.55
11/12/2014,11:05:00,903.0
11/12/2014,11:10:00,902.55
11/12/2014,11:15:00,898.9
11/12/2014,11:20:00,899.0
11/12/2014,11:25:00,899.45
11/12/2014,11:30:00,900.65
11/12/2014,11:35:00,899.5
11/12/2014,11:40:00,901.0
11/12/2014,11:45:00,900.0
11/12/2014,11:50:00,898.55
11/12/2014,11:55:00,898.55
11/12/2014,12:00:00,899.3
11/12/2014,12:05:00,898.15
11/12/2014,12:10:00,900.2
11/12/2014,12:15:00,904.0
11/12/2014,12:20:00,906.45
11/12/2014,12:25:00,907.95
11/12/2014,12:30:00,907.7
11/12/2014,12:35:00,907.3
11/12/2014,12:40:00,905.55
11/12/2014,12:45:00,905.0
11/12/2014,12:50:00,904.15
11/12/2014,12:55:00,905.25
11/12/2014,13:00:00,905.2
11/12/2014,13:05:00,904.65
11/12/2014,13:10:00,904.8
11/12/2014,13:15:00,908.4
11/12/2014,13:20:00,918.85
11/12/2014,13:25:00,913.95
11/12/2014,13:30:00,915.2
11/12/2014,13:35:00,915.0
11/12/2014,13:40:00,915.75
11/12/2014,13:45:00,922.5
11/12/2014,13:50:00,918.9
11/12/2014,13:55:00,921.45
11/12/2014,14:00:00,920.1
11/12/2014,14:05:00,923.45
11/12/2014,14:10:00,932.6
11/12/2014,14:15:00,948.75
11/12/2014,14:20:00,945.85
11/12/2014,14:25:00,945.5
11/12/2014,14:30:00,941.55
11/12/2014,14:35:00,938.55
11/12/2014,14:40:00,934.7
11/12/2014,14:45:00,937.0
11/12/2014,14:50:00,939.15
11/12/2014,14:55:00,937.0
11/12/2014,15:00:00,940.6
11/12/2014,15:05:00,940.95
11/12/2014,15:10:00,944.85
11/12/2014,15:15:00,943.65
11/12/2014,15:20:00,940.95
11/12/2014,15:25:00,942.75
11/12/2014,15:30:00,942.3
12/12/2014,09:20:00,961.35
12/12/2014,09:25:00,959.5
12/12/2014,09:30:00,960.0
12/12/2014,09:35:00,959.7
12/12/2014,09:40:00,955.2
12/12/2014,09:45:00,956.0
12/12/2014,09:50:00,951.95
12/12/2014,09:55:00,954.65
12/12/2014,10:00:00,959.4
12/12/2014,10:05:00,958.2
12/12/2014,10:10:00,957.3
12/12/2014,10:15:00,957.7
12/12/2014,10:20:00,957.0
12/12/2014,10:25:00,957.05
12/12/2014,10:30:00,956.7
12/12/2014,10:35:00,956.75
12/12/2014,10:40:00,956.55
12/12/2014,10:45:00,956.65
12/12/2014,10:50:00,954.25
12/12/2014,10:55:00,954.75
12/12/2014,11:00:00,955.45
12/12/2014,11:05:00,956.7
12/12/2014,11:10:00,956.0
12/12/2014,11:15:00,951.55
12/12/2014,11:20:00,950.25
12/12/2014,11:25:00,951.95
12/12/2014,11:30:00,952.0
12/12/2014,11:35:00,940.85
12/12/2014,11:40:00,936.25
12/12/2014,11:45:00,938.85
12/12/2014,11:50:00,937.1
12/12/2014,11:55:00,940.95
12/12/2014,12:00:00,940.95
12/12/2014,12:05:00,939.3
12/12/2014,12:10:00,940.95
12/12/2014,12:15:00,944.6
12/12/2014,12:20:00,944.0
12/12/2014,12:25:00,943.95
12/12/2014,12:30:00,944.0
12/12/2014,12:35:00,942.05
12/12/2014,12:40:00,942.85
12/12/2014,12:45:00,943.8
12/12/2014,12:50:00,944.25
12/12/2014,12:55:00,945.95
12/12/2014,13:00:00,945.0
12/12/2014,13:05:00,945.0
12/12/2014,13:10:00,944.15
12/12/2014,13:15:00,941.6
12/12/2014,13:20:00,941.5
12/12/2014,13:25:00,941.65
12/12/2014,13:30:00,941.2
12/12/2014,13:35:00,939.5
12/12/2014,13:40:00,942.5
12/12/2014,13:45:00,945.0
12/12/2014,13:50:00,944.05
12/12/2014,13:55:00,940.0
12/12/2014,14:00:00,940.95
12/12/2014,14:05:00,939.5
12/12/2014,14:10:00,937.2
12/12/2014,14:15:00,939.2
12/12/2014,14:20:00,941.35
12/12/2014,14:25:00,937.55
12/12/2014,14:30:00,935.35
12/12/2014,14:35:00,939.0
12/12/2014,14:40:00,927.95
12/12/2014,14:45:00,925.0
12/12/2014,14:50:00,915.2
12/12/2014,14:55:00,923.45
12/12/2014,15:00:00,927.3
12/12/2014,15:05:00,918.25
12/12/2014,15:10:00,920.55
12/12/2014,15:15:00,923.0
12/12/2014,15:20:00,923.95
12/12/2014,15:25:00,929.65
12/12/2014,15:30:00,927.8
15/12/2014,09:20:00,921.5
15/12/2014,09:25:00,920.5
15/12/2014,09:30:00,921.95
15/12/2014,09:35:00,920.75
15/12/2014,09:40:00,933.5
15/12/2014,09:45:00,929.35
15/12/2014,09:50:00,931.1
15/12/2014,09:55:00,931.05
15/12/2014,10:00:00,928.85
15/12/2014,10:05:00,928.5
15/12/2014,10:10:00,928.0
15/12/2014,10:15:00,927.85
15/12/2014,10:20:00,925.1
15/12/2014,10:25:00,925.1
15/12/2014,10:30:00,924.25
15/12/2014,10:35:00,923.2
15/12/2014,10:40:00,924.25
15/12/2014,10:45:00,922.45
15/12/2014,10:50:00,924.0
15/12/2014,10:55:00,923.1
15/12/2014,11:00:00,923.45
15/12/2014,11:05:00,924.0
15/12/2014,11:10:00,922.65
15/12/2014,11:15:00,922.0
15/12/2014,11:20:00,920.65
15/12/2014,11:25:00,917.65
15/12/2014,11:30:00,915.05
15/12/2014,11:35:00,920.8
15/12/2014,11:40:00,920.0
15/12/2014,11:45:00,925.1
15/12/2014,11:50:00,925.15
15/12/2014,11:55:00,924.7
15/12/2014,12:00:00,924.1
15/12/2014,12:05:00,924.25
15/12/2014,12:10:00,924.65
15/12/2014,12:15:00,926.0
15/12/2014,12:20:00,921.0
15/12/2014,12:25:00,922.5
15/12/2014,12:30:00,922.0
15/12/2014,12:35:00,922.6
15/12/2014,12:40:00,921.0
15/12/2014,12:45:00,920.7
15/12/2014,12:50:00,921.45
15/12/2014,12:55:00,920.95
15/12/2014,13:00:00,922.5
15/12/2014,13:05:00,921.35
15/12/2014,13:10:00,922.1
15/12/2014,13:15:00,921.3
15/12/2014,13:20:00,921.65
15/12/2014,13:25:00,921.65
15/12/2014,13:30:00,923.0
15/12/2014,13:35:00,923.75
15/12/2014,13:40:00,924.7
15/12/2014,13:45:00,924.0
15/12/2014,13:50:00,923.3
15/12/2014,13:55:00,925.0
15/12/2014,14:00:00,924.75
15/12/2014,14:05:00,928.5
15/12/2014,14:10:00,925.9
15/12/2014,14:15:00,923.9
15/12/2014,14:20:00,921.7
15/12/2014,14:25:00,922.7
15/12/2014,14:30:00,924.4
15/12/2014,14:35:00,923.5
15/12/2014,14:40:00,921.7
15/12/2014,14:45:00,921.25
15/12/2014,14:50:00,924.0
15/12/2014,14:55:00,924.0
15/12/2014,15:00:00,922.35
15/12/2014,15:05:00,922.0
15/12/2014,15:10:00,921.85
15/12/2014,15:15:00,923.0
15/12/2014,15:20:00,923.0
15/12/2014,15:25:00,923.7
15/12/2014,15:30:00,920.4
16/12/2014,09:20:00,917.35
16/12/2014,09:25:00,917.65
16/12/2014,09:30:00,913.2
16/12/2014,09:35:00,907.5
16/12/2014,09:40:00,903.9
16/12/2014,09:45:00,901.0
16/12/2014,09:50:00,903.25
16/12/2014,09:55:00,904.0
16/12/2014,10:00:00,904.35
16/12/2014,10:05:00,905.5
16/12/2014,10:10:00,904.6
16/12/2014,10:15:00,904.0
16/12/2014,10:20:00,900.9
16/12/2014,10:25:00,901.4
16/12/2014,10:30:00,901.5
16/12/2014,10:35:00,900.85
16/12/2014,10:40:00,893.05
16/12/2014,10:45:00,889.65
16/12/2014,10:50:00,890.65
16/12/2014,10:55:00,892.95
16/12/2014,11:00:00,890.1
16/12/2014,11:05:00,891.45
16/12/2014,11:10:00,886.85
16/12/2014,11:15:00,883.0
16/12/2014,11:20:00,883.05
16/12/2014,11:25:00,883.8
16/12/2014,11:30:00,883.2
16/12/2014,11:35:00,889.0
16/12/2014,11:40:00,894.95
16/12/2014,11:45:00,895.1
16/12/2014,11:50:00,896.0
16/12/2014,11:55:00,897.95
16/12/2014,12:00:00,897.15
16/12/2014,12:05:00,896.65
16/12/2014,12:10:00,895.65
16/12/2014,12:15:00,897.0
16/12/2014,12:20:00,904.5
16/12/2014,12:25:00,917.25
16/12/2014,12:30:00,920.15
16/12/2014,12:35:00,909.65
16/12/2014,12:40:00,908.0
16/12/2014,12:45:00,907.9
16/12/2014,12:50:00,906.45
16/12/2014,12:55:00,905.75
16/12/2014,13:00:00,902.0
16/12/2014,13:05:00,896.9
16/12/2014,13:10:00,902.5
16/12/2014,13:15:00,903.15
16/12/2014,13:20:00,908.5
16/12/2014,13:25:00,907.25
16/12/2014,13:30:00,906.35
16/12/2014,13:35:00,910.7
16/12/2014,13:40:00,909.55
16/12/2014,13:45:00,908.6
16/12/2014,13:50:00,906.5
16/12/2014,13:55:00,902.25
16/12/2014,14:00:00,902.0
16/12/2014,14:05:00,900.5
16/12/2014,14:10:00,897.0
16/12/2014,14:15:00,897.0
16/12/2014,14:20:00,898.0
16/12/2014,14:25:00,897.2
16/12/2014,14:30:00,897.1
16/12/2014,14:35:00,897.45
16/12/2014,14:40:00,897.25
16/12/2014,14:45:00,897.4
16/12/2014,14:50:00,898.0
16/12/2014,14:55:00,900.2
16/12/2014,15:00:00,897.0
16/12/2014,15:05:00,897.05
16/12/2014,15:10:00,895.8
16/12/2014,15:15:00,890.0
16/12/2014,15:20:00,885.9
16/12/2014,15:25:00,887.15
16/12/2014,15:30:00,893.3
17/12/2014,09:20:00,905.0
17/12/2014,09:25:00,896.15
17/12/2014,09:30:00,891.2
17/12/2014,09:35:00,876.7
17/12/2014,09:40:00,869.6
17/12/2014,09:45:00,861.5
17/12/2014,09:50:00,868.55
17/12/2014,09:55:00,858.7
17/12/2014,10:00:00,857.15
17/12/2014,10:05:00,852.65
17/12/2014,10:10:00,843.15
17/12/2014,10:15:00,841.55
17/12/2014,10:20:00,838.0
17/12/2014,10:25:00,845.95
17/12/2014,10:30:00,848.0
17/12/2014,10:35:00,855.0
17/12/2014,10:40:00,855.15
17/12/2014,10:45:00,866.0
17/12/2014,10:50:00,867.0
17/12/2014,10:55:00,865.5
17/12/2014,11:00:00,871.6
17/12/2014,11:05:00,870.3
17/12/2014,11:10:00,874.3
17/12/2014,11:15:00,877.75
17/12/2014,11:20:00,875.7
17/12/2014,11:25:00,881.8
17/12/2014,11:30:00,880.2
17/12/2014,11:35:00,881.1
17/12/2014,11:40:00,880.5
17/12/2014,11:45:00,882.15
17/12/2014,11:50:00,893.1
17/12/2014,11:55:00,892.55
17/12/2014,12:00:00,893.5
17/12/2014,12:05:00,891.35
17/12/2014,12:10:00,898.55
17/12/2014,12:15:00,891.8
17/12/2014,12:20:00,892.0
17/12/2014,12:25:00,892.75
17/12/2014,12:30:00,882.65
17/12/2014,12:35:00,887.4
17/12/2014,12:40:00,889.95
17/12/2014,12:45:00,889.25
17/12/2014,12:50:00,888.95
17/12/2014,12:55:00,882.6
17/12/2014,13:00:00,883.75
17/12/2014,13:05:00,889.0
17/12/2014,13:10:00,889.75
17/12/2014,13:15:00,889.5
17/12/2014,13:20:00,890.0
17/12/2014,13:25:00,893.95
17/12/2014,13:30:00,895.9
17/12/2014,13:35:00,893.0
17/12/2014,13:40:00,891.3
17/12/2014,13:45:00,892.0
17/12/2014,13:50:00,891.05
17/12/2014,13:55:00,888.45
17/12/2014,14:00:00,888.0
17/12/2014,14:05:00,888.55
17/12/2014,14:10:00,889.5
17/12/2014,14:15:00,887.3
17/12/2014,14:20:00,891.15
17/12/2014,14:25:00,889.0
17/12/2014,14:30:00,893.3
17/12/2014,14:35:00,890.75
17/12/2014,14:40:00,887.95
17/12/2014,14:45:00,888.3
17/12/2014,14:50:00,888.45
17/12/2014,14:55:00,889.35
17/12/2014,15:00:00,889.05
17/12/2014,15:05:00,879.1
17/12/2014,15:10:00,879.3
17/12/2014,15:15:00,872.8
17/12/2014,15:20:00,869.25
17/12/2014,15:25:00,868.5
17/12/2014,15:30:00,868.85
18/12/2014,09:20:00,892.05
18/12/2014,09:25:00,894.0
18/12/2014,09:30:00,893.0
18/12/2014,09:35:00,884.1
18/12/2014,09:40:00,888.3
18/12/2014,09:45:00,886.05
18/12/2014,09:50:00,884.7
18/12/2014,09:55:00,884.4
18/12/2014,10:00:00,885.25
18/12/2014,10:05:00,886.65
18/12/2014,10:10:00,884.1
18/12/2014,10:15:00,882.65
18/12/2014,10:20:00,882.85
18/12/2014,10:25:00,884.0
18/12/2014,10:30:00,884.0
18/12/2014,10:35:00,879.15
18/12/2014,10:40:00,876.0
18/12/2014,10:45:00,876.0
18/12/2014,10:50:00,876.55
18/12/2014,10:55:00,875.9
18/12/2014,11:00:00,868.0
18/12/2014,11:05:00,864.2
18/12/2014,11:10:00,863.95
18/12/2014,11:15:00,858.25
18/12/2014,11:20:00,862.7
18/12/2014,11:25:00,863.75
18/12/2014,11:30:00,867.0
18/12/2014,11:35:00,868.0
18/12/2014,11:40:00,871.1
18/12/2014,11:45:00,870.0
18/12/2014,11:50:00,869.9
18/12/2014,11:55:00,871.9
18/12/2014,12:00:00,873.05
18/12/2014,12:05:00,870.2
18/12/2014,12:10:00,870.9
18/12/2014,12:15:00,869.0
18/12/2014,12:20:00,870.55
18/12/2014,12:25:00,878.05
18/12/2014,12:30:00,877.5
18/12/2014,12:35:00,875.5
18/12/2014,12:40:00,871.0
18/12/2014,12:45:00,871.2
18/12/2014,12:50:00,874.85
18/12/2014,12:55:00,873.0
18/12/2014,13:00:00,870.95
18/12/2014,13:05:00,871.2
18/12/2014,13:10:00,872.5
18/12/2014,13:15:00,875.65
18/12/2014,13:20:00,875.0
18/12/2014,13:25:00,876.0
18/12/2014,13:30:00,877.0
18/12/2014,13:35:00,881.9
18/12/2014,13:40:00,879.9
18/12/2014,13:45:00,879.5
18/12/2014,13:50:00,880.75
18/12/2014,13:55:00,876.45
18/12/2014,14:00:00,875.0
18/12/2014,14:05:00,877.0
18/12/2014,14:10:00,875.4
18/12/2014,14:15:00,870.2
18/12/2014,14:20:00,874.3
18/12/2014,14:25:00,872.4
18/12/2014,14:30:00,875.75
18/12/2014,14:35:00,881.8
18/12/2014,14:40:00,883.1
18/12/2014,14:45:00,884.5
18/12/2014,14:50:00,887.0
18/12/2014,14:55:00,884.85
18/12/2014,15:00:00,884.55
18/12/2014,15:05:00,885.0
18/12/2014,15:10:00,883.0
18/12/2014,15:15:00,882.7
18/12/2014,15:20:00,884.0
18/12/2014,15:25:00,882.1
18/12/2014,15:30:00,882.0
19/12/2014,09:20:00,890.9
19/12/2014,09:25:00,896.35
19/12/2014,09:30:00,904.95
19/12/2014,09:35:00,904.0
19/12/2014,09:40:00,901.0
19/12/2014,09:45:00,901.25
19/12/2014,09:50:00,898.9
19/12/2014,09:55:00,894.0
19/12/2014,10:00:00,894.0
19/12/2014,10:05:00,893.25
19/12/2014,10:10:00,893.0
19/12/2014,10:15:00,891.5
19/12/2014,10:20:00,891.0
19/12/2014,10:25:00,891.4
19/12/2014,10:30:00,892.7
19/12/2014,10:35:00,893.25
19/12/2014,10:40:00,894.0
19/12/2014,10:45:00,894.8
19/12/2014,10:50:00,896.35
19/12/2014,10:55:00,898.2
19/12/2014,11:00:00,898.8
19/12/2014,11:05:00,902.0
19/12/2014,11:10:00,901.25
19/12/2014,11:15:00,901.65
19/12/2014,11:20:00,899.05
19/12/2014,11:25:00,897.35
19/12/2014,11:30:00,896.0
19/12/2014,11:35:00,899.0
19/12/2014,11:40:00,899.65
19/12/2014,11:45:00,896.9
19/12/2014,11:50:00,896.15
19/12/2014,11:55:00,897.7
19/12/2014,12:00:00,897.6
19/12/2014,12:05:00,896.95
19/12/2014,12:10:00,897.3
19/12/2014,12:15:00,897.95
19/12/2014,12:20:00,900.0
19/12/2014,12:25:00,899.9
19/12/2014,12:30:00,902.0
19/12/2014,12:35:00,900.45
19/12/2014,12:40:00,898.45
19/12/2014,12:45:00,897.05
19/12/2014,12:50:00,897.65
19/12/2014,12:55:00,899.0
19/12/2014,13:00:00,901.0
19/12/2014,13:05:00,901.0
19/12/2014,13:10:00,900.75
19/12/2014,13:15:00,898.05
19/12/2014,13:20:00,899.35
19/12/2014,13:25:00,899.15
19/12/2014,13:30:00,899.5
19/12/2014,13:35:00,898.35
19/12/2014,13:40:00,897.75
19/12/2014,13:45:00,895.55
19/12/2014,13:50:00,896.4
19/12/2014,13:55:00,895.55
19/12/2014,14:00:00,894.0
19/12/2014,14:05:00,895.55
19/12/2014,14:10:00,894.85
19/12/2014,14:15:00,895.15
19/12/2014,14:20:00,896.1
19/12/2014,14:25:00,894.95
19/12/2014,14:30:00,895.4
19/12/2014,14:35:00,899.05
19/12/2014,14:40:00,898.05
19/12/2014,14:45:00,898.5
19/12/2014,14:50:00,899.0
19/12/2014,14:55:00,900.0
19/12/2014,15:00:00,899.45
19/12/2014,15:05:00,899.55
19/12/2014,15:10:00,900.0
19/12/2014,15:15:00,893.0
19/12/2014,15:20:00,892.4
19/12/2014,15:25:00,895.2
19/12/2014,15:30:00,898.55
22/12/2014,09:20:00,898.65
22/12/2014,09:25:00,898.0
22/12/2014,09:30:00,903.45
22/12/2014,09:35:00,904.25
22/12/2014,09:40:00,904.9
22/12/2014,09:45:00,918.95
22/12/2014,09:50:00,917.25
22/12/2014,09:55:00,918.7
22/12/2014,10:00:00,917.9
22/12/2014,10:05:00,914.1
22/12/2014,10:10:00,913.55
22/12/2014,10:15:00,915.25
22/12/2014,10:20:00,918.05
22/12/2014,10:25:00,919.0
22/12/2014,10:30:00,917.6
22/12/2014,10:35:00,918.95
22/12/2014,10:40:00,918.0
22/12/2014,10:45:00,918.35
22/12/2014,10:50:00,917.1
22/12/2014,10:55:00,916.35
22/12/2014,11:00:00,914.75
22/12/2014,11:05:00,914.35
22/12/2014,11:10:00,914.75
22/12/2014,11:15:00,915.9
22/12/2014,11:20:00,915.6
22/12/2014,11:25:00,914.85
22/12/2014,11:30:00,915.0
22/12/2014,11:35:00,915.0
22/12/2014,11:40:00,914.05
22/12/2014,11:45:00,914.15
22/12/2014,11:50:00,913.3
22/12/2014,11:55:00,913.75
22/12/2014,12:00:00,913.5
22/12/2014,12:05:00,913.5
22/12/2014,12:10:00,913.35
22/12/2014,12:15:00,912.35
22/12/2014,12:20:00,909.5
22/12/2014,12:25:00,907.25
22/12/2014,12:30:00,908.95
22/12/2014,12:35:00,909.8
22/12/2014,12:40:00,909.9
22/12/2014,12:45:00,909.55
22/12/2014,12:50:00,911.1
22/12/2014,12:55:00,912.0
22/12/2014,13:00:00,909.8
22/12/2014,13:05:00,909.8
22/12/2014,13:10:00,911.6
22/12/2014,13:15:00,911.65
22/12/2014,13:20:00,909.3
22/12/2014,13:25:00,910.35
22/12/2014,13:30:00,910.3
22/12/2014,13:35:00,910.7
22/12/2014,13:40:00,911.1
22/12/2014,13:45:00,911.6
22/12/2014,13:50:00,914.5
22/12/2014,13:55:00,913.3
22/12/2014,14:00:00,913.95
22/12/2014,14:05:00,913.75
22/12/2014,14:10:00,913.95
22/12/2014,14:15:00,913.35
22/12/2014,14:20:00,914.05
22/12/2014,14:25:00,913.5
22/12/2014,14:30:00,914.75
22/12/2014,14:35:00,914.5
22/12/2014,14:40:00,916.9
22/12/2014,14:45:00,916.25
22/12/2014,14:50:00,914.9
22/12/2014,14:55:00,914.7
22/12/2014,15:00:00,914.3
22/12/2014,15:05:00,914.25
22/12/2014,15:10:00,910.9
22/12/2014,15:15:00,913.0
22/12/2014,15:20:00,914.9
22/12/2014,15:25:00,912.9
22/12/2014,15:30:00,913.05
23/12/2014,09:20:00,915.35
23/12/2014,09:25:00,919.0
23/12/2014,09:30:00,920.0
23/12/2014,09:35:00,922.2
23/12/2014,09:40:00,919.1
23/12/2014,09:45:00,921.45
23/12/2014,09:50:00,916.55
23/12/2014,09:55:00,919.3
23/12/2014,10:00:00,917.4
23/12/2014,10:05:00,918.05
23/12/2014,10:10:00,918.9
23/12/2014,10:15:00,919.3
23/12/2014,10:20:00,917.9
23/12/2014,10:25:00,916.75
23/12/2014,10:30:00,918.25
23/12/2014,10:35:00,921.8
23/12/2014,10:40:00,923.8
23/12/2014,10:45:00,926.2
23/12/2014,10:50:00,925.2
23/12/2014,10:55:00,925.6
23/12/2014,11:00:00,928.35
23/12/2014,11:05:00,927.5
23/12/2014,11:10:00,926.4
23/12/2014,11:15:00,926.05
23/12/2014,11:20:00,925.8
23/12/2014,11:25:00,926.25
23/12/2014,11:30:00,926.7
23/12/2014,11:35:00,925.85
23/12/2014,11:40:00,925.0
23/12/2014,11:45:00,921.25
23/12/2014,11:50:00,924.0
23/12/2014,11:55:00,922.75
23/12/2014,12:00:00,923.0
23/12/2014,12:05:00,922.5
23/12/2014,12:10:00,922.2
23/12/2014,12:15:00,918.3
23/12/2014,12:20:00,918.35
23/12/2014,12:25:00,913.0
23/12/2014,12:30:00,908.0
23/12/2014,12:35:00,906.0
23/12/2014,12:40:00,906.95
23/12/2014,12:45:00,908.55
23/12/2014,12:50:00,905.7
23/12/2014,12:55:00,912.0
23/12/2014,13:00:00,913.95
23/12/2014,13:05:00,913.45
23/12/2014,13:10:00,913.0
23/12/2014,13:15:00,910.55
23/12/2014,13:20:00,911.65
23/12/2014,13:25:00,914.0
23/12/2014,13:30:00,916.55
23/12/2014,13:35:00,915.0
23/12/2014,13:40:00,915.85
23/12/2014,13:45:00,915.0
23/12/2014,13:50:00,914.2
23/12/2014,13:55:00,915.25
23/12/2014,14:00:00,915.0
23/12/2014,14:05:00,915.05
23/12/2014,14:10:00,915.95
23/12/2014,14:15:00,914.7
23/12/2014,14:20:00,913.0
23/12/2014,14:25:00,914.25
23/12/2014,14:30:00,913.8
23/12/2014,14:35:00,916.15
23/12/2014,14:40:00,917.15
23/12/2014,14:45:00,921.5
23/12/2014,14:50:00,921.0
23/12/2014,14:55:00,919.3
23/12/2014,15:00:00,918.65
23/12/2014,15:05:00,917.75
23/12/2014,15:10:00,916.5
23/12/2014,15:15:00,916.0
23/12/2014,15:20:00,914.75
23/12/2014,15:25:00,915.7
23/12/2014,15:30:00,916.85
24/12/2014,09:20:00,918.5
24/12/2014,09:25:00,926.85
24/12/2014,09:30:00,926.0
24/12/2014,09:35:00,925.8
24/12/2014,09:40:00,925.15
24/12/2014,09:45:00,924.0
24/12/2014,09:50:00,921.0
24/12/2014,09:55:00,919.2
24/12/2014,10:00:00,923.0
24/12/2014,10:05:00,923.5
24/12/2014,10:10:00,922.6
24/12/2014,10:15:00,923.0
24/12/2014,10:20:00,921.7
24/12/2014,10:25:00,921.8
24/12/2014,10:30:00,918.5
24/12/2014,10:35:00,920.85
24/12/2014,10:40:00,921.0
24/12/2014,10:45:00,921.75
24/12/2014,10:50:00,925.6
24/12/2014,10:55:00,924.0
24/12/2014,11:00:00,924.8
24/12/2014,11:05:00,922.05
24/12/2014,11:10:00,922.35
24/12/2014,11:15:00,921.65
24/12/2014,11:20:00,920.95
24/12/2014,11:25:00,919.85
24/12/2014,11:30:00,920.2
24/12/2014,11:35:00,923.5
24/12/2014,11:40:00,921.5
24/12/2014,11:45:00,922.05
24/12/2014,11:50:00,920.0
24/12/2014,11:55:00,920.75
24/12/2014,12:00:00,919.1
24/12/2014,12:05:00,917.5
24/12/2014,12:10:00,919.5
24/12/2014,12:15:00,919.0
24/12/2014,12:20:00,920.0
24/12/2014,12:25:00,919.1
24/12/2014,12:30:00,920.5
24/12/2014,12:35:00,919.1
24/12/2014,12:40:00,921.5
24/12/2014,12:45:00,920.05
24/12/2014,12:50:00,920.0
24/12/2014,12:55:00,920.7
24/12/2014,13:00:00,922.0
24/12/2014,13:05:00,921.15
24/12/2014,13:10:00,921.7
24/12/2014,13:15:00,921.75
24/12/2014,13:20:00,919.15
24/12/2014,13:25:00,919.0
24/12/2014,13:30:00,918.0
24/12/2014,13:35:00,919.75
24/12/2014,13:40:00,919.8
24/12/2014,13:45:00,919.0
24/12/2014,13:50:00,919.9
24/12/2014,13:55:00,921.85
24/12/2014,14:00:00,921.95
24/12/2014,14:05:00,921.0
24/12/2014,14:10:00,920.65
24/12/2014,14:15:00,921.3
24/12/2014,14:20:00,921.75
24/12/2014,14:25:00,919.1
24/12/2014,14:30:00,920.0
24/12/2014,14:35:00,920.05
24/12/2014,14:40:00,920.4
24/12/2014,14:45:00,920.55
24/12/2014,14:50:00,920.6
24/12/2014,14:55:00,918.0
24/12/2014,15:00:00,910.0
24/12/2014,15:05:00,902.15
24/12/2014,15:10:00,900.25
24/12/2014,15:15:00,894.75
24/12/2014,15:20:00,895.45
24/12/2014,15:25:00,898.95
24/12/2014,15:30:00,901.55
26/12/2014,09:20:00,912.25
26/12/2014,09:25:00,915.0
26/12/2014,09:30:00,912.25
26/12/2014,09:35:00,913.1
26/12/2014,09:40:00,908.05
26/12/2014,09:45:00,903.5
26/12/2014,09:50:00,906.2
26/12/2014,09:55:00,910.45
26/12/2014,10:00:00,912.0
26/12/2014,10:05:00,912.0
26/12/2014,10:10:00,911.55
26/12/2014,10:15:00,910.5
26/12/2014,10:20:00,910.55
26/12/2014,10:25:00,910.7
26/12/2014,10:30:00,910.9
26/12/2014,10:35:00,910.55
26/12/2014,10:40:00,913.6
26/12/2014,10:45:00,912.65
26/12/2014,10:50:00,912.5
26/12/2014,10:55:00,911.65
26/12/2014,11:00:00,911.05
26/12/2014,11:05:00,911.65
26/12/2014,11:10:00,913.8
26/12/2014,11:15:00,911.25
26/12/2014,11:20:00,912.0
26/12/2014,11:25:00,911.0
26/12/2014,11:30:00,909.1
26/12/2014,11:35:00,909.95
26/12/2014,11:40:00,909.5
26/12/2014,11:45:00,908.0
26/12/2014,11:50:00,908.2
26/12/2014,11:55:00,909.85
26/12/2014,12:00:00,911.0
26/12/2014,12:05:00,911.6
26/12/2014,12:10:00,911.15
26/12/2014,12:15:00,912.15
26/12/2014,12:20:00,911.5
26/12/2014,12:25:00,912.7
26/12/2014,12:30:00,912.85
26/12/2014,12:35:00,912.55
26/12/2014,12:40:00,912.0
26/12/2014,12:45:00,912.1
26/12/2014,12:50:00,911.95
26/12/2014,12:55:00,912.25
26/12/2014,13:00:00,912.0
26/12/2014,13:05:00,911.95
26/12/2014,13:10:00,912.0
26/12/2014,13:15:00,910.3
26/12/2014,13:20:00,909.15
26/12/2014,13:25:00,900.05
26/12/2014,13:30:00,904.1
26/12/2014,13:35:00,904.75
26/12/2014,13:40:00,904.9
26/12/2014,13:45:00,905.0
26/12/2014,13:50:00,908.55
26/12/2014,13:55:00,908.7
26/12/2014,14:00:00,906.45
26/12/2014,14:05:00,906.0
26/12/2014,14:10:00,906.6
26/12/2014,14:15:00,910.45
26/12/2014,14:20:00,907.9
26/12/2014,14:25:00,907.8
26/12/2014,14:30:00,907.0
26/12/2014,14:35:00,906.0
26/12/2014,14:40:00,906.35
26/12/2014,14:45:00,906.9
26/12/2014,14:50:00,906.5
26/12/2014,14:55:00,905.35
26/12/2014,15:00:00,906.3
26/12/2014,15:05:00,908.4
26/12/2014,15:10:00,909.25
26/12/2014,15:15:00,909.0
26/12/2014,15:20:00,907.05
26/12/2014,15:25:00,908.0
26/12/2014,15:30:00,912.0
29/12/2014,09:20:00,912.0
29/12/2014,09:25:00,912.0
29/12/2014,09:30:00,912.2
29/12/2014,09:35:00,911.95
29/12/2014,09:40:00,916.35
29/12/2014,09:45:00,916.0
29/12/2014,09:50:00,915.8
29/12/2014,09:55:00,913.0
29/12/2014,10:00:00,913.15
29/12/2014,10:05:00,913.8
29/12/2014,10:10:00,911.35
29/12/2014,10:15:00,911.5
29/12/2014,10:20:00,911.5
29/12/2014,10:25:00,915.2
29/12/2014,10:30:00,913.55
29/12/2014,10:35:00,913.45
29/12/2014,10:40:00,914.4
29/12/2014,10:45:00,913.75
29/12/2014,10:50:00,916.25
29/12/2014,10:55:00,916.0
29/12/2014,11:00:00,916.5
29/12/2014,11:05:00,916.2
29/12/2014,11:10:00,917.35
29/12/2014,11:15:00,916.85
29/12/2014,11:20:00,917.0
29/12/2014,11:25:00,916.9
29/12/2014,11:30:00,916.3
29/12/2014,11:35:00,914.2
29/12/2014,11:40:00,915.55
29/12/2014,11:45:00,914.35
29/12/2014,11:50:00,915.55
29/12/2014,11:55:00,915.75
29/12/2014,12:00:00,915.7
29/12/2014,12:05:00,914.3
29/12/2014,12:10:00,914.2
29/12/2014,12:15:00,914.4
29/12/2014,12:20:00,914.05
29/12/2014,12:25:00,914.3
29/12/2014,12:30:00,913.85
29/12/2014,12:35:00,914.7
29/12/2014,12:40:00,914.65
29/12/2014,12:45:00,914.25
29/12/2014,12:50:00,913.9
29/12/2014,12:55:00,914.0
29/12/2014,13:00:00,913.55
29/12/2014,13:05:00,913.1
29/12/2014,13:10:00,913.9
29/12/2014,13:15:00,914.5
29/12/2014,13:20:00,914.1
29/12/2014,13:25:00,913.35
29/12/2014,13:30:00,915.3
29/12/2014,13:35:00,913.85
29/12/2014,13:40:00,915.0
29/12/2014,13:45:00,914.55
29/12/2014,13:50:00,914.15
29/12/2014,13:55:00,914.4
29/12/2014,14:00:00,914.5
29/12/2014,14:05:00,913.7
29/12/2014,14:10:00,911.65
29/12/2014,14:15:00,912.45
29/12/2014,14:20:00,912.25
29/12/2014,14:25:00,914.8
29/12/2014,14:30:00,914.25
29/12/2014,14:35:00,913.25
29/12/2014,14:40:00,913.0
29/12/2014,14:45:00,916.15
29/12/2014,14:50:00,920.25
29/12/2014,14:55:00,917.0
29/12/2014,15:00:00,914.1
29/12/2014,15:05:00,915.0
29/12/2014,15:10:00,916.15
29/12/2014,15:15:00,915.45
29/12/2014,15:20:00,915.5
29/12/2014,15:25:00,915.0
29/12/2014,15:30:00,918.4
30/12/2014,09:20:00,914.0
30/12/2014,09:25:00,914.75
30/12/2014,09:30:00,920.6
30/12/2014,09:35:00,918.05
30/12/2014,09:40:00,920.0
30/12/2014,09:45:00,920.3
30/12/2014,09:50:00,918.5
30/12/2014,09:55:00,917.55
30/12/2014,10:00:00,915.6
30/12/2014,10:05:00,917.0
30/12/2014,10:10:00,917.05
30/12/2014,10:15:00,916.25
30/12/2014,10:20:00,916.75
30/12/2014,10:25:00,916.45
30/12/2014,10:30:00,916.25
30/12/2014,10:35:00,916.0
30/12/2014,10:40:00,916.15
30/12/2014,10:45:00,915.7
30/12/2014,10:50:00,916.15
30/12/2014,10:55:00,916.15
30/12/2014,11:00:00,915.75
30/12/2014,11:05:00,914.7
30/12/2014,11:10:00,913.9
30/12/2014,11:15:00,914.75
30/12/2014,11:20:00,915.9
30/12/2014,11:25:00,914.7
30/12/2014,11:30:00,914.4
30/12/2014,11:35:00,914.75
30/12/2014,11:40:00,916.2
30/12/2014,11:45:00,915.2
30/12/2014,11:50:00,915.2
30/12/2014,11:55:00,915.3
30/12/2014,12:00:00,914.75
30/12/2014,12:05:00,914.75
30/12/2014,12:10:00,914.3
30/12/2014,12:15:00,913.25
30/12/2014,12:20:00,911.25
30/12/2014,12:25:00,911.9
30/12/2014,12:30:00,914.3
30/12/2014,12:35:00,914.1
30/12/2014,12:40:00,913.2
30/12/2014,12:45:00,913.95
30/12/2014,12:50:00,913.65
30/12/2014,12:55:00,914.9
30/12/2014,13:00:00,914.3
30/12/2014,13:05:00,914.65
30/12/2014,13:10:00,915.45
30/12/2014,13:15:00,916.0
30/12/2014,13:20:00,915.65
30/12/2014,13:25:00,915.4
30/12/2014,13:30:00,914.8
30/12/2014,13:35:00,915.0
30/12/2014,13:40:00,914.1
30/12/2014,13:45:00,914.2
30/12/2014,13:50:00,913.45
30/12/2014,13:55:00,914.95
30/12/2014,14:00:00,914.75
30/12/2014,14:05:00,915.0
30/12/2014,14:10:00,915.0
30/12/2014,14:15:00,914.2
30/12/2014,14:20:00,914.6
30/12/2014,14:25:00,914.05
30/12/2014,14:30:00,914.0
30/12/2014,14:35:00,913.9
30/12/2014,14:40:00,913.3
30/12/2014,14:45:00,913.95
30/12/2014,14:50:00,914.8
30/12/2014,14:55:00,914.45
30/12/2014,15:00:00,913.6
30/12/2014,15:05:00,914.5
30/12/2014,15:10:00,915.2
30/12/2014,15:15:00,917.5
30/12/2014,15:20:00,916.55
30/12/2014,15:25:00,915.8
30/12/2014,15:30:00,915.6
31/12/2014,09:20:00,917.85
31/12/2014,09:25:00,918.8
31/12/2014,09:30:00,918.05
31/12/2014,09:35:00,917.0
31/12/2014,09:40:00,918.5
31/12/2014,09:45:00,918.4
31/12/2014,09:50:00,918.75
31/12/2014,09:55:00,917.5
31/12/2014,10:00:00,919.0
31/12/2014,10:05:00,919.4
31/12/2014,10:10:00,918.5
31/12/2014,10:15:00,918.4
31/12/2014,10:20:00,920.0
31/12/2014,10:25:00,920.55
31/12/2014,10:30:00,920.6
31/12/2014,10:35:00,919.1
31/12/2014,10:40:00,918.25
31/12/2014,10:45:00,918.5
31/12/2014,10:50:00,918.5
31/12/2014,10:55:00,919.0
31/12/2014,11:00:00,919.25
31/12/2014,11:05:00,918.25
31/12/2014,11:10:00,917.75
31/12/2014,11:15:00,917.5
31/12/2014,11:20:00,917.8
31/12/2014,11:25:00,917.0
31/12/2014,11:30:00,917.0
31/12/2014,11:35:00,917.8
31/12/2014,11:40:00,918.0
31/12/2014,11:45:00,917.35
31/12/2014,11:50:00,917.2
31/12/2014,11:55:00,917.5
31/12/2014,12:00:00,918.8
31/12/2014,12:05:00,918.65
31/12/2014,12:10:00,918.65
31/12/2014,12:15:00,918.0
31/12/2014,12:20:00,917.3
31/12/2014,12:25:00,918.05
31/12/2014,12:30:00,918.2
31/12/2014,12:35:00,917.55
31/12/2014,12:40:00,918.65
31/12/2014,12:45:00,919.0
31/12/2014,12:50:00,918.35
31/12/2014,12:55:00,917.95
31/12/2014,13:00:00,918.75
31/12/2014,13:05:00,918.65
31/12/2014,13:10:00,917.7
31/12/2014,13:15:00,918.65
31/12/2014,13:20:00,918.0
31/12/2014,13:25:00,917.85
31/12/2014,13:30:00,917.5
31/12/2014,13:35:00,917.3
31/12/2014,13:40:00,917.55
31/12/2014,13:45:00,917.75
31/12/2014,13:50:00,917.55
31/12/2014,13:55:00,918.95
31/12/2014,14:00:00,919.65
31/12/2014,14:05:00,924.0
31/12/2014,14:10:00,928.0
31/12/2014,14:15:00,938.85
31/12/2014,14:20:00,950.5
31/12/2014,14:25:00,945.0
31/12/2014,14:30:00,945.8
31/12/2014,14:35:00,947.85
31/12/2014,14:40:00,953.3
31/12/2014,14:45:00,954.2
31/12/2014,14:50:00,960.0
31/12/2014,14:55:00,957.2
31/12/2014,15:00:00,961.15
31/12/2014,15:05:00,958.55
31/12/2014,15:10:00,961.75
31/12/2014,15:15:00,956.3
31/12/2014,15:20:00,958.4
31/12/2014,15:25:00,961.2
31/12/2014,15:30:00,959.55
