1401.0,0.0,0
1401.6,0.0,0
1405.1,0.0,0
1405.75,0.0,0
1403.6,0.0,0
1406.0,0.0,0
1404.1,0.0,0
1404.95,0.0,0
1403.0,0.0,0
1406.2,0.0,0
1403.95,0.0,0
1409.6,0.0,0
1417.0,0.0,0
1417.8,0.0,0
1415.0,0.0,0
1413.05,0.0,0
1418.0,0.0,0
1421.7,0.0,0
1415.95,0.0,0
1417.75,0.0,0
1423.0,0.0,0
1424.1,0.0,0
1421.15,0.0,0
1427.9,0.0,0
1431.55,0.0,0
1431.5,0.0,0
1433.2,0.0,0
1434.0,0.0,0
1430.95,0.0,0
1435.25,0.00300499668053,1
1435.1,0.00290048527136,1
1433.0,0.00143717261023,1
1438.35,0.00517059898845,1
1437.4,0.00451011996735,1
1435.0,0.00284043859821,1
1436.0,0.00353730270971,1
1413.95,-0.0118178504936,1
1392.0,-0.0273417374769,1
1398.0,-0.0230313926493,1
1400.0,-0.0216007774848,1
1393.3,-0.0263864917705,1
1395.0,-0.0276066166539,-1
1390.0,-0.0240223872632,-1
1390.6,-0.0244540419395,-1
1392.75,-0.0260001371502,-1
1392.55,-0.0258565363604,-1
1392.35,-0.0257129149464,-1
1392.25,-0.0256410939244,-1
1372.0,-0.0110962923442,-1
1375.1,-0.0133557675629,-1
1376.9,-0.0146647632723,-1
1369.6,-0.00936299843823,-1
1365.55,-0.00640593068122,-1
1362.0,-0.00380624557265,-1
1342.5,0.0105109350441,-1
1361.45,-0.00360452119428,-1
1362.05,-0.00404522779386,-1
1363.75,-0.00529334643855,-1
1365.1,-0.00628326394542,-1
1366.5,-0.00730882983803,-1
1367.05,-0.00771131794634,-1
1376.0,-0.0142582620961,-1
1380.85,-0.0177829713985,-1
1382.8,-0.0191951450596,-1
1379.95,-0.0171341094796,-1
1386.5,-0.0218806582676,-1
1385.5,-0.0211594177339,-1
1387.45,-0.0225668518732,-1
1388.2,-0.0231074118934,-1
1387.25,-0.022423072461,-1
1393.15,-0.0266760910229,-1
1388.1,-0.0230512121513,-1
1391.0,-0.0209620254933,1
1394.0,-0.0188053037104,1
1405.3,-0.0106991344134,1
1401.35,-0.0135099221456,1
1397.8,-0.0160431936338,1
1395.5,-0.0176886364725,1
1393.25,-0.019300961804,1
1393.0,-0.0194803983731,1
1395.25,-0.0178651794212,1
1389.0,-0.0223446633847,1
1389.8,-0.021768709461,1
1391.0,-0.0209052758734,1
1395.0,-0.0180296468296,1
1397.35,-0.016345059016,1
1406.85,-0.00954647598378,1
1404.2,-0.0114301167415,1
1400.0,-0.0144211436607,1
1394.0,-0.0187068579465,1
1396.7,-0.0167699856366,1
1400.8,-0.0138344948368,1
1400.0,-0.0144055970641,1
1402.0,-0.0129770256355,1
1400.0,-0.0144035591591,1
1403.6,-0.0118321305877,1
1406.0,-0.0101222417304,1
1405.25,-0.0106556698954,1
1406.8,-0.00955266331298,1
1412.45,-0.00553645631838,1
1411.85,-0.00596125011639,1
1416.7,-0.00252604099361,1
1416.95,-0.00234957455753,1
1413.5,-0.00478438171374,1
1429.0,0.00618130629475,1
1434.0,0.00968025660965,1
1452.55,0.0226161004032,1
1452.9,0.0228570559641,1
1451.9,0.022168777349,1
1432.75,0.00897916373921,1
1443.25,0.0163077276897,1
1469.2,0.0342879805911,1
1468.4,0.0337434665699,1
1467.95,0.0334370105633,1
1477.5,0.0399426817374,1
1474.0,0.0375738154091,1
1478.5,0.0406267326412,1
1469.3,0.034404209814,1
1472.0,0.0362418195601,1
1473.0,0.0369211673862,1
1475.0,0.0382789406381,1
1477.95,0.0402789406381,1
1477.05,0.0396699890497,1
1483.95,0.044341462595,1
1499.8,0.0550224154573,1
1498.25,0.0539889443278,1
1505.0,0.0584942004599,1
1508.0,0.0604875559417,1
1508.9,0.0610843729178,1
1506.0,0.0591624430351,1
1508.25,0.0606564669395,1
1507.0,0.059827691869,1
1510.05,0.0618515803893,1
1510.5,0.0621495837666,1
1507.1,0.059898673472,1
1514.75,0.0649746471964,1
1507.25,0.0600233350987,1
1515.0,0.0651651496616,1
1516.8,0.0663532684735,1
1516.5,0.0661554836634,1
1517.75,0.0669797500663,1
1515.7,0.0656290664886,1
1515.9,0.0657610187219,1
1516.8,0.0663547254308,1
1516.0,0.0658272992705,1
1517.8,0.0670146343628,1
1517.0,0.0664875556963,1
1516.0,0.0658283599152,1
1525.0,0.0717650353769,1
1521.05,0.0691748714425,1
1522.7,0.0702596484058,1
1523.2,0.0705880124959,1
1521.25,0.0693078129161,1
1515.55,0.0655608942636,1
1523.7,0.0709384799586,1
1518.8,0.0677226238189,1
1525.6,0.0721998426759,1
1526.5,0.072789774506,1
1527.4,0.0733793585217,1
1527.65,0.0735430353582,1
1531.05,0.0757686760481,1
1537.6,0.0800467858421,1
1536.3,0.0792013123769,1
1538.25,0.08047059572,1
1547.45,0.0864514180831,1
1542.5,0.0832526071361,1
1541.95,0.0828960431166,1
1541.05,0.0823123666031,1
1541.45,0.0825719298879,1
1539.35,0.0812095762598,1
1540.35,0.0818592011015,1
1545.1,0.0849429158416,1
1547.45,0.0864638529978,1
1544.0,0.0842343787014,1
1544.2,0.0843639123801,1
1543.25,0.0837487070958,1
1539.6,0.0813835685894,1
1536.9,0.0796298663291,1
1538.15,0.0804431918545,1
1537.5,0.0800206062809,1
1538.1,0.0804108501834,1
1540.75,0.082133755066,1
1540.0,0.0816469791452,1
1538.65,0.0807703557686,1
1539.0,0.0809978279032,1
1543.4,0.0838568272535,1
1542.35,0.0831765110684,1
1549.05,0.0875205315566,1
1553.75,0.0905546492417,1
1550.0,0.0881411335538,1
1543.7,0.0840766174248,1
1552.0,0.0894533097873,1
1554.65,0.0911607840141,1
1555.0,0.0913859150725,1
1557.6,0.093057940796,1
1557.5,0.0929937394606,1
1557.2,0.0928011230882,1
1554.4,0.0910030239359,1
1559.9,0.0945413667048,1
1554.55,0.0911116596723,1
1548.0,0.0868982216999,1
1548.25,0.0870597204079,1
1547.25,0.0864138298864,1
1543.5,0.0839901750148,1
1540.95,0.0823380856076,1
1537.6,0.0801641020261,1
1534.75,0.0783105640448,1
1533.75,0.0776589921276,1
1542.75,0.0835269627877,1
1538.3,0.0806425032188,1
1541.5,0.0785622847958,-1
1535.55,0.0824221615392,-1
1520.45,0.0922557716464,-1
1522.95,0.0906115215888,-1
1524.25,0.0897579151014,-1
1519.0,0.0932022319786,-1
1512.5,0.0974813629858,-1
1512.7,0.0973491315809,-1
1509.1,0.0997289821791,-1
1516.65,0.0947260002694,-1
1517.0,0.0944952285027,-1
1519.6,0.0927813194717,-1
1533.35,0.0837328856733,-1
1528.1,0.0871567615007,-1
1538.0,0.0806781279035,-1
1540.5,0.0790526402572,-1
1536.8,0.0814544578489,-1
1534.95,0.082658257953,-1
1544.7,0.0763062595165,-1
1551.2,0.0720983227003,-1
1554.7,0.0698420050108,-1
1535.0,0.0825132599153,-1
1545.0,0.0890279178957,1
1543.1,0.087798144433,1
1541.85,0.0869880867568,1
1542.95,0.0877015154302,1
1548.9,0.0915577648226,1
1550.7,0.092719879872,1
1557.5,0.097104996271,1
1561.15,0.0994484954685,1
1556.85,0.0966941156843,1
1556.0,0.0961481414415,1
1553.65,0.0946378586651,1
1559.1,0.0981457272327,1
1559.45,0.0983702157196,1
1560.6,0.0991076552015,1
1558.75,0.0979222137046,1
1572.3,0.106615076576,1
1580.85,0.112052970107,1
1567.75,0.103766288891,1
1569.65,0.104978216814,1
1567.1,0.103353650828,1
1560.0,0.0988229890958,1
1555.0,0.0956178608906,1
1557.05,0.0969361888649,1
1560.4,0.0990876933124,1
1554.35,0.0952104823409,1
1554.4,0.0952426501281,1
1559.25,0.0983628251152,1
1559.25,0.0983628251152,1
1559.0,0.0982024916215,1
1547.75,0.0909863274137,1
1546.2,0.0899848736906,1
1543.7,0.0883680065324,1
1543.6,0.0883032271063,1
1540.1,0.0905706539008,-1
1540.0,0.0906355847495,-1
1527.5,0.0987524678663,-1
1533.95,0.0945298819416,-1
1533.5,0.0948232422206,-1
1545.4,0.0870632161365,-1
1548.0,0.0853808038161,-1
1520.25,0.103307160405,-1
1527.0,0.0988671012044,-1
1518.5,0.104433571407,-1
1521.9,0.102194519712,-1
1530.95,0.0962480054861,-1
1531.55,0.0958560919683,-1
1539.9,0.0904040988894,-1
1534.0,0.0942355165139,-1
1525.25,0.0999395582349,-1
1529.0,0.0974809448928,-1
1528.25,0.0979714615704,-1
1539.55,0.0905773833764,-1
1548.45,0.0847964733702,-1
1510.1,0.109563175556,-1
1510.9,0.109033409316,-1
1519.5,0.103341437643,-1
1502.0,0.114858384007,-1
1508.9,0.110264509174,-1
1508.75,0.11036391934,-1
1510.0,0.109535418926,-1
1506.9,0.111588399058,-1
1508.6,0.110460255187,-1
1510.05,0.109499099148,-1
1507.9,0.110922893062,-1
1510.55,0.109165482093,-1
1507.55,0.111151513671,-1
1499.0,0.116822967354,-1
1495.95,0.118857657147,-1
1496.55,0.118456574223,-1
1504.65,0.113044125592,-1
1508.65,0.110385700044,-1
1515.0,0.106176638963,-1
1517.7,0.104394460745,-1
1515.0,0.106173468454,-1
1522.65,0.101123963504,-1
1522.3,0.101353825915,-1
1524.5,0.0999086442815,-1
1521.3,0.10200769315,-1
1508.2,0.110618749483,-1
1501.2,0.115260043741,-1
1500.55,0.115693030685,-1
1498.5,0.117059196424,-1
1493.0,0.120729533428,-1
1500.0,0.116040986878,-1
1502.95,0.114074320211,-1
1512.0,0.108052829143,-1
1514.75,0.106234046075,-1
1514.55,0.106366081064,-1
1497.8,0.0953066904858,1
1497.5,0.09550698425,-1
1508.0,0.0884952981064,-1
1508.0,0.0884952981064,-1
1501.4,0.0928719559313,-1
1493.65,0.0980338048723,-1
1495.7,0.0966613280538,-1
1503.7,0.0913126618774,-1
1502.0,0.0924432065339,-1
1504.9,0.0905124475459,-1
1493.3,0.0982206009116,-1
1502.15,0.0922941293385,-1
1512.35,0.085503862055,-1
1512.6,0.0853385564048,-1
1507.9,0.0884457889845,-1
1508.0,0.0883794715895,-1
1509.3,0.0875174026239,-1
1524.0,0.0777777882332,-1
1538.0,0.0869641399392,1
1545.25,0.0916780541134,1
1549.5,0.0944284181322,1
1551.0,0.0953964723433,1
1543.0,0.0902385097385,1
1546.55,0.0925392226354,1
1548.55,0.0938324236312,1
1550.0,0.0947687834517,1
1538.45,0.0873171705484,1
1550.55,0.0951822295364,1
1563.65,0.103630844544,1
1572.95,0.109578467094,1
1563.95,0.103856734044,1
1553.95,0.0974626677379,1
1555.05,0.0981705412216,1
1553.35,0.0970773287847,1
1551.0,0.0955644694807,1
1550.25,0.0950809104865,1
1554.25,0.0976611394818,1
1550.5,0.0952484002185,1
1550.0,0.094925923598,1
1554.3,0.0977001171464,1
1553.95,0.0974749353926,1
1576.5,0.111986341808,1
1573.95,0.110368834672,1
1579.05,0.113609090081,1
1576.3,0.111867536615,1
1575.05,0.111074540358,1
1573.15,0.109868229447,1
1570.8,0.108374411312,1
1568.2,0.106719203774,1
1564.35,0.104264159775,1
1564.9,0.1046157435,1
1570.0,0.107874737684,1
1575.25,0.111218686729,1
1593.95,0.123089818295,1
1623.35,0.141534562484,1
1616.0,0.137006888231,1
1622.0,0.140719759518,1
1625.25,0.142723458655,1
1622.0,0.1407237663,1
1629.35,0.145255208963,1
1630.0,0.145654141052,1
1633.3,0.14767868093,1
1629.15,0.145137812749,1
1625.35,0.142805308068,1
1624.0,0.141974717734,1
1629.9,0.14560772266,1
1632.0,0.146896145263,1
1636.8,0.149837321733,1
1630.1,0.14574396885,1
1623.8,0.141879175279,1
1613.0,0.135228109877,1
1618.25,0.138482914588,1
1614.6,0.136227391647,1
1623.0,0.141429918588,1
1622.9,0.141368304294,1
1625.2,0.142785520389,1
1622.65,0.141216482732,1
1623.95,0.14201764133,1
1609.7,0.133242740625,1
1623.65,0.14190895172,1
1624.0,0.142124515419,1
1628.75,0.145049392267,1
1629.7,0.145632661645,1
1626.9,0.143914554018,1
1622.55,0.146588350809,-1
1626.75,0.143999832736,-1
1625.5,0.144768235994,-1
1627.0,0.143845443007,-1
1629.45,0.14233960404,-1
1639.95,0.135895711929,-1
1650.7,0.12934063403,-1
1655.3,0.132127330583,1
1633.4,0.118897100413,1
1629.55,0.116540053762,1
1619.0,0.110065873774,1
1616.5,0.10852171071,1
1624.85,0.113687191688,1
1620.1,0.110763844917,1
1622.65,0.112337821832,1
1618.95,0.110057601206,1
1620.45,0.110984127658,1
1606.1,0.102128562846,1
1610.05,0.104587936484,1
1616.25,0.100737124397,-1
1610.15,0.104511292997,-1
1613.85,0.102213370443,-1
1604.05,0.108285805924,-1
1606.75,0.106602566623,-1
1615.15,0.101374622015,-1
1612.65,0.102922465868,-1
1613.25,0.102550407455,-1
1614.75,0.101620607362,-1
1616.6,0.100474919175,-1
1615.4,0.101217217826,-1
1618.0,0.0996077093456,-1
1619.25,0.0988351506311,-1
1625.95,0.0946974325518,-1
1628.5,0.093129118643,-1
1628.05,0.0934054465521,-1
1630.0,0.0922076946403,-1
1631.35,0.0913794737814,-1
1631.95,0.0910116802362,-1
1628.0,0.088591262944,1
1626.7,0.0877927371454,1
1628.6,0.0889607459977,1
1628.7,0.0890221484293,1
1619.35,0.0832813735781,1
1616.4,0.0814596549874,1
1613.0,0.0793562152447,1
1621.8,0.0848118879044,1
1624.65,0.0865691946006,1
1624.25,0.0863229877253,1
1623.25,0.0857073189551,1
1627.0,0.0880174991491,1
1628.45,0.0889087099666,1
1628.4,0.0888780059229,1
1621.55,0.0846714227738,1
1618.5,0.0827905063666,1
1619.2,0.0832230055943,1
1610.3,0.0777264640923,1
1611.0,0.0781611657007,1
1628.0,0.0676087138075,-1
1625.0,0.0694514656503,-1
1623.8,0.0701899271887,-1
1630.5,0.0660638032818,-1
1630.25,0.0662171304821,-1
1631.25,0.0656037276298,-1
1632.65,0.0647454900819,-1
1633.7,0.064102363876,-1
1638.85,0.0672547174293,1
1638.75,0.0671936990322,1
1638.65,0.0671326769117,1
1639.05,0.0673767802895,1
1660.0,0.0801585746216,1
1647.5,0.0726284541397,1
1656.9,0.0783340687072,1
1646.6,0.0721176404375,1
1640.75,0.0685648650215,1
1639.0,0.0674982796185,1
1642.0,0.0693286639992,1
1642.3,0.0695113680187,1
1638.4,0.0671366496359,1
1636.0,0.0656718058859,1
1633.5,0.0641436885265,1
1641.0,0.0687350567543,1
1629.35,0.0616357270772,1
1653.45,0.0764269014719,1
1663.75,0.0826563006071,1
1665.95,0.0839786146567,1
1672.6,0.0879703310947,1
1676.75,0.0904514981401,1
1676.9,0.0905409569145,1
1683.05,0.0942084385771,1
1679.6,0.0921585886023,1
1675.0,0.0894198412815,1
1677.5,0.090912378595,1
1686.1,0.096039055197,1
1666.4,0.0843552879234,1
1672.5,0.0880158736172,1
1681.75,0.0935465163675,1
1692.0,0.0996413580503,1
1683.05,0.0943517599416,1
1686.0,0.0961045302098,1
1688.2,0.0974093937923,1
1653.0,0.076558783675,1
1651.5,0.0756513426586,1
1668.0,0.0856422600065,1
1661.7,0.0818652815892,1
1665.0,0.083851199625,1
1666.0,0.0844518002256,1
1672.9,0.0885934568883,1
1716.0,0.11435710086,1
1728.5,0.121641483144,1
1737.7,0.126964017133,1
1732.4,0.123914008501,1
1741.9,0.129397730505,1
1732.4,0.123943915705,1
1728.2,0.121519533346,1
1740.5,0.128636765147,1
1746.1,0.131854231393,1
1748.0,0.132942370675,1
1751.0,0.134658617814,1
1751.4,0.134887058705,1
1764.2,0.142195497668,1
1753.0,0.135847011102,1
1751.3,0.134877244987,1
1749.5,0.133849437073,1
1751.05,0.134735404492,1
1750.05,0.134164318572,1
1750.0,0.13413574796,1
1750.0,0.13413574796,1
1750.0,0.13413574796,1
1751.65,0.135078605103,1
1751.0,0.134707526405,1
1752.1,0.135335738856,1
1754.7,0.136819672421,1
1761.0,0.140410029747,1
1761.0,0.140410029747,1
1759.2,0.139387883239,1
1742.0,0.129610711798,1
1742.75,0.130041251407,1
1740.5,0.128750188432,1
1735.55,0.12590617809,1
1734.75,0.125445229112,1
1743.3,0.130373893184,1
1741.0,0.129054556294,1
1735.05,0.1324721324,-1
1720.0,0.141146234011,-1
1723.0,0.139402047965,-1
1708.55,0.147788583078,-1
1699.0,0.153378118064,-1
1698.15,0.153878412354,-1
1689.3,0.159089966104,-1
1688.65,0.159474740863,-1
1686.45,0.160777556722,-1
1680.9,0.164068493304,-1
1682.05,0.163384336008,-1
1682.05,0.163384336008,-1
1689.95,0.158687686086,-1
1690.0,0.158658099412,-1
1690.05,0.158628513613,-1
1685.3,0.161439081348,-1
1659.45,0.176777596746,-1
1675.9,0.16686467379,-1
1674.9,0.167461368103,-1
1665.25,0.173222906105,-1
1669.4,0.170730787805,-1
1667.0,0.172168430071,-1
1660.5,0.176067650227,-1
1658.7,0.177151661068,-1
1654.3,0.179804340877,-1
1650.25,0.182252506264,-1
1661.5,0.175435357347,-1
1663.9,0.173990879466,-1
1674.0,0.167920803139,-1
1660.0,0.176284005051,-1
1655.35,0.17908520987,-1
1660.85,0.175762649686,-1
1661.5,0.17537128382,-1
1658.0,0.177477814063,-1
1655.1,0.179226909359,-1
1648.55,0.183184374165,-1
1645.0,0.185337781705,-1
1641.7,0.187343860732,-1
1634.0,0.192034120828,-1
1643.9,0.185975369298,-1
1644.75,0.185458306217,-1
1649.0,0.182874326888,-1
1663.45,0.17411144029,-1
1661.0,0.175584282877,-1
1661.25,0.175433771137,-1
1658.7,0.17696875985,-1
1656.25,0.178445820198,-1
1650.1,0.182159027746,-1
1639.3,0.188704085621,-1
1643.3,0.186264019739,-1
1648.7,0.182977949028,-1
1646.8,0.184130372149,-1
1643.4,0.186194982302,-1
1634.35,0.191701858291,-1
1648.9,0.182799236453,-1
1648.45,0.183072145666,-1
1644.05,0.185741319738,-1
1645.15,0.185072240331,-1
1650.55,0.181789864863,-1
1646.6,0.184183006543,-1
1648.0,0.183332769692,-1
1643.5,0.186063352216,-1
1646.25,0.184390093926,-1
1646.6,0.184177489522,-1
1647.35,0.183722005494,-1
1657.1,0.17780340896,-1
1649.0,0.18269146641,-1
1637.35,0.189756354221,-1
1632.8,0.192535234729,-1
1630.95,0.193668257757,-1
1630.7,0.193821542652,-1
1625.5,0.197010357272,-1
1630.1,0.194180458779,-1
1627.0,0.1960821826,-1
1626.0,0.19669681075,-1
1615.95,0.202877622558,-1
1615.6,0.203094213418,-1
1617.65,0.201825334982,-1
1598.55,0.213632586242,-1
1600.9,0.21216250398,-1
1609.0,0.207102850035,-1
1603.95,0.210241445436,-1
1596.95,0.214605671253,-1
1596.0,0.215200555251,-1
1588.0,0.220213086579,-1
1587.7,0.220402003456,-1
1592.05,0.217662191149,-1
1587.75,0.220363111346,-1
1585.85,0.221559773289,-1
1581.9,0.224050551105,-1
1603.05,0.210680553002,-1
1581.0,0.224435582477,-1
1584.95,0.221937163755,-1
1589.05,0.219350331362,-1
1585.5,0.221584370568,-1
1593.45,0.216570179461,-1
1588.55,0.219645268105,-1
1586.6,0.22087280265,-1
1583.9,0.222574554824,-1
1585.0,0.221880066536,-1
1588.95,0.219387952971,-1
1591.75,0.217625782984,-1
1616.25,0.202233918684,-1
1599.05,0.212875836704,-1
1596.0,0.214783219213,-1
1593.65,0.21625565029,-1
1590.3,0.218357742971,-1
1586.35,0.220841551057,-1
1590.2,0.218414596098,-1
1592.5,0.216968237149,-1
1591.1,0.217847358028,-1
1588.95,0.216496091609,1
1595.0,0.220303637472,1
1591.95,0.218391411767,1
1584.9,0.21396288072,1
1590.85,0.217717060795,1
1600.35,0.22368871117,1
1607.0,0.227844052189,1
1597.35,0.221839073969,1
1598.0,0.222245997937,1
1587.0,0.215362393431,1
1584.75,0.213944624055,1
1583.0,0.212840348933,1
1585.6,0.214482799975,1
1586.95,0.21533421269,1
1593.0,0.211521868255,-1
1579.45,0.220027831846,-1
1571.0,0.225377795441,-1
1558.95,0.233048069152,-1
1554.65,0.235806335934,-1
1550.7,0.238347100737,-1
1555.3,0.235380698467,-1
1562.9,0.230494181396,-1
1562.6,0.230686132256,-1
1559.5,0.232670005289,-1
1557.6,0.2338883445,-1
1560.1,0.232283311115,-1
1575.2,0.222604444376,-1
1580.5,0.219239792268,-1
1579.8,0.219682690085,-1
1570.5,0.225569511202,-1
1554.5,0.23575734947,-1
1554.65,0.235660855421,-1
1560.0,0.232219566384,-1
1570.15,0.225713156128,-1
1573.9,0.223324849278,-1
1584.7,0.216462913958,-1
1584.7,0.216462913958,-1
1587.1,0.214948431722,-1
1582.6,0.217783791813,-1
1579.35,0.219837374525,-1
1583.0,0.217526297183,-1
1589.0,0.221316568819,1
1592.35,0.223424812998,1
1599.55,0.227946431988,1
1592.05,0.223257613258,1
1597.15,0.226461030236,1
1598.4,0.227243674321,1
1593.0,0.223865295943,1
1594.65,0.224901077487,1
1593.25,0.22402314189,1
1583.8,0.218091869334,1
1599.2,0.227815319264,1
1598.05,0.227096209709,1
1590.6,0.22243427798,1
1590.55,0.222402843301,1
1579.35,0.215361253914,1
1578.3,0.214696423446,1
1577.7,0.214316267582,1
1583.0,0.217675588112,1
1579.4,0.21540142513,1
1579.0,0.215148164398,1
1582.0,0.217048101067,1
1581.7,0.216858467692,1
1585.8,0.214266320002,-1
1586.2,0.214014081385,-1
1582.15,0.216567353355,-1
1580.95,0.217325814942,-1
1567.5,0.225833357876,-1
1562.0,0.229342129805,-1
1567.0,0.226141105478,-1
1576.3,0.220206198011,-1
1572.8,0.222426587531,-1
1575.1,0.220964227409,-1
1575.0,0.221027715441,-1
1579.0,0.218488032902,-1
1567.1,0.226024448354,-1
1571.1,0.223471962872,-1
1563.6,0.228245688287,-1
1571.2,0.223385110134,-1
1585.0,0.214602014411,-1
1577.0,0.219649333023,-1
1564.65,0.227480658324,-1
1564.9,0.227320878182,-1
1559.1,0.231027185294,-1
1557.6,0.231989278809,-1
1545.7,0.239629237721,-1
1547.0,0.238788194827,-1
1547.9,0.238206423657,-1
1556.45,0.232682811021,-1
1550.15,0.236730483609,-1
1554.0,0.234246852993,-1
1548.1,0.238043506789,-1
1560.9,0.229775307061,-1
1567.85,0.22532274764,-1
1554.65,0.233741920392,-1
1559.1,0.230879539792,-1
1551.55,0.235722077154,-1
1558.65,0.231146008061,-1
1557.0,0.232204616472,-1
1558.0,0.231562355715,-1
1563.3,0.228160558539,-1
1563.5,0.228032624041,-1
1562.7,0.228544296571,-1
1576.9,0.219457459686,-1
1587.0,0.213052487906,-1
1591.0,0.210532009015,-1
1588.65,0.209054950561,1
1591.75,0.211006292896,1
1584.95,0.206734265253,1
1579.55,0.203327217712,1
1578.0,0.202345925572,1
1574.4,0.200064556751,1
1573.35,0.199397636019,1
1574.0,0.199810767236,1
1570.8,0.197777730387,1
1564.5,0.1937670352,1
1563.85,0.193351566999,1
1568.45,0.196293025579,1
1567.9,0.19594236091,1
1568.0,0.196006140488,1
1569.2,0.19677144661,1
1568.45,0.196293496062,1
1565.5,0.194412658293,1
1559.9,0.190835526386,1
1561.75,0.192021499846,1
1563.0,0.19282188403,1
1563.25,0.192661935214,-1
1565.85,0.19099873355,-1
1582.05,0.180652914985,-1
1592.15,0.174268793118,-1
1602.35,0.167862361563,-1
1621.65,0.155817552377,-1
1618.85,0.154090915926,1
1616.0,0.152330406923,1
1618.95,0.154155901973,1
1615.65,0.152117543777,1
1624.05,0.157316689632,1
1621.4,0.155684966471,1
1623.95,0.157257681409,1
1619.85,0.154732973136,1
1618.55,0.15393042969,1
1617.0,0.152972782413,1
1629.0,0.160393932692,1
1617.6,0.153395774312,1
1616.0,0.152406654629,1
1614.7,0.151602199183,1
1615.0,0.15178799221,1
1616.75,0.152871583541,1
1609.35,0.148294499885,1
1610.8,0.149195484755,1
1614.1,0.151244156223,1
1618.65,0.154063064593,1
1626.35,0.158820115221,1
1646.3,0.171086847475,1
1674.0,0.187912456416,1
1666.9,0.183671118304,1
1664.45,0.182201324075,1
1670.95,0.186106517983,1
1667.5,0.184041824246,1
1663.0,0.181343173571,1
1657.5,0.178035897564,1
1647.5,0.17200271506,1
1646.4,0.171335036759,1
1648.85,0.172823131997,1
1643.45,0.169548122142,1
1643.5,0.169578545946,1
1634.15,0.163889467759,1
1628.05,0.160156640295,1
1626.0,0.158897465208,1
1631.8,0.162464500879,1
1630.05,0.161392065531,1
1627.35,0.159735674623,1
1624.0,0.157677113158,1
1621.95,0.156414797887,1
1619.95,0.155181714253,1
1620.65,0.155613826355,1
1610.8,0.161691634642,-1
1621.5,0.155048972611,-1
1618.0,0.157207467831,-1
1627.15,0.151552338042,-1
1637.4,0.145252980269,-1
1634.65,0.146932472146,-1
1638.0,0.14488310378,-1
1636.0,0.146104105001,-1
1632.2,0.148426843387,-1
1632.55,0.148212408882,-1
1630.15,0.149682501681,-1
1631.9,0.148608980839,-1
1632.45,0.148271950384,-1
1631.0,0.149160185858,-1
1630.5,0.149466746251,-1
1634.3,0.147136172807,-1
1645.55,0.14025249172,-1
1627.9,0.129526594604,1
1629.85,0.130724456881,1
1623.5,0.126828392826,1
1613.75,0.120822849247,1
1620.0,0.124695815939,1
1620.0,0.124695815939,1
1618.75,0.123924211001,1
1610.0,0.118518805596,1
1604.75,0.121779675161,-1
1602.0,0.123493337725,-1
1606.25,0.120840403892,-1
1623.0,0.110412388328,-1
1613.95,0.115988481982,-1
1617.5,0.113788909505,-1
1623.05,0.110357688484,-1
1621.4,0.111374293025,-1
1623.65,0.109986603374,-1
1626.35,0.10832368341,-1
1623.0,0.110383510631,-1
1622.75,0.110537546367,-1
1627.75,0.107456357028,-1
1626.1,0.108470026203,-1
1623.25,0.110222685941,-1
1614.0,0.11592113042,-1
1603.0,0.122736495971,-1
1600.05,0.12457679541,-1
1598.05,0.125826756348,-1
1602.05,0.123323705755,-1
1593.0,0.128972717959,-1
1590.8,0.130353760018,-1
1570.35,0.143208927229,-1
1566.4,0.145724290046,-1
1568.0,0.144702839587,-1
1567.8,0.144830390607,-1
1560.0,0.149805514985,-1
1573.35,0.141247822677,-1
1557.75,0.151162971881,-1
1528.65,0.169843761482,-1
1528.7,0.169811052883,-1
1527.7,0.170465203468,-1
1526.8,0.171054324369,-1
1516.8,0.177603970688,-1
1521.0,0.174834983346,-1
1516.05,0.178089421216,-1
1507.0,0.184058881326,-1
1511.5,0.181072816296,-1
1515.4,0.17849259797,-1
1517.0,0.177436771126,-1
1526.0,0.171504009095,-1
1509.95,0.182021702411,-1
1532.75,0.166921864668,-1
1527.65,0.170249217466,-1
1536.8,0.164259625609,-1
1542.5,0.160550619883,-1
1545.0,0.15892987434,-1
1542.75,0.160386185019,-1
1550.05,0.15565437494,-1
1550.5,0.155364061724,-1
1544.45,0.159266028831,-1
1537.25,0.163927882566,-1
1532.0,0.167343072028,-1
1529.05,0.169268659495,-1
1510.9,0.181138774926,-1
1518.35,0.176207939,-1
1521.15,0.174363831911,-1
1525.05,0.171799982192,-1
1525.5,0.172095054484,1
1521.0,0.169145201977,1
1521.1,0.169210948196,1
1513.75,0.164378918744,1
1506.75,0.159754641287,1
1505.25,0.158759121128,1
1505.0,0.158925206496,-1
1495.2,0.165436834403,-1
1507.95,0.156909547084,-1
1523.2,0.146796479674,-1
1521.1,0.148175156145,-1
1526.5,0.14462509369,-1
1524.35,0.146033544394,-1
1530.05,0.142294245677,-1
1530.5,0.142000137641,-1
1530.3,0.142130813891,-1
1525.5,0.145267453765,-1
1518.9,0.149593904109,-1
1530.9,0.141693449833,-1
1550.0,0.129217128715,-1
1555.95,0.125378419037,-1
1572.25,0.135854334073,1
1566.0,0.131879139289,1
1553.35,0.123801233797,1
1547.95,0.120324876247,1
1548.0,0.120357177032,1
1542.75,0.116965704164,1
1536.0,0.112590400323,1
1533.35,0.110865139907,1
1530.15,0.108778206069,1
1529.0,0.108026645765,1
1525.8,0.105933774607,1
1513.0,0.0975447327928,1
1505.75,0.0927529284306,1
1514.25,0.0983979558256,1
1510.35,0.0958224233838,1
1513.0,0.097576983585,1
1515.3,0.0990971422103,1
1529.05,0.0900230314731,-1
1528.45,0.0904154319833,-1
1537.45,0.0845271137524,-1
1532.3,0.0878768161817,-1
1530.0,0.089377827733,-1
1530.0,0.089377827733,-1
1528.0,0.0906850172755,-1
1523.25,0.0937936560189,-1
1524.0,0.0933012877274,-1
1516.15,0.0984522063626,-1
1509.8,0.102640446312,-1
1509.0,0.103170317819,-1
1511.05,0.101811802245,-1
1512.0,0.101183100349,-1
1515.75,0.0987029416192,-1
1514.3,0.0996595637535,-1
1502.95,0.107154776063,-1
1492.35,0.11420757223,-1
1504.1,0.106334084108,-1
1494.3,0.112849608341,-1
1498.25,0.110206230171,-1
1497.1,0.110973792327,-1
1492.5,0.114046399367,-1
1490.9,0.115118426168,-1
1490.3,0.115520867646,-1
1489.25,0.116225423776,-1
1503.1,0.106925440563,-1
1500.65,0.108555405302,-1
1492.55,0.113953066316,-1
1494.85,0.112412079414,-1
1490.0,0.115656552104,-1
1505.0,0.10558943801,-1
1514.0,0.0996093715646,-1
1518.7,0.0965050122515,-1
1519.35,0.096077014622,-1
1520.0,0.095649200096,-1
1514.9,0.0990044632539,-1
1511.85,0.101017797467,-1
1512.3,0.100720148891,-1
1517.85,0.104390055656,1
1528.05,0.111110087279,1
1540.05,0.118963233446,1
1523.5,0.108216829108,1
1503.7,0.0952204392168,1
1481.25,0.0802905994881,1
1470.75,0.0732019918932,1
1466.05,0.0700063434145,1
1459.65,0.0656408715684,1
1458.5,0.064853011465,1
1458.5,0.064853011465,-1
1470.0,0.0569681983008,-1
1465.25,0.0601994908178,-1
1459.0,0.0644649745236,-1
1457.45,0.0655273460109,-1
1460.9,0.0631601979098,-1
1456.9,0.0658982361054,-1
1431.85,0.0830922782497,-1
1439.85,0.0775051008219,-1
1450.95,0.0697959644535,-1
1448.0,0.0718291151479,-1
1453.0,0.0683760764739,-1
1450.9,0.0698213620898,-1
1449.65,0.07068289631,-1
1456.9,0.065681689122,-1
1458.4,0.0646521057601,-1
1464.8,0.0602637349428,-1
1467.0,0.058761823419,-1
1461.6,0.0624428050141,-1
1460.0,0.063537495764,-1
1478.15,0.0511059889147,-1
1459.4,0.0637907638022,-1
1465.15,0.0598507884699,-1
1465.85,0.0593730216883,-1
1467.55,0.0582132850167,-1
1464.0,0.0606322826659,-1
1463.65,0.0603932116276,1
1466.5,0.0623403984551,1
1467.8,0.063226862826,1
1463.7,0.0604335667366,1
1460.25,0.0580765263595,1
1459.55,0.0575971563886,1
1470.1,0.0648254116728,1
1465.05,0.0613902712062,1
1439.95,0.0442577501318,1
1430.25,0.0375214051198,1
1434.0,0.0401433243647,1
1429.0,0.036656574016,1
1428.75,0.0368315215318,-1
1430.0,0.0359566308931,-1
1430.0,0.0359566308931,-1
1424.5,0.0398027847392,-1
1423.75,0.0403292852657,-1
1428.0,0.0373442106389,-1
1417.5,0.0446971518154,-1
1408.75,0.0508699913215,-1
1389.95,0.0642151554741,-1
1421.0,0.041876222419,-1
1419.6,0.0428614440939,-1
1417.65,0.0442350704675,-1
1422.0,0.0411666121033,-1
1416.4,0.0451047274338,-1
1411.35,0.048670104446,-1
1436.45,0.0308857136145,-1
1441.65,0.0272656781103,-1
1438.15,0.0296934518418,-1
1441.6,0.0272945365687,-1
1444.5,0.0252828828506,-1
1455.6,0.0175985630168,-1
1447.45,0.0231976286941,-1
1455.0,0.0179815590544,-1
1451.95,0.0200777789857,-1
1454.65,0.0219373471526,1
1457.0,0.0235528560379,1
1451.0,0.0194348052487,1
1459.0,0.0249482442562,1
1465.15,0.0291634601575,1
1454.15,0.0216556964473,1
1456.9,0.0235468356008,1
1448.35,0.0176782104378,1
1460.0,0.0257218462993,1
1449.95,0.0188382846554,1
1453.85,0.0215280325778,1
1455.0,0.0223190357762,1
1453.6,0.0213568364635,1
1465.2,0.0293370235851,1
1465.7,0.0296782739263,1
1462.5,0.0274950167796,1
1471.0,0.0333069825916,1
1482.45,0.0410908031218,1
1492.6,0.0479375770434,1
1478.95,0.0387924611382,1
1493.0,0.0482924442343,1
1482.15,0.041025197081,1
1461.35,0.0269915297733,1
1460.3,0.0262730160702,1
1451.25,0.0200756593627,1
1450.55,0.0195933165548,1
1452.15,0.02069634644,1
1453.9,0.021901456105,1
1453.95,0.0219358463657,1
1453.0,0.0212824538831,1
1453.05,0.0213168654454,1
1448.1,0.0179102380066,1
1450.0,0.0192223020905,1
1448.0,0.0206016124354,-1
1465.85,0.00827426436908,-1
1476.0,0.00134995424185,-1
1478.95,-0.000648690744603,-1
1461.55,0.0111164128762,-1
1456.3,0.0147084897809,-1
1461.0,0.0114811327802,-1
1451.0,0.0183257597481,-1
1455.6,0.0151555323187,-1
1480.75,-0.00212256605996,-1
1477.2,0.000274867672948,-1
1476.5,0.000748737155754,-1
1475.0,0.00176465317336,-1
1459.0,0.0126121108005,-1
1468.2,0.00630642197252,-1
1472.0,0.00371821873045,-1
1464.8,-0.00117308561737,1
1465.0,-0.00103654820612,1
1465.95,-0.000388084042301,1
1465.0,-0.00103612797286,1
1467.4,0.000602097283115,1
1472.0,0.00373689352136,1
1470.05,0.00241216526049,1
1472.2,0.00387470054841,1
1473.0,0.00441810497715,1
1476.0,0.00645476485495,1
1476.5,0.00679351824249,1
1480.65,0.00960421922454,1
1471.0,0.00308681132936,1
1469.85,0.00230503022806,1
1470.8,0.00295135468294,1
1474.95,0.00577294837345,1
1478.0,0.0078408150808,1
1471.25,0.00327383267214,1
1471.5,0.00344375620655,1
1470.0,0.0024243882147,1
1470.2,0.00256044263647,1
1471.1,0.00317260424713,1
1480.2,0.00935845157226,1
1490.0,0.0159791785011,1
1496.25,0.0201738093735,1
1495.0,0.0193383874855,1
1491.5,0.0169972503617,1
1488.8,0.0151869922323,1
1490.25,0.016160930975,1
1487.0,0.0139800888344,1
1493.3,0.018216807059,1
1493.25,0.0181833241687,1
1496.05,0.0200584288063,1
1495.05,0.0193900019489,1
1513.0,0.031396289364,1
1497.0,0.0208212728406,1
1500.0,0.0228252808566,1
1499.45,0.0224586141899,1
1506.85,0.0273937570757,1
1506.3,0.0270287572416,1
1513.0,0.0314767423707,1
1515.1,0.0328647132894,1
1505.35,0.026429494492,1
1510.9,0.0301163447261,1
1515.5,0.0331608877137,1
1493.0,0.0183143024284,1
1499.1,0.022400035851,1
1509.0,0.0290039982284,1
1507.0,0.0276786171814,1
1511.9,0.0309301102139,1
1513.35,0.0318891683526,1
1511.9,0.0309310291251,1
1510.0,0.0296743322536,1
1504.0,0.0257008223198,1
1497.25,0.021212790405,1
1502.95,0.0250197698673,1
1504.45,0.0260178070608,1
1504.0,0.0257186944283,1
1503.8,0.0255857157049,1
1504.5,0.0260512031367,1
1499.75,0.0228940080553,1
1507.3,0.0279281804174,1
1504.1,0.0258051790241,1
1528.25,0.00974906573381,-1
1524.1,0.00703354144132,1
1528.8,0.0101173285944,1
1527.2,0.00907075611925,1
1528.0,0.00959459058756,1
1527.95,0.00956186807447,1
1525.05,0.00766390020903,1
1525.8,0.00815568736355,1
1528.8,0.0101218690387,1
1529.3,0.0104489229372,1
1538.0,0.0161378002013,1
1533.0,0.0128868249087,1
1534.1,0.0136043722016,1
1531.3,0.0117791978323,1
1529.25,0.0104404660358,1
1531.0,0.0115848178422,1
1523.85,0.00691466761361,1
1524.1,0.00707872575581,1
1519.65,0.00415896983429,1
1520.75,0.004882820721,1
1521.2,0.00517872734602,1
1518.0,0.00307512492688,1
1509.1,-0.00278785267523,1
1504.9,-0.00557096843959,1
1502.0,-0.00749800678101,1
1505.35,-0.00526764726037,1
1502.25,-0.00320832550795,-1
1502.0,-0.00304190846685,-1
1501.0,-0.00237612950546,-1
1499.05,-0.00107699559474,-1
1495.2,0.00149129765766,-1
1495.35,0.00139097663037,-1
1496.95,0.000320993014494,-1
1495.25,0.00145663548752,-1
1488.0,0.00630532299797,-1
1480.9,0.0110768283743,-1
1486.2,0.00749792365421,-1
1484.0,0.00897820894556,-1
1484.35,0.00874235988896,-1
1484.6,0.00857393599971,-1
1486.3,0.00742884641329,-1
1485.35,0.0080680175093,-1
1487.0,0.00695716821452,-1
1484.0,0.00897465308339,-1
1483.0,0.00964850753083,-1
1483.55,0.00927763767243,-1
1482.0,0.0103224288827,-1
1479.6,0.0119418620811,-1
1482.5,0.00998187289482,-1
1486.15,0.00751981555924,-1
1488.2,0.00614041240343,-1
1488.25,0.0061068147687,-1
1487.65,0.00650997284026,-1
1486.2,0.007484664468,-1
1482.9,0.00970509240502,-1
1466.3,0.0208993738805,-1
1459.7,0.0254004991618,-1
1456.25,0.027763998511,-1
1457.0,0.0272489770518,-1
1474.8,0.0150320930435,-1
1468.85,0.0190665383921,-1
1469.85,0.0183857336809,-1
1470.0,0.0182836824512,-1
1474.25,0.0153925259886,-1
1482.95,0.00949122023991,-1
1484.9,0.00817627368069,-1
1474.9,0.0149107339137,-1
1472.95,0.0162328574475,-1
1468.2,0.0194576783851,-1
1469.2,0.0187765722687,-1
1467.0,0.0202739858271,-1
1470.0,0.0182289960521,-1
1488.3,0.00578001646025,-1
1491.05,0.00393227071007,-1
1498.5,-0.00106420828125,-1
1504.9,-0.00533514588552,-1
1494.05,-0.0125449272663,1
1498.7,-0.00943258162865,1
1501.85,-0.00733076004994,1
1504.5,-0.00556626958818,1
1496.0,-0.0112159871023,1
1494.75,-0.0120515485996,1
1498.75,-0.00937551581823,1
1506.75,-0.00403773433366,1
1506.3,-0.00433639038144,1
1507.0,-0.00387167551721,1
1517.35,0.00299627405147,1
1513.15,0.000228290395757,1
1522.0,0.00607701656302,1
1523.0,0.00673404678641,1
1520.1,0.00482991021386,1
1528.6,0.0104216475996,1
1528.5,0.0103562282616,1
1531.45,0.0122862249904,1
1525.0,0.00807453019137,1
1523.25,0.00692698920777,1
1515.8,0.00203613084571,1
1499.7,-0.00858532317197,1
1502.6,-0.00665160309462,1
1501.35,-0.00748349448288,1
1499.25,-0.00888223561586,1
1491.55,-0.0140181368998,1
1490.6,-0.0146550582233,1
1493.1,-0.0129778812476,1
1491.1,-0.014317376258,1
1483.9,-0.00948872626802,-1
1483.1,-0.00894960638123,-1
1481.5,-0.0078707849936,-1
1481.85,-0.00810703204051,-1
1476.2,-0.0042942304749,-1
1470.0,-9.42575714988e-05,-1
1460.7,0.00623227304075,-1
1453.4,0.0112298769293,-1
1456.65,0.00899374097223,-1
1458.0,0.00806695691291,-1
1453.25,0.0113248444301,-1
1463.85,0.00403084821468,-1
1463.35,0.00437241326574,-1
1461.05,0.00594414935075,-1
1460.65,0.00621792506,-1
1458.85,0.00745025313312,-1
1462.6,0.00487973525945,-1
1455.0,0.0100759611585,-1
1439.95,0.0204196037702,-1
1449.0,0.0141346633209,-1
1450.0,0.013444532196,-1
1451.15,0.0126514287477,-1
1451.0,0.0127547950434,-1
1455.1,0.00992915755202,-1
1452.0,0.0120595953226,-1
1455.25,0.0098213033116,-1
1458.25,0.00775980185137,-1
1464.5,0.00347384265371,-1
1470.75,-0.00079382549242,-1
1451.35,0.0123967235472,-1
1449.35,0.013774750901,-1
1450.7,0.0128432988708,-1
1440.0,0.0202190485089,-1
1434.45,0.0240732151756,-1
1434.0,0.0243869242627,-1
1435.75,0.0231665616407,-1
1431.4,0.0261963370194,-1
1435.1,0.0236114550856,-1
1435.0,0.0236811366409,-1
1442.0,0.0188030878604,-1
1436.05,0.0229293014526,-1
1434.0,0.0243568283493,-1
1428.6,0.0281225187259,-1
1425.5,0.0302924753268,-1
1427.85,0.0286439309564,-1
1427.05,0.0292042138993,-1
1428.9,0.0279078332539,-1
1427.0,0.0292375274242,-1
1427.65,0.0287820263731,-1
1431.25,0.026260399924,-1
1428.55,0.0281468628061,-1
1429.4,0.027551853881,-1
1435.35,0.0233892681807,-1
1429.0,0.0278132762623,-1
1432.35,0.0254689795513,-1
1433.0,0.0250151798515,-1
1430.8,0.0265504206052,-1
1423.75,0.0314777339963,-1
1426.55,0.0295110965951,-1
1427.05,0.0291606006433,-1
1430.0,0.0270933990736,-1
1435.8,0.0230374550177,-1
1433.7,0.0245000542655,-1
1439.85,0.0202104539307,-1
1436.05,0.0228496177325,-1
1437.15,0.0220836276904,-1
1435.15,0.0206919845077,1
1446.15,0.0283566885456,1
1441.5,0.025141254462,1
1438.65,0.023164147282,1
1439.9,0.0240330174032,1
1436.5,0.0216717423147,1
1437.0,0.0220198105361,1
1438.65,0.0231680360058,1
1438.0,0.0227162235427,1
1437.1,0.0220903542799,1
1440.75,0.0246301914519,1
1441.0,0.0248037121877,1
1432.0,0.0185580494535,1
1443.9,0.0268681053194,1
1442.1,0.025621481592,1
1432.5,0.0189645229899,1
1425.1,0.0137987289236,1
1424.35,0.013272450066,1
1428.0,0.0158350224674,1
1430.3,0.0174456667251,1
1432.75,0.019158594083,1
1431.5,0.0182861459937,1
1419.15,0.02691346,-1
1416.5,0.028780774942,-1
1411.0,0.0326635846844,-1
1409.05,0.0340455832669,-1
1391.6,0.0464298137768,-1
1386.7,0.0499509405374,-1
1387.1,0.0496624859329,-1
1387.55,0.0493380680828,-1
1388.05,0.0489777207079,-1
1397.8,0.0419534780653,-1
1395.0,0.043956625869,-1
1395.5,0.04359820293,-1
1392.75,0.0455688227795,-1
1393.0,0.0453893217922,-1
1404.95,0.0368107144699,-1
1402.0,0.0389104333211,-1
1395.55,0.0435110039345,-1
1401.55,0.0392116237618,-1
1396.45,0.0428504522018,-1
1397.0,0.042456596353,-1
1398.8,0.0411681210488,-1
1395.6,0.0434557961989,-1
1391.75,0.0462144663049,-1
1388.25,0.0487292857768,-1
1388.05,0.0488733520473,-1
1388.9,0.0482609821759,-1
1388.15,0.048800977856,-1
1372.9,0.0597868223252,-1
1368.95,0.062663943747,-1
1372.15,0.0603263857646,-1
1374.6,0.0585408666887,-1
1373.0,0.0597048416633,-1
1371.85,0.0605424236006,-1
1371.4,0.0608704478015,-1
1372.55,0.0600318886649,-1
1374.5,0.058611175394,-1
1374.0,0.0589749440371,-1
1374.05,0.0589385539352,-1
1379.0,0.0553360649428,-1
1383.5,0.0520728307151,-1
1388.6,0.04838652786,-1
1389.15,0.0479904454749,-1
1385.0,0.0509778838365,-1
1383.15,0.0523136239087,-1
1385.9,0.050325408603,-1
1388.0,0.0488101477617,-1
1400.0,0.0401646146205,-1
1400.0,0.0401646146205,-1
1396.25,0.0428431860491,-1
1395.1,0.0420195513132,1
1406.6,0.0502626880059,1
1404.95,0.0490896466295,1
1424.7,0.0631470863961,1
1404.95,0.049284518838,1
1411.05,0.0536263103608,1
1405.95,0.0500119806064,1
1405.35,0.049585222898,1
1408.8,0.0520401273702,1
1408.75,0.0520046361721,1
1410.0,0.0528919476184,1
1410.0,0.0528919476184,1
1411.35,0.0538493944269,1
1410.15,0.052999144666,1
1412.0,0.054311061838,1
1414.0,0.0557274924329,1
1412.0,0.0543130652759,1
1421.95,0.0613598074855,1
1428.5,0.0659661579197,1
1427.5,0.065266122918,1
1426.65,0.0646706763331,1
1426.2,0.0643552520874,1
1423.0,0.0621115275046,1
1424.05,0.0628494052278,1
1424.6,0.0632356276216,1
1421.9,0.0613403587742,1
1419.95,0.0599689543154,1
1426.8,0.0647930678405,1
1422.4,0.0617092438989,1
1420.15,0.060127410378,1
1438.9,0.0733302410649,1
1434.0,0.0699248619559,1
1432.6,0.0689485718583,1
1429.95,0.0670987882481,1
1428.0,0.0657351042032,1
1427.0,0.0650348240911,1
1424.2,0.0630726657169,1
1425.0,0.0636343845766,1
1425.65,0.0640905249275,1
1425.0,0.0636345925458,1
1426.45,0.0646521364054,1
1428.75,0.0662645308111,1
1427.9,0.0656696051768,1
1434.7,0.0704318434288,1
1441.45,0.0751366597667,1
1441.5,0.0751713470607,1
1442.0,0.0755182079695,1
1444.2,0.0770438667767,1
1449.15,0.0804713698926,1
1449.1,0.0804368669081,1
1451.0,0.0817480255583,1
1448.1,0.0797494039181,1
1450.0,0.0810614680021,1
1446.95,0.0789580197262,1
1446.5,0.0786470207283,1
1447.0,0.0789926826709,1
1444.85,0.0775068499135,1
1441.8,0.0753959041406,1
1439.95,0.0741127858163,1
1440.9,0.0747725309463,1
1438.0,0.0727598999518,1
1435.05,0.0707084395902,1
1435.0,0.0706735975986,1
1430.2,0.0673286498634,1
1427.45,0.0654058418645,1
1424.9,0.0636194395387,1
1409.05,0.0524958519185,1
1412.1,0.0503312729469,-1
1400.05,0.0588646629334,-1
1399.75,0.0590789409949,-1
1401.55,0.0577929970764,-1
1405.8,0.0547606400431,-1
1405.0,0.0553297110347,-1
1409.2,0.0523403871913,-1
1408.15,0.0530854907961,-1
1406.9,0.0539731803179,-1
1412.45,0.0500283370454,-1
1410.85,0.0511611205068,-1
1407.0,0.0538899719084,-1
1411.0,0.0510470436924,-1
1409.5,0.0521101195251,-1
1416.35,0.0472502401352,-1
1410.0,0.0517335952381,-1
1414.95,0.0482229569403,-1
1413.5,0.0492477281336,-1
1414.05,0.0488586230752,-1
1413.0,0.0496011710757,-1
1424.0,0.041816316157,-1
1432.0,0.036198338629,-1
1431.75,0.0363729196345,-1
1420.5,0.0442304366592,-1
1420.75,0.044054442291,-1
1391.8,0.0236778806158,1
1386.9,0.020157259837,1
1391.95,0.0237984740557,1
1377.2,0.0132018290613,1
1380.75,0.0106241351897,-1
1387.05,0.00606139754709,-1
1390.0,0.00393458164283,-1
1401.85,-0.00459059821329,-1
1400.95,-0.00394858943917,-1
1400.6,-0.00369875896699,-1
1410.0,-0.010410168363,-1
1411.5,-0.0114739981502,-1
1413.05,-0.0125721207148,-1
1413.5,-0.0128905807835,-1
1409.5,-0.0100607258136,-1
1421.0,-0.018219647417,-1
1418.75,-0.0166362554395,-1
1421.0,-0.0182221585232,-1
1422.6,-0.0193481261516,-1
1421.25,-0.0183991594709,-1
1428.15,-0.0135442782044,1
1434.7,-0.00895792523027,1
1425.0,-0.0157189205603,1
1433.9,-0.00947330652521,1
1445.0,-0.00173218092371,1
1435.35,-0.00841038161575,1
1457.0,0.00667304751304,1
1458.0,0.00735938931125,1
1456.2,0.00612482141002,1
1458.05,0.00739525129602,1
1459.5,0.00838973022336,1
1458.7,0.00784159730112,1
1458.0,0.0073617179565,1
1463.55,0.0111683023186,1
1460.0,0.00874269335414,1
1461.45,0.00973584403907,1
1464.9,0.0120965132375,1
1471.9,0.0168749964104,1
1468.95,0.0148707841677,1
1472.0,0.0169470971804,1
1473.3,0.0178302493543,1
1470.65,0.0160315661262,1
1472.85,0.0175275032968,1
1471.6,0.0166788085893,1
1472.7,0.0174262943191,1
1473.85,0.0182071729773,1
1470.45,0.0159002896446,1
1472.1,0.0170223951225,1
1470.0,0.015595861599,1
1470.05,0.0156298752044,1
1473.85,0.0182148212947,1
1477.0,0.020352080853,1
1482.5,0.0240758452402,1
1481.65,0.0235024894224,1
1479.5,0.0220514044833,1
1479.0,0.0217134524725,1
1478.9,0.0216458392203,1
1476.5,0.0200230114429,1
1473.0,0.0176525407351,1
1475.0,0.019010313987,1
1473.25,0.017823873309,1
1475.35,0.0192492932988,1
1478.0,0.0210454772552,1
1470.2,0.0157680753607,1
1478.15,0.0211755029216,1
1480.8,0.022968284439,1
1477.65,0.0208410559139,1
1489.8,0.0290635713946,1
1485.65,0.026277962588,1
1488.05,0.0278934171029,1
1488.25,0.0280278211888,1
1494.75,0.032395366964,1
1503.0,0.0379146845756,1
1501.9,0.0371828149815,1
1506.0,0.0399126904725,1
1502.6,0.0376550543504,1
1501.05,0.0366235090289,1
1507.6,0.0409871211671,1
1507.95,0.0412192782379,1
1500.15,0.03604669294,1
1501.25,0.0367799529473,1
1503.25,0.0381121760947,1
1512.0,0.0439328978642,1
1509.85,0.0425109401923,1
1506.95,0.0405902195909,1
1501.5,0.0369736430621,1
1502.35,0.0375397436282,1
1500.75,0.0364747454587,1
1481.0,0.0233146588353,1
1482.8,0.0245300538387,1
1479.0,0.0219673346588,1
1469.85,0.0157807220827,1
1466.0,0.0131614071866,1
1469.0,0.015207791907,1
1472.8,0.0126209981697,-1
1468.35,0.0156424539003,-1
1464.0,0.0186049628389,-1
1469.25,0.0150188972652,-1
1473.95,0.0118199862561,-1
1465.55,0.0175189584058,-1
1476.25,0.0102179451343,-1
1483.0,0.00564554885999,-1
1480.75,0.00716274373524,-1
1479.85,0.00777054383654,-1
1484.15,0.00486484393453,-1
1483.9,0.00503329052011,-1
1484.45,0.00466264559795,-1
1494.0,-0.00177071355864,-1
1493.5,-0.00143604153722,-1
1493.2,-0.00123517109866,-1
1484.9,0.00432336091313,-1
1488.15,0.0021346613374,-1
1494.0,-0.00179639399976,-1
1485.0,0.00422770238578,-1
1473.75,-0.00334805518998,1
1476.95,-0.001176723553,1
1470.0,-0.0058823669397,1
1470.25,-0.00571229891249,1
1467.3,-0.00771876039864,1
1471.05,-0.00516304582084,1
1470.1,-0.00580884304051,1
1470.25,-0.00570680916527,1
1470.0,-0.00587684827426,1
1472.0,-0.00451630405657,1
1471.0,-0.00383695623049,-1
1470.65,-0.00359902285183,-1
1475.25,-0.00672689148135,-1
1474.9,-0.00648964355727,-1
1474.85,-0.00645574295384,-1
1475.0,-0.006557448212,-1
1474.5,-0.00621846516115,-1
1475.0,-0.00655756316048,-1
1476.9,-0.0078456987537,-1
1477.0,-0.00791340814499,-1
1477.5,-0.0082519321802,-1
1476.5,-0.00757511322926,-1
1475.75,-0.00706715522046,-1
1472.85,-0.0051020527302,-1
1474.0,-0.00588285186114,-1
1475.95,-0.00720578266168,-1
1474.3,-0.00608785861276,-1
1470.0,-0.0031712202081,-1
1463.3,0.00138660292116,-1
1470.5,-0.00353378250904,-1
1470.4,-0.00360178658928,1
1477.25,0.00105680971105,1
1471.5,-0.00283555786384,1
1484.75,0.00616885939746,1
1483.1,0.00505756119911,1
1479.75,0.00279877891875,1
1486.65,0.00746172874135,1
1495.0,0.0130783836366,1
1498.5,0.0154195207603,1
1500.65,0.0168542888618,1
1498.0,0.0150883874191,1
1499.0,0.0157559441614,1
1508.0,0.0217599468298,1
1502.55,0.0181458884744,1
1498.95,0.0157499615502,1
1502.85,0.0183517828251,1
1500.05,0.0164886560992,1
1495.65,0.0135554205404,1
1499.55,0.0161629824699,1
1494.8,0.0129953655182,1
1490.8,0.0103194222482,1
1497.0,0.014478263139,1
1493.9,0.0124074548558,1
1498.2,0.0152858269021,1
1500.0,0.0164872686322,1
1493.0,0.0118206019655,1
1491.2,0.0106149757096,1
1494.85,0.0130626688427,1
1496.15,0.0139323213162,1
1493.85,0.0123950423,1
1498.0,0.0151730989992,1
1481.0,0.00382463437967,1
1478.0,0.00179897604071,1
1479.55,0.000750261561681,-1
1478.25,0.0016289070958,-1
1485.15,-0.00303877428421,-1
1483.0,-0.00159110906521,-1
1483.2,-0.0017259708319,-1
1485.0,-0.00293956306491,-1
1484.25,-0.00243451255986,-1
1485.65,-0.00337774988511,-1
1486.0,-0.00361333700186,-1
1490.0,-0.00630512704224,-1
1484.0,-0.00227828140465,-1
1447.0,0.0226543331506,-1
1449.0,0.0212721631437,-1
1445.0,0.0240326876433,-1
1445.85,0.0234444523492,-1
1445.05,0.0239977600921,-1
1443.8,0.0248627820636,-1
1443.65,0.0249666745695,-1
1451.0,0.0198754128371,-1
1449.3,0.0210470186262,-1
1459.45,0.0140436376837,-1
1454.55,0.0174010668522,-1
1453.75,0.0179510651335,-1
1452.5,0.0188109103613,-1
1451.6,0.0194305317038,-1
1451.15,0.0197405344594,-1
1450.0,0.0205330093931,-1
1449.3,0.0210157680138,-1
1448.0,0.0219127527651,-1
1449.65,0.0207732500026,-1
1449.75,0.0207042678345,-1
1446.95,0.0226356353117,-1
1446.0,0.0232921887517,-1
1442.65,0.0256089245746,-1
1437.05,0.0294906699737,-1
1440.0,0.0274378534398,-1
1425.65,0.0374031312176,-1
1432.75,0.0324229467404,-1
1431.45,0.0333302927533,-1
1429.3,0.0348322662766,-1
1430.4,0.0340626587764,-1
1430.9,0.0337131062037,-1
1429.7,0.0345517392319,-1
1431.15,0.0335375404489,-1
1438.5,0.0284018104416,-1
1440.0,0.027359057574,-1
1439.95,0.0273937797963,-1
1433.7,0.0317342082834,-1
1440.25,0.0271656095528,-1
1434.95,0.0308455262339,-1
1434.6,0.0310894371716,-1
1436.8,0.0295559086619,-1
1433.75,0.0316786814904,-1
1429.7,0.0345034417345,-1
1430.0,0.0342936075036,-1
1430.0,0.0342936075036,-1
1429.0,0.0349929082029,-1
1428.65,0.0352378347249,-1
1425.0,0.0377926942076,-1
1426.45,0.036775150348,-1
1425.05,0.0377566078123,-1
1412.0,0.0469141812308,-1
1409.05,0.0490034163583,-1
1410.6,0.0479033844219,-1
1409.45,0.0487186403413,-1
1410.5,0.0479736688986,-1
1411.1,0.047548287828,-1
1413.55,0.0458120536845,-1
1412.25,0.046731724018,-1
1414.85,0.0448906902067,-1
1414.0,0.0454914606064,-1
1414.6,0.0450671324593,-1
1411.85,0.047011144901,-1
1397.3,0.0573167722693,-1
1400.65,0.0549192914134,-1
1399.9,0.0554547570901,-1
1400.0,0.0553833234162,-1
1399.6,0.0556690377019,-1
1398.85,0.0562049050926,-1
1397.0,0.0575274200156,-1
1376.75,0.0720227671881,-1
1378.1,0.0710421970047,-1
1385.0,0.0660353034556,-1
1379.7,0.0698620182571,-1
1373.0,0.0747181464009,-1
1369.55,0.0772308922129,-1
1376.0,0.0725213160748,-1
1372.3,0.0752102695632,-1
1371.45,0.075829667654,-1
1369.0,0.0776160980743,-1
1366.05,0.0797709556346,-1
1366.95,0.0791121217705,-1
1366.5,0.0794413218144,-1
1366.5,0.0794413218144,-1
1357.6,0.0859543112034,-1
1367.0,0.0790303277031,-1
1360.0,0.0841510299708,-1
1358.6,0.0851804417355,-1
1362.45,0.082346642236,-1
1362.75,0.0821264506694,-1
1362.3,0.0824566653089,-1
1361.55,0.0830072048376,-1
1352.2,0.0898743782797,-1
1358.45,0.0852522809568,-1
1359.4,0.0845529545186,-1
1362.0,0.0826403460148,-1
1361.0,0.0833745604054,-1
1361.45,0.0830439211695,-1
1365.95,0.0797386216727,-1
1364.95,0.0804707128913,-1
1371.9,0.0753789512883,-1
1366.95,0.078987085992,-1
1366.0,0.0796820638624,-1
1365.0,0.0804141282841,-1
1368.0,0.0782163260863,-1
1371.35,0.0757674956769,-1
1369.6,0.0770436104543,-1
1368.45,0.0762039492394,1
1368.5,0.076240486928,1
1368.05,0.0759116597449,1
1368.0,0.0758751113732,1
1368.95,0.0765695558176,1
1370.0,0.0773365670306,1
1374.9,0.0809132093664,1
1372.75,0.0793494592754,1
1374.3,0.0804785796542,1
1375.75,0.0815336622417,1
1387.0,0.0897110200466,1
1391.7,0.0930996285542,1
1389.1,0.0912314098289,1
1389.95,0.091843316819,1
1387.35,0.0899727459351,1
1387.55,0.0901169056641,1
1390.0,0.091882607801,1
1388.2,0.0905876437722,1
1387.35,0.0899753400696,1
1386.05,0.0890383018312,1
1390.7,0.0923931591596,1
1390.3,0.0921055342225,1
1390.65,0.0923572784504,1
1400.0,0.0990807530845,1
1395.35,0.0957593245131,1
1403.0,0.101241819944,1
1391.1,0.0927599952829,1
1390.15,0.0920770824801,1
1394.05,0.0948825351291,1
1395.0,0.0955640027952,1
1394.7,0.0953489490318,1
1382.9,0.0868883481857,1
1390.0,0.0920224865905,1
1387.3,0.0900800405474,1
1384.0,0.0877013192903,1
1388.65,0.0910611458799,1
1383.0,0.0869924460635,1
1379.05,0.0841363361575,1
1371.85,0.0789153506965,1
1373.0,0.0780770666275,-1
1380.0,0.0729787417914,-1
1370.75,0.0796816403421,-1
1378.45,0.0740642775845,-1
1375.0,0.0765670887129,-1
1377.25,0.0749307250766,-1
1376.25,0.0756568096654,-1
1376.5,0.0754751566227,-1
1381.05,0.0721696716972,-1
1379.0,0.0736540495257,-1
1376.15,0.0757207645366,-1
1395.75,0.0614781311027,-1
1385.15,0.0690726143554,-1
1387.0,0.0677370189326,-1
1382.05,0.0713058725735,-1
1382.05,0.0713058725735,-1
1381.2,0.0719209009733,-1
1389.65,0.0658030324532,-1
1389.2,0.0661268549985,-1
1399.7,0.0585685480592,-1
1410.0,0.0659272677849,1
1406.0,0.0630903883522,1
1405.0,0.0623791507989,1
1409.85,0.0658311080943,1
1414.5,0.0691293313095,1
1411.0,0.0666549587397,1
1412.4,0.0676471628503,1
1411.45,0.0669745488599,1
1407.0,0.063821762718,1
1400.0,0.0588466383399,1
1403.0,0.0609894954827,1
1407.85,0.064446373601,1
1406.0,0.0631323131543,1
1404.0,0.0617098380476,1
1403.15,0.0611044249422,1
1402.05,0.0603204745448,1
1405.5,0.0627811571168,1
1405.25,0.0626032844736,1
1405.0,0.0624253801861,1
1406.7,0.0636353445989,1
1406.7,0.0636353445989,1
1404.0,0.0617159588024,1
1404.85,0.0623213719078,1
1399.0,0.0581572262695,1
1397.5,0.0570850318449,1
1394.2,0.0547236722742,1
1395.0,0.055297478041,1
1396.5,0.0542222092238,-1
1396.25,0.0544012281998,-1
1395.0,0.0552964833475,-1
1395.0,0.0552964833475,-1
1392.95,0.0567660173977,-1
1393.7,0.0562275917543,-1
1393.9,0.0560840888483,-1
1379.0,0.0667735213758,-1
1372.3,0.0716321145592,-1
1373.05,0.0710855868321,-1
1366.55,0.0758195732127,-1
1362.15,0.0790393602677,-1
1367.45,0.0751484525116,-1
1366.8,0.0756237898183,-1
1369.1,0.073941027161,-1
1374.5,0.0699968302433,-1
1372.05,0.0717792965947,-1
1372.0,0.0718157384153,-1
1374.0,0.0703580124678,-1
1373.1,0.0710130343019,-1
1369.5,0.0736348389774,-1
1358.8,0.0814479094411,-1
1362.0,0.0790928903066,-1
1359.45,0.0809651370026,-1
1360.0,0.0805605616228,-1
1365.7,0.0763693851523,-1
1366.0,0.0761497175825,-1
1360.05,0.0805055008914,-1
1361.95,0.0791084934285,-1
1361.35,0.0795490382356,-1
1363.0,0.0783370060616,-1
1365.0,0.0768696546309,-1
1367.0,0.0754044531657,-1
1369.15,0.0738316660407,-1
1364.4,0.0773009718143,-1
1363.9,0.0776674332626,-1
1368.7,0.0741481136644,-1
1371.0,0.0724676869821,-1
1367.95,0.0746923405197,-1
1371.05,0.0724261758207,-1
1370.0,0.0731920122234,-1
1369.15,0.0738124501796,-1
1366.55,0.0757114386031,-1
1365.0,0.0768456817702,-1
1365.3,0.0766259015504,-1
1369.7,0.0734031666204,-1
1383.85,0.0837338959772,1
1381.7,0.0821802593836,1
1381.05,0.0817098244122,1
1383.75,0.0836648586253,1
1375.9,0.077991868562,1
1375.2,0.0774831106581,1
1376.75,0.0786102194423,1
1376.0,0.0780654582293,1
1376.35,0.0783198186944,1
1375.0,0.077338963534,1
1372.9,0.0758116908068,1
1371.05,0.0744641782421,1
1377.6,0.0792415386593,1
1377.75,0.0793504236767,1
1371.0,0.0744511313523,1
1363.5,0.0689806718337,1
1370.85,0.0743712108876,1
1370.4,0.0740429474014,1
1373.1,0.0760131750722,1
1370.15,0.0738647517964,1
1367.45,0.0718941646344,1
1369.15,0.0731373545134,1
1371.95,0.0710922900573,-1
1367.65,0.0742265150655,-1
1383.65,0.0625276154933,-1
1385.85,0.0609376180228,-1
1392.25,0.0563195136104,-1
1386.0,0.0518303773202,1
1386.5,0.0521911276809,1
1379.95,0.0474670021851,1
1376.1,0.0446770460272,1
1379.0,0.0467844510123,1
1382.1,0.0490324568137,1
1383.5,0.0500454081196,1
1383.75,0.05022610924,1
1384.5,0.05076811466,1
1390.4,0.0550295808933,1
1399.6,0.0616463818139,1
1406.5,0.0665763618082,1
1414.65,0.0723708872259,1
1426.3,0.0806061397619,1
1422.05,0.0776264019788,1
1423.0,0.0782944516254,1
1425.5,0.0800513033472,1
1422.9,0.0782273819161,1
1437.0,0.0881367219962,1
1439.85,0.0901200205348,1
1444.5,0.0933495236081,1
1444.0,0.093003383075,1
1434.35,0.0863205575902,1
1431.0,0.0839850049009,1
1433.0,0.08538262894,1
1427.2,0.081335176044,1
1424.45,0.0794083262682,1
1424.4,0.079373225001,1
1424.6,0.0795136349982,1
1424.05,0.0791275617145,1
1415.95,0.0734395591865,1
1416.4,0.0737573670187,1
1411.45,0.0702625915315,1
1415.15,0.0728840092226,1
1415.0,0.0727780133917,1
1389.35,0.0546508049112,1
1402.75,0.0642956028383,1
1399.5,0.0619787252763,1
1389.3,0.0692670425325,-1
1389.7,0.0689791277553,-1
1391.0,0.0680436740602,-1
1392.95,0.0666418049014,-1
1399.15,0.0621908195824,-1
1401.35,0.0606184363497,-1
1397.85,0.0631160279578,-1
1404.9,0.0580725683592,-1
1403.2,0.0592826188966,-1
1367.6,0.0846532004245,-1
1382.85,0.0735022791025,-1
1377.0,0.0777326728545,-1
1368.15,0.0841596881051,-1
1376.75,0.0778738276366,-1
1376.0,0.0784185888496,-1
1369.05,0.0834694609426,-1
1367.0,0.0849668496428,-1
1371.85,0.0814189345001,-1
1367.3,0.0847356236425,-1
1365.05,0.0863812025206,-1
1373.0,0.0805572400284,-1
1371.75,0.0814676551777,-1
1372.5,0.0809209083215,-1
1358.15,0.0913762817277,-1
1342.3,0.103046568515,-1
1323.65,0.116940630945,-1
1327.6,0.113956458392,-1
1337.0,0.106876012474,-1
1352.35,0.0953950850249,-1
1363.9,0.0868543965936,-1
1358.0,0.0911802269331,-1
1355.1,0.0933157203057,-1
1360.35,0.089441467483,-1
1366.55,0.0848838168784,-1
1367.0,0.0845545204751,-1
1368.9,0.0831646155738,-1
1374.0,0.0794389964636,-1
1358.45,0.0907563181521,-1
1355.45,0.0929647174307,-1
1360.0,0.089607898662,-1
1358.8,0.0904902516032,-1
1359.0,0.0903430629073,-1
1359.45,0.0900119370795,-1
1359.0,0.0903429532993,-1
1360.0,0.0896071181263,-1
1360.75,0.0890556475381,-1
1362.5,0.087769592054,-1
1340.25,0.0714393168246,1
1345.2,0.06774597603,-1
1360.35,0.0564837101959,-1
1358.0,0.0547562135958,1
1354.45,0.0521420751569,1
1354.9,0.0524743133348,1
1355.05,0.0525850226122,1
1355.75,0.053101608716,1
1355.0,0.0525484093799,1
1355.65,0.0530281141769,1
1353.0,0.0549828960159,-1
1375.3,0.0385010039242,-1
1370.85,0.0417366615989,-1
1383.05,0.032837073752,-1
1386.1,0.0350423447111,1
1382.7,0.0325894192367,1
1380.0,0.030636718,1
1381.0,0.0313613556812,1
1381.65,0.0318320291062,1
1381.05,0.0313977657255,1
1373.7,0.0260757281454,1
1375.0,0.0270220774211,1
1368.4,0.0222220774211,1
1364.8,0.0195912677163,1
1373.0,0.0255994740469,1
1358.0,0.0146744922552,1
1344.75,0.00491749667347,1
1352.0,0.0103088333532,1
1348.0,0.0073502534715,1
1355.8,0.0131366036199,1
1342.05,0.00299498981252,1
1342.25,0.00314401555671,1
1336.55,0.00739061641349,-1
1329.15,0.0129272592626,-1
1330.25,0.0120996626783,-1
1338.0,0.00627369011678,-1
1335.1,0.0084411041676,-1
1338.25,0.00608173033793,-1
1329.95,0.0122838599849,-1
1328.0,0.0137500805195,-1
1326.45,0.0149172491942,-1
1323.0,0.0175181764813,-1
1325.0,0.0160064606838,-1
1322.3,0.0180441965329,-1
1323.25,0.0173257513994,-1
1324.95,0.0160410357372,-1
1323.6,0.0170599421111,-1
1321.05,0.0189865060276,-1
1322.15,0.0181538350462,-1
1341.85,0.00325386151826,-1
1356.05,-0.00732854337051,-1
1358.9,-0.00943023578598,-1
1357.0,-0.00803204607371,-1
1352.95,-0.0050475213869,-1
1351.95,-0.00430839577251,-1
1355.8,-0.00715613422437,-1
1359.35,-0.00453775393229,1
1358.95,-0.0048320122175,1
1354.85,-0.00784904742851,1
1367.85,0.00174611070708,1
1359.15,-0.00461423582215,1
1354.05,-0.00836658103791,1
1376.0,0.00784404633922,1
1388.3,0.0167829998276,1
1385.15,0.0145140377877,1
1392.0,0.0194593505697,1
1395.0,0.0216145229835,1
1395.0,0.0216145229835,1
1393.0,0.0201808312272,1
1394.65,0.0213653251253,1
1394.6,0.0213294738364,1
1395.3,0.0218314098754,1
1395.0,0.0216164023502,1
1394.1,0.0209712410598,1
1396.0,0.0223341275099,1
1358.0,-0.00488650286261,1
1351.0,-0.0100411420379,1
1352.5,-0.00893085336281,1
1352.8,-0.00870904190255,1
1352.05,-0.00926344757966,1
1349.0,-0.0115192813136,1
1342.1,-0.0166341812395,1
1340.0,-0.018198893258,1
1341.5,-0.019318296243,-1
1338.0,-0.016709276489,-1
1342.05,-0.0197361823186,-1
1346.05,-0.0227166972026,-1
1356.15,-0.0302201331819,-1
1343.5,-0.0208922564721,-1
1353.4,-0.0282610692745,-1
1347.3,-0.0237539021399,-1
1344.75,-0.0218612279025,-1
1345.0,-0.0220471360639,-1
1352.2,-0.0274002959152,-1
1350.5,-0.0261430854434,-1
1347.75,-0.0241068025852,-1
1351.75,-0.0270747120639,-1
1346.0,-0.0228209669187,-1
1346.0,-0.0228209669187,-1
1348.0,-0.0243068510198,-1
1348.0,-0.0243068510198,-1
1348.45,-0.024640678913,-1
1342.5,-0.0202282053322,-1
1335.5,-0.015014052632,-1
1334.95,-0.014602221857,-1
1339.8,-0.0182353167295,-1
1341.0,-0.0191309727975,-1
1344.7,-0.0218901077714,-1
1344.3,-0.0215926436531,-1
1351.5,-0.0269485909862,-1
1347.9,-0.024284883994,-1
1344.75,-0.0219479153762,-1
1360.0,-0.0332883132196,-1
1371.1,-0.0251265485137,1
1373.75,-0.0231937937913,1
1371.2,-0.0250500267303,1
1376.8,-0.020966012728,1
1378.0,-0.0200944264409,1
1378.25,-0.0199130040897,1
1377.0,-0.0208199513054,1
1380.75,-0.0180966397585,1
1380.05,-0.0186036106077,1
1380.0,-0.018639841179,1
1380.0,-0.018639841179,1
1381.0,-0.0179152034979,1
1352.55,-0.038516217256,1
1348.25,-0.0416953973233,1
1351.5,-0.039284865152,1
1358.6,-0.0340314430284,1
1354.05,-0.0373804788005,1
1368.2,-0.0269303477123,1
1366.55,-0.0281363117527,1
1360.25,-0.0327464613996,1
1364.7,-0.0294750039469,1
1361.35,-0.031929755907,1
1359.05,-0.033619255301,1
1383.85,-0.0153712143901,1
1378.35,-0.0193456335829,1
1381.95,-0.0167338151043,1
1386.05,-0.0137669928604,1
1387.0,-0.0130815919008,1
1381.7,-0.0169027887285,1
1381.2,-0.0172646617834,1
1381.0,-0.0174094634052,1
1374.55,-0.0220799920077,1
1377.05,-0.0202612149534,1
1375.75,-0.0212052620105,1
1375.1,-0.0216777315725,1
1377.0,-0.0202960138793,1
1364.0,-0.0297368272417,1
1371.8,-0.0240183521683,1
1374.2,-0.0222688259984,1
1379.7,-0.0182664973708,1
1384.0,-0.0151498778158,1
1393.0,-0.0086469876424,1
1391.5,-0.009723800277,1
1393.45,-0.00832243484402,1
1395.0,-0.00721008779174,1
1389.2,-0.0113677938849,1
1383.25,-0.0156508344838,1
1393.0,-0.00860221709724,1
1389.55,-0.0110788861568,1
1388.0,-0.0121943551936,1
1380.55,-0.0175617903521,1
1379.3,-0.0184672265912,1
1382.2,-0.0163647108224,1
1377.25,-0.0199459581093,1
1372.75,-0.0232133387592,1
1379.75,-0.0181140854355,1
1376.4,-0.0205420615182,1
1377.6,-0.0196702219366,1
1373.9,-0.0223560523664,1
1375.3,-0.0213370553506,1
1375.75,-0.0210098540127,1
1379.5,-0.0182840680777,1
1385.55,-0.0226697150513,-1
1382.8,-0.0206849436609,-1
1387.7,-0.0242284785177,-1
1388.25,-0.0246248177841,-1
1387.45,-0.0240485527022,-1
1387.15,-0.0238323286941,-1
1386.0,-0.0230032907386,-1
1385.0,-0.0222817900171,-1
1380.9,-0.0193215012084,-1
1378.15,-0.0173300463601,-1
1377.3,-0.0167132775033,-1
1379.6,-0.018383211432,-1
1392.9,-0.0280236869322,-1
1391.1,-0.0267314190019,-1
1398.0,-0.0217713154867,1
1398.85,-0.0211633040418,1
1399.65,-0.0205914056967,1
1405.25,-0.0165904054467,1
1405.0,-0.0167683097342,1
1394.75,-0.0240636833997,1
1394.9,-0.0239561372444,1
1393.9,-0.0246730345131,1
1386.95,-0.0296590449873,1
1383.2,-0.0323628194564,1
1369.0,-0.0426288691962,1
1367.25,-0.0439071745285,1
1385.45,-0.0305957830493,1
1377.0,-0.0366948844243,1
1381.8,-0.0332090456443,1
1379.1,-0.0312550725657,-1
1383.45,-0.034409303586,-1
1382.45,-0.0336864729813,-1
1383.0,-0.034084317388,-1
1377.8,-0.0303243752332,-1
1379.6,-0.0316308057747,-1
1382.55,-0.0337691067315,-1
1383.85,-0.0347093982218,-1
1388.6,-0.0381418511611,-1
1384.25,-0.0350091995696,-1
1387.5,-0.0373570413612,-1
1388.2,-0.0378615458657,-1
1391.5,-0.0402387249465,-1
1390.55,-0.0395560084535,-1
1391.2,-0.0400234493941,-1
1395.8,-0.0433299473815,-1
1388.7,-0.0382432587441,-1
1373.4,-0.0272257603644,-1
1358.0,-0.0160127124541,-1
1356.55,-0.0149449657678,-1
1345.0,-0.00643072007095,-1
1348.45,-0.00899577583303,-1
1344.6,-0.006140645869,-1
1336.5,-0.00011654948346,-1
1340.05,-0.00277274102854,-1
1343.5,-0.00534727182963,-1
1344.9,-0.00638932616532,-1
1343.6,-0.00542271154713,-1
1350.35,-0.0104465281592,-1
1355.0,-0.013890079831,-1
1351.15,-0.0110487514177,-1
1348.65,-0.00919847572665,-1
1346.0,-0.00723354783579,-1
1343.9,-0.0056733695297,-1
1334.6,0.00124678822013,-1
1337.55,-0.000963611899754,-1
1339.0,-0.00204768352324,-1
1339.1,-0.0021223661222,-1
1339.4,-0.00234639718784,-1
1337.15,-0.000666540535608,-1
1329.5,0.00505458274899,-1
1327.85,0.00629565081969,-1
1333.0,0.00241720069355,-1
1336.5,-0.000208455720554,-1
1332.4,0.00285925845827,-1
1344.0,-0.00584683580772,-1
1343.45,-0.00543760961724,-1
1353.8,-0.0131416551716,-1
1354.0,-0.0132893874807,-1
1346.3,-0.00760253371403,-1
1346.5,-0.00775108901374,-1
1345.65,-0.00711982276792,-1
1342.65,-0.00489041690458,-1
1345.15,-0.00675240625401,-1
1347.0,-0.00812771755758,-1
1335.75,0.000224175538191,-1
1340.0,-0.00295755757055,-1
1338.05,-0.00150233368995,-1
1311.5,0.0183399741461,-1
1306.9,0.0218474083817,-1
1309.0,0.0202405524631,-1
1305.5,0.0229143492545,-1
1317.8,0.0134926717364,-1
1316.3,0.0146309324739,-1
1320.3,0.0115921115365,-1
1330.0,0.00424529641869,-1
1333.7,0.00146334153147,-1
1337.45,-0.00134838524366,-1
1339.95,-0.00321761399988,-1
1333.15,0.00185720222461,-1
1325.0,0.00797054280894,-1
1338.5,-0.00221813643634,-1
1336.7,-0.000873347493498,-1
1328.7,0.0051115406639,-1
1331.0,0.00338052538581,-1
1331.5,0.00300486798536,-1
1329.55,0.00446938169171,-1
1329.25,0.00469502194593,-1
1334.9,0.000444504736977,-1
1333.5,0.00149327243493,-1
1334.3,0.000893347425558,-1
1337.8,-0.00172975082821,-1
1348.5,0.00626845518166,1
1358.85,0.0139436498424,1
1365.0,0.0184695357018,1
1362.2,0.0164182536505,1
1363.25,0.0171890655724,1
1366.85,0.0198298137844,1
1366.05,0.0192445264449,1
1364.0,0.0177438493101,1
1363.6,0.0174505941781,1
1364.25,0.0179272735562,1
1358.5,0.013712503536,1
1359.95,0.014779857235,1
1356.9,0.0125371277229,1
1362.25,0.0164799385416,1
1373.55,0.02477503856,1
1368.95,0.0214260523564,1
1371.2,0.0230696478127,1
1369.0,0.0214652137404,1
1368.4,0.0210269376264,1
1368.9,0.0213923278632,1
1369.1,0.0215384305734,1
1371.6,0.0233644476649,1
1370.65,0.0226718259093,1
1370.6,0.0226353468665,1
1374.1,0.0251889730157,1
1367.7,0.0205313789541,1
1374.8,0.025722575854,1
1369.0,0.0215037803928,1
1361.9,0.0163175130444,1
1359.9,0.0148489764411,1
1354.0,0.0105104221357,1
1357.15,0.0128368623129,1
1357.8,0.0133158071606,1
1357.25,0.0129107401404,1
1353.85,0.01541580553,-1
1353.8,0.0154527372432,-1
1353.0,0.0160436664795,-1
1352.8,0.0161914861395,-1
1348.0,0.019739682473,-1
1337.8,0.0273064480516,-1
1344.5,0.0222982255969,-1
1344.0,0.0226701110562,-1
1347.95,0.0197311229609,-1
1346.9,0.0205100836049,-1
1347.0,0.0204358390433,-1
1355.0,0.0144967150641,-1
1354.75,0.0146812169091,-1
1352.5,0.0163420399392,-1
1349.2,0.018781966002,-1
1350.0,0.0181890220352,-1
1351.85,0.0168186516648,-1
1347.0,0.0204063278123,-1
1353.0,0.0159519848279,-1
1356.7,0.0132173211177,-1
1357.3,0.0127750715415,-1
1350.55,0.0177481799184,-1
1356.7,0.0131944795741,-1
1351.6,0.0169536009716,-1
1350.05,0.0181003899624,-1
1353.25,0.0157301073803,-1
1358.8,0.0116288696194,-1
1353.55,0.00776516635177,1
1356.95,0.0102770794691,1
1354.05,0.0081399336642,1
1357.9,0.0109832555504,1
1358.0,0.0110568986758,1
1356.45,0.009915514287,1
1358.25,0.0112425075414,1
1357.0,0.0103222056824,1
1356.6,0.0100274378121,1
1356.75,0.0101380083561,1
1348.2,0.00383618414387,1
1350.0,0.00517129762852,1
1349.95,0.00513426059148,1
1349.5,0.00480091491201,1
1348.15,0.00380054440441,1
1349.95,0.00513570740556,1
1351.8,0.00650612853227,1
1354.45,0.00454577936819,-1
1354.8,0.00428737189653,-1
1355.0,0.0041397486311,-1
1357.0,0.00266373387095,-1
1355.0,0.00413757322246,-1
1354.15,0.00476487949553,-1
1353.1,0.00554027365422,-1
1349.15,0.00845949618028,-1
1345.0,0.0115355070019,-1
1342.85,0.0131340200131,-1
1347.0,0.0100435780426,-1
1350.45,0.00748233082658,-1
1354.55,0.00444630579789,-1
1349.25,0.00835904434575,-1
1349.0,0.00854433246878,-1
1349.0,0.00854433246878,-1
1350.0,0.00780304262445,-1
1352.95,0.00561785743926,-1
1350.2,0.00765045287886,-1
1348.05,0.00924280956676,-1
1349.95,0.00783336629685,-1
1348.6,0.00883340333526,-1
1352.0,0.00631227030842,-1
1357.1,0.0025400809593,-1
1362.65,-0.00154952187026,-1
1370.55,0.00424800500751,1
1373.4,0.00632746215975,1
1369.0,0.00312373418538,1
1368.0,0.00239327399546,1
1369.45,0.00345321551593,1
1372.45,0.00564387600007,1
1372.05,0.00535242640263,1
1371.1,0.0046600318106,1
1375.1,0.00757739742944,1
1377.0,0.0089591151227,1
1376.0,0.00823289871021,1
1377.35,0.00921400336137,1
1379.6,0.0108475750752,1
1379.9,0.0110650294098,1
1384.95,0.0147247148942,1
1388.1,0.0169991652354,1
1385.0,0.0147658967389,1
1385.0,0.0147658967389,1
1382.0,0.0125998317569,1
1377.9,0.009633116851,1
1375.25,0.00770990036214,1
1374.0,0.00680097471225,1
1372.0,0.00534537063656,1
1373.65,0.00654799454327,1
1369.2,0.00330845026343,1
1375.0,0.00754450051175,1
1378.1,0.0097990459663,1
1378.0,0.00972648229167,1
1378.05,0.00976276676192,1
1372.95,0.00606188508128,1
1376.95,0.00897531965647,1
1375.95,0.00824907687351,1
1377.95,0.00970261806323,1
1386.5,0.0159074876158,1
1398.8,0.0247787461806,1
1391.1,0.0192740278506,1
1395.6,0.0225088779692,1
1395.85,0.0226880123916,1
1398.6,0.0246581381215,1
1393.45,0.0209758844392,1
1390.35,0.0187511903347,1
1397.55,0.0239297424978,1
1397.7,0.0240370731836,1
1395.75,0.02264192401,1
1394.0,0.0213881178126,1
1393.85,0.0212805137954,1
1394.5,0.0217468480494,1
1395.95,0.0227866472606,1
1382.4,0.0130799958763,1
1380.0,0.0113438847652,1
1382.3,0.0130105514318,1
1379.95,0.0113104863229,1
1379.5,0.0109843875512,1
1383.0,0.013521538693,1
1381.05,0.0121115603849,1
1382.35,0.0130528731542,1
1379.0,0.0106294637427,1
1376.95,0.00914287926119,1
1375.8,0.0099780584616,-1
1376.65,0.0093602361037,-1
1381.15,0.00609143139662,-1
1371.55,0.0130421608612,-1
1381.0,0.0061521459146,-1
1375.1,0.0104244123882,-1
1376.75,0.00922449965455,-1
1377.35,0.00878869068415,-1
1378.25,0.00813526199863,-1
1375.2,0.0103482132049,-1
1376.45,0.00943925450795,-1
1374.2,0.0110738943423,-1
1374.75,0.0106736614796,-1
1375.6,0.0100553672442,-1
1374.95,0.0105278883259,-1
1390.65,-0.000890708713945,-1
1391.1,-0.00121429840222,-1
1394.7,-0.00380217849711,-1
1391.05,-0.0011851282354,-1
1392.65,-3.49179625884e-05,1
1389.5,-0.00229679280551,1
1390.0,-0.00193695113585,1
1391.25,-0.00103767056031,1
1385.3,-0.00531440012006,1
1389.0,-0.0026434985103,1
1387.5,-0.00372341211721,1
1402.0,0.00672703833324,1
1400.2,0.00544315816206,1
1385.25,-0.00523388797421,1
1390.2,-0.00166052576522,1
1397.4,0.00351858515407,1
1388.0,-0.00320819314849,1
1392.85,0.000286043162748,1
1393.0,0.000393736022711,1
1394.0,0.00111161111245,1
1393.85,0.00100400709523,1
1394.6,0.00154208508067,1
1396.75,0.0030837457719,1
1397.0,0.00326273270586,1
1396.0,0.0025469130924,1
1390.0,-0.00175108117694,1
1393.05,0.000443163427375,1
1383.1,-0.00669943734072,1
1387.0,-0.00387968461135,1
1386.45,-0.00427622390479,1
1391.55,-0.00795468327945,-1
1391.0,-0.00755944056449,-1
1389.0,-0.00612162604256,-1
1387.45,-0.00500571531542,-1
1388.0,-0.00540212599689,-1
1388.05,-0.00543814905164,-1
1386.1,-0.00403330052313,-1
1386.05,-0.00399722808969,-1
1381.2,-0.000498075822451,-1
1391.05,-0.00762955569503,-1
1403.75,-0.0167593497355,-1
1402.0,-0.0155126890053,-1
1399.05,-0.0134085520581,-1
1398.4,-0.0138731530373,1
1401.9,-0.0113702926254,1
1396.15,-0.0154718690574,1
1397.9,-0.0142184220782,1
1396.45,-0.0152556922692,1
1397.15,-0.014754421189,1
1398.6,-0.013716594184,1
1393.3,-0.0175060979735,1
1391.0,-0.0191568551687,1
1390.1,-0.0198038717035,1
1390.6,-0.01944418535,1
1395.35,-0.0160283936055,1
1392.05,-0.0183933916346,1
1392.2,-0.0182856368844,1
1392.0,-0.0184292944049,1
1389.0,-0.0205844668187,1
1385.5,-0.0231042652348,1
1381.4,-0.0260634857328,1
1381.25,-0.0261720712258,1
1388.9,-0.0317105327643,-1
1390.3,-0.0327185247003,-1
1378.55,-0.0242671113363,-1
1377.8,-0.0237230614288,-1
1381.1,-0.0261181840881,-1
1382.0,-0.0267698385664,-1
1385.8,-0.0295194767719,-1
1383.2,-0.0276433041641,-1
1382.0,-0.0267757506649,-1
1382.25,-0.0269566479153,-1
1384.95,-0.0289099848659,-1
1380.9,-0.0259856915701,-1
1380.35,-0.0255874006005,-1
1376.75,-0.0229793664062,-1
1369.85,-0.0179675632466,-1
1368.0,-0.0166170504168,-1
1374.0,-0.021003015329,-1
1365.25,-0.0146347474979,-1
1369.5,-0.017747730468,-1
1374.25,-0.0212161495991,-1
1375.0,-0.0217619018276,-1
1384.7,-0.0288164472821,-1
1381.7,-0.0266499130148,-1
1386.0,-0.0297620212872,-1
1392.3,-0.0343074758327,-1
1397.0,-0.0376831850907,-1
1420.45,-0.0544691550263,-1
1416.55,-0.0572147638123,1
1419.05,-0.0554499125892,1
1420.5,-0.0544281022231,1
1421.6,-0.0536537270031,1
1424.6,-0.0515434287476,1
1419.8,-0.0549127955875,1
1418.5,-0.055828417506,1
1415.4,-0.0580138246262,1
1419.65,-0.0550111398728,1
1421.0,-0.0540602012612,1
1420.0,-0.0547639310289,1
1436.85,-0.0428977338458,1
1429.5,-0.0480130903549,1
1429.0,-0.0483628630027,1
1424.3,-0.0516518762987,1
1420.7,-0.0541794336953,1
1421.3,-0.0537571066734,1
1420.2,-0.0545310460247,1
1419.2,-0.0552351722041,1
1418.05,-0.0560454878749,1
1416.3,-0.0572795769409,1
1416.0,-0.0574913964706,1
1415.0,-0.0581976111599,1
1405.6,-0.0648407207005,1
1393.0,-0.0738048641268,1
1391.8,-0.0746663142345,1
1389.6,-0.0762470011148,1
1392.35,-0.0782259878736,-1
1394.35,-0.0796624083139,-1
1394.0,-0.079411395297,-1
1393.3,-0.0789092432167,-1
1392.6,-0.0784068388529,-1
1391.3,-0.0774733331801,-1
1388.5,-0.075460826891,-1
1390.85,-0.0771533007837,-1
1392.9,-0.0786272196103,-1
1391.35,-0.0775144333371,-1
1380.0,-0.0693568885065,-1
1376.3,-0.0666757290862,-1
1383.5,-0.0719071466551,-1
1382.6,-0.0712566226218,-1
1379.0,-0.0686528326609,-1
1379.0,-0.0686528326609,-1
1382.75,-0.0713721945173,-1
1381.9,-0.070757477468,-1
1380.85,-0.0699976540364,-1
1382.7,-0.0713374085355,-1
1382.6,-0.0712650862675,-1
1384.8,-0.0728562912436,-1
1358.0,-0.0535033160847,-1
1359.65,-0.054718338176,-1
1365.0,-0.0586531743471,-1
1361.0,-0.0557227714167,-1
1360.0,-0.0549880175592,-1
1359.0,-0.0542527234416,-1
1361.5,-0.0560923113739,-1
1361.3,-0.0559454145689,-1
1361.0,-0.0557250369887,-1
1362.0,-0.0564597908461,-1
1362.5,-0.0568268980414,-1
1368.85,-0.0614874485001,-1
1362.55,-0.0568850450228,-1
1355.85,-0.0519677942797,-1
1354.55,-0.0510089861519,-1
1354.7,-0.0511197240354,-1
1351.5,-0.0487575774346,-1
1349.9,-0.0475737076603,-1
1340.95,-0.0409435869106,-1
1340.1,-0.0403097079442,-1
1339.0,-0.0394888736781,-1
1337.8,-0.0385926824907,-1
1340.0,-0.040237173446,-1
1333.0,-0.0350132928489,-1
1319.0,-0.0245106671925,-1
1320.0,-0.0252688173063,-1
1316.6,-0.0226930597305,-1
1316.85,-0.0228829427625,-1
1324.0,-0.0283125664858,-1
1329.45,-0.0324288806852,-1
1330.15,-0.0329554142141,-1
1330.5,-0.0332185424327,-1
1333.0,-0.0350975352926,-1
1326.0,-0.0298462224644,-1
1326.0,-0.0298462224644,-1
1329.3,-0.0323349102472,-1
1328.5,-0.0317330897401,-1
1326.05,-0.0298889045689,-1
1306.8,-0.0153721065598,-1
1308.0,-0.0162903802053,-1
1305.2,-0.0141497074224,-1
1307.45,-0.0158735811583,-1
1309.5,-0.0174415187467,-1
1309.35,-0.0173269712095,-1
1315.0,-0.0216420893979,-1
1314.95,-0.0216040665842,-1
1317.3,-0.0233912067796,-1
1327.5,-0.0311343176883,-1
1327.7,-0.031284976822,-1
1321.55,-0.0266529063242,-1
1331.45,-0.0341441098352,-1
1328.5,-0.0319284802584,-1
1328.35,-0.0318155709622,-1
1327.2,-0.0309498352751,-1
1325.0,-0.0292922101998,-1
1324.15,-0.0286507007658,-1
1322.0,-0.0302743838833,1
1318.7,-0.0277781660315,-1
1322.0,-0.0302806305799,-1
1323.5,-0.031415275058,-1
1326.7,-0.0338331065654,-1
1326.35,-0.0340969190324,1
1327.4,-0.0333052727852,1
1332.75,-0.0292748373475,1
1331.0,-0.0305879118176,1
1331.0,-0.0305879118176,1
1332.75,-0.029273110916,1
1336.8,-0.0262342814281,1
1337.5,-0.0257106428883,1
1333.0,-0.0290751288696,1
1333.05,-0.0290376194922,1
1328.6,-0.0323758288617,1
1325.5,-0.0347091120169,1
1333.95,-0.028334159169,1
1334.85,-0.0276594712121,1
1336.95,-0.0260862607391,1
1330.5,-0.0309106745167,1
1334.65,-0.0277915463694,1
1333.5,-0.0286531954909,1
1332.4,-0.0294780923787,1
1332.0,-0.0297783025259,1
1333.0,-0.0290275517751,1
1333.65,-0.0285399298696,1
1332.2,-0.0296271716497,1
1332.5,-0.029401980237,1
1331.35,-0.0302650196366,1
1332.05,-0.0297392375357,1
1337.0,-0.0260231608119,1
1339.65,-0.0240411114477,1
1335.0,-0.0275121673205,1
1339.0,-0.0245159126388,1
1341.45,-0.0226861889644,1
1338.65,-0.0247734825646,1
1345.2,-0.0198804933591,1
1342.6,-0.021813291456,1
1342.0,-0.0222601855421,1
1340.0,-0.0237504985079,1
1340.45,-0.0234146776123,1
1337.9,-0.0253170238393,1
1339.95,-0.0237847718026,1
1343.05,-0.0214712526414,1
1343.9,-0.0208383648115,1
1340.35,-0.0234799304041,1
1342.6,-0.0218012643841,1
1344.0,-0.0207585115165,1
1343.3,-0.0212793448498,1
1344.2,-0.0206093530386,1
1344.0,-0.0207581404215,1
1344.2,-0.0206093308976,1
1342.0,-0.0222459921088,1
1343.0,-0.0215008356259,1
1344.6,-0.0203094730049,1
1349.9,-0.0163677803082,1
1355.2,-0.0124415635514,1
1353.05,-0.0140280452515,1
1346.5,-0.0188689602214,1
1345.0,-0.0199829594787,1
1341.5,-0.022585189962,1
1344.55,-0.020311615605,1
1347.0,-0.0184894446184,1
1344.6,-0.0202711818121,1
1346.0,-0.0192299799677,1
1344.85,-0.0200843633258,1
1344.0,-0.0207164040739,1
1339.5,-0.0240646183596,1
1330.0,-0.0311568169411,1
1337.85,-0.025254561302,1
1334.25,-0.0279454459304,1
1337.5,-0.0303812713004,-1
1335.9,-0.0291850096182,-1
1336.55,-0.0296715729837,-1
1336.0,-0.0292600657449,-1
1336.75,-0.0298214429904,-1
1336.65,-0.0297466346867,-1
1336.5,-0.0296344138361,-1
1336.5,-0.0296344138361,-1
1356.9,-0.0448981624331,-1
1356.75,-0.0447876163354,-1
1347.95,-0.0383015282573,-1
1359.4,-0.0467959086127,-1
1363.0,-0.0494441357717,-1
1357.5,-0.053479352206,1
1350.25,-0.0588200520219,1
1348.5,-0.0601161083077,1
1348.95,-0.0597824041921,1
1347.9,-0.060560787379,1
1348.0,-0.060486597899,1
1351.9,-0.0575934228249,1
1355.85,-0.0546716090812,1
1354.0,-0.0560360668015,1
1354.4,-0.0557406458266,1
1347.9,-0.0605398188922,1
1344.0,-0.0634332086095,1
1343.05,-0.0641400538476,1
1341.2,-0.0655175155951,1
1342.7,-0.0643991141636,1
1344.35,-0.0631702469557,1
1342.0,-0.0649183036374,1
1343.4,-0.0638750845614,1
1343.3,-0.0639495225545,1
1343.7,-0.0636517484162,1
1344.4,-0.0641726980329,-1
1353.3,-0.0707927515884,-1
1358.6,-0.0747091042079,-1
1361.15,-0.076586036344,-1
1361.75,-0.0770268400761,-1
1355.35,-0.0723270053047,-1
1360.6,-0.0762005435051,-1
1361.6,-0.0754655736389,1
1360.4,-0.0763468897376,1
1362.0,-0.0751707650684,1
1358.1,-0.0780342011917,1
1361.25,-0.0757147843594,1
1362.0,-0.0751638201721,1
1358.2,-0.0779538348564,1
1372.15,-0.0676828880149,1
1363.0,-0.074351255176,1
1360.0,-0.076552282322,1
1362.3,-0.0748611058514,1
1361.0,-0.0758153743679,1
1362.75,-0.0745295551173,1
1360.05,-0.0765108429544,1
1360.8,-0.0759593926401,1
1359.75,-0.0767309975783,1
1362.8,-0.0744879381924,1
1361.75,-0.0752584107489,1
1362.0,-0.0750748234532,1
1361.9,-0.0751482448922,1
1359.65,-0.0768003485709,1
1354.5,-0.0805880880627,1
1355.1,-0.0801451201779,1
1357.4,-0.0784478284651,1
1354.6,-0.0763850614104,-1
1354.35,-0.0762005050838,-1
1354.5,-0.0763112593202,-1
1351.0,-0.073727279992,-1
1353.0,-0.0752076648921,-1
1354.7,-0.0764641320022,-1
1350.4,-0.0732899975075,-1
1350.2,-0.0731418932421,-1
1337.8,-0.0639580686235,-1
1341.4,-0.0666490538231,-1
1338.4,-0.0644125844627,-1
1338.2,-0.0642631523049,-1
1335.5,-0.062245516675,-1
1335.75,-0.0624327124818,-1
1332.9,-0.0602990796912,-1
1335.2,-0.0620246404985,-1
1335.1,-0.0619497453517,-1
1335.55,-0.0622867987559,-1
1335.1,-0.0619498589184,-1
1333.15,-0.0604892941667,-1
1340.0,-0.0656275006701,-1
1338.9,-0.0648066051477,-1
1337.95,-0.0640970674675,-1
1340.0,-0.0656292622431,-1
1344.3,-0.068838217467,-1
1348.55,-0.0719997141567,-1
1347.5,-0.0712211000898,-1
1348.9,-0.0722600611287,-1
1347.95,-0.0715557835692,-1
1348.15,-0.0717041570252,-1
1348.2,-0.0717412448864,-1
1348.5,-0.0719637638005,-1
1353.8,-0.0758940567185,-1
1345.6,-0.0819510813898,1
1347.1,-0.0808363370379,1
1347.45,-0.0805765196524,1
1346.95,-0.0809475909352,1
1346.0,-0.081652888088,1
1346.7,-0.0811328286526,1
1346.1,-0.081578362179,1
1346.1,-0.081578362179,1
1349.6,-0.0789782581749,1
1348.1,-0.0800896986017,1
1348.7,-0.0796446277612,1
1339.1,-0.0867625932094,1
1335.0,-0.0898243511065,1
1328.0,-0.0950677967994,1
1321.3,-0.100112977522,1
1314.4,-0.0948908478016,-1
1319.0,-0.0983905434802,-1
1313.1,-0.0939174578092,-1
1319.3,-0.098639108864,-1
1320.05,-0.0992075921506,-1
1321.55,-0.100343912744,-1
1324.15,-0.102311299525,-1
1318.0,-0.0976668106078,-1
1313.35,-0.0941387377701,-1
1313.45,-0.0942148789358,-1
1315.0,-0.0953949771505,-1
1311.45,-0.0926953573786,-1
1317.85,-0.0975754519304,-1
1313.6,-0.0943505022017,-1
1315.7,-0.0959491623722,-1
1317.85,-0.0975832734918,-1
1317.85,-0.0975832734918,-1
1318.5,-0.0980765010974,-1
1317.0,-0.0969388446696,-1
1325.15,-0.103127151427,-1
1325.0,-0.103013956695,-1
1324.85,-0.102900749148,-1
1325.75,-0.103580071335,-1
1328.4,-0.1055789399,-1
1330.65,-0.107272706838,-1
1339.4,-0.113848440502,-1
1341.0,-0.112653875771,1
1333.65,-0.118134860111,1
1332.95,-0.118659735453,1
1331.85,-0.119484972709,1
1330.7,-0.120348433309,1
1331.0,-0.120122988055,1
1318.05,-0.129852514726,1
1317.2,-0.130497406802,1
1319.4,-0.128827197266,1
1329.0,-0.121551162705,1
1326.35,-0.123545143141,1
1335.05,-0.116985788522,1
1338.0,-0.114776133453,1
1335.8,-0.116420378595,1
1337.8,-0.11492314847,1
1337.0,-0.115521145181,1
1340.6,-0.112828549819,1
1342.0,-0.1117842413,1
1339.05,-0.113982452924,1
1339.0,-0.11401979283,1
1338.2,-0.114617253621,1
1337.35,-0.115252435208,1
1332.0,-0.119252883857,1
1332.5,-0.118877508481,1
1333.5,-0.118127039438,1
1329.7,-0.120976683233,1
1335.35,-0.116727604493,1
1335.2,-0.116839934594,1
1335.8,-0.116390563713,1
1335.65,-0.116502855973,1
1335.1,-0.116914640497,1
1337.95,-0.114779968937,1
1338.5,-0.11436889229,1
1337.5,-0.115115997258,1
1344.2,-0.110106651464,1
1344.1,-0.110181045155,1
1341.75,-0.111929426972,1
1345.15,-0.109395422873,1
1345.05,-0.109469764024,1
1346.45,-0.108428910524,1
1349.0,-0.106535041461,1
1349.35,-0.106275590016,1
1348.0,-0.107276071729,1
1348.0,-0.107276071729,1
1349.95,-0.105829484192,1
1348.9,-0.106607290777,1
1355.35,-0.101825616821,1
1361.0,-0.0976569519004,1
1357.0,-0.10059596733,1
1354.55,-0.102401420536,1
1352.5,-0.103914838276,1
1352.5,-0.103914838276,1
1355.25,-0.101881566557,1
1354.0,-0.102803905609,1
1354.7,-0.102286918903,1
1355.6,-0.101622565171,1
1361.0,-0.0976390892197,1
1359.75,-0.0985575315416,1
1355.0,-0.102050820749,1
1357.15,-0.100464104882,1
1353.55,-0.1031167225,1
1349.0,-0.106478253289,1
1343.5,-0.110555347433,1
1341.15,-0.112304510068,1
1341.35,-0.112155384318,1
1347.15,-0.107831382379,1
1349.2,-0.106309651317,1
1346.0,-0.108681427185,1
1349.75,-0.111467459874,-1
1352.55,-0.113541918107,-1
1348.0,-0.110177901989,-1
1350.0,-0.111661581515,-1
1343.25,-0.106661581515,-1
1354.65,-0.115148460353,-1
1353.5,-0.114299532586,-1
1353.35,-0.114188708796,-1
1352.1,-0.11326507485,-1
1356.95,-0.116852087645,-1
1354.7,-0.115193957279,-1
1352.6,-0.113643798573,-1
1350.5,-0.112091233143,-1
1351.2,-0.112609559689,-1
1351.6,-0.112905592844,-1
1355.2,-0.115569102759,-1
1350.6,-0.112174769819,-1
1343.9,-0.107214011637,-1
1349.45,-0.111343783198,-1
1350.15,-0.110825053345,1
1355.6,-0.106788464818,1
1358.35,-0.104759842805,1
1356.95,-0.105790505006,1
1358.0,-0.105016710835,1
1358.2,-0.10486943543,1
1354.0,-0.107961763511,1
1349.8,-0.111063683748,1
1348.9,-0.111730449194,1
1355.5,-0.106837573518,1
1356.3,-0.106247385395,1
1355.5,-0.106837225401,1
1353.1,-0.108607789769,1
1353.8,-0.108090459194,1
1352.95,-0.108718321508,1
1353.8,-0.108090064736,1
1353.0,-0.108680993972,1
1348.85,-0.111748251917,1
1347.75,-0.112563761425,1
1347.8,-0.112600860294,-1
1347.0,-0.112007300418,-1
1341.0,-0.107552957434,-1
1344.25,-0.109976521938,-1
1347.55,-0.11243142244,-1
1348.7,-0.113284823056,-1
1351.5,-0.115360896312,-1
1347.7,-0.112549205598,-1
1347.0,-0.11202980217,-1
1345.0,-0.110545021175,-1
1344.3,-0.110024575078,-1
1344.0,-0.109801410606,-1
1344.9,-0.110471053463,-1
1345.55,-0.110954360772,-1
1344.95,-0.110508446462,-1
1347.35,-0.112292899416,-1
1352.35,-0.116003887652,-1
1347.5,-0.112417537964,-1
1349.9,-0.114198614031,-1
1348.95,-0.113494858197,-1
1345.0,-0.11056665478,-1
1344.5,-0.110194907568,-1
1339.9,-0.106773561343,-1
1334.95,-0.103079255798,-1
1335.0,-0.103116710384,-1
1334.75,-0.102929444466,-1
1333.75,-0.102180240495,-1
1329.3,-0.0988437831384,-1
1333.6,-0.102078568364,-1
1331.05,-0.100166450787,-1
1330.0,-0.0993775998801,-1
1336.0,-0.103888878076,-1
1336.05,-0.103926303225,-1
1343.95,-0.109839255585,-1
1342.4,-0.108685938869,-1
1340.65,-0.107382303589,-1
1344.9,-0.110552407643,-1
1348.85,-0.113489428983,-1
1348.95,-0.113563566211,-1
1348.25,-0.113044644086,-1
1352.2,-0.115974367802,-1
1353.5,-0.116935764045,-1
1353.0,-0.116566351412,-1
1350.4,-0.118488006992,1
1350.7,-0.118265850594,1
1351.55,-0.117636547269,1
1352.75,-0.116748677786,1
1351.45,-0.117709683146,1
1352.0,-0.117302712855,1
1349.0,-0.119521647766,1
1349.0,-0.119521647766,1
1349.85,-0.118891551398,1
1350.25,-0.118595222176,1
1348.65,-0.119780187923,1
1351.55,-0.117629889477,1
1351.45,-0.1177038786,1
1351.45,-0.1177038786,1
1351.0,-0.118036854293,1
1351.4,-0.117740777313,1
1350.0,-0.118776740018,1
1348.9,-0.119591554833,1
1348.5,-0.119888092753,1
1351.7,-0.117515085708,1
1347.9,-0.120326360399,1
