27.3,0.0,0
27.25,0.0,0
27.45,0.0,0
27.45,0.0,0
27.45,0.0,0
27.35,0.0,0
27.4,0.0,0
27.25,0.0,0
27.6,0.0,0
27.55,0.0,0
27.55,0.0,0
27.55,0.0,0
27.6,0.0,0
27.5,0.0,0
27.55,0.0,0
27.5,0.0,0
27.75,0.0,0
27.4,0.0,0
27.4,0.0,0
27.4,0.0,0
27.15,0.0,0
27.4,0.0,0
27.6,0.0,0
27.4,0.0,0
27.45,0.0,0
27.3,0.0,0
27.3,0.0,0
27.25,0.0,0
27.35,0.0,0
27.3,0.0018281535649,-1
27.25,0.0036596553964,-1
27.25,0.0036596553964,-1
27.15,0.00732938016704,-1
26.85,0.0183791039239,-1
26.9,0.016516906531,-1
26.85,0.0183756425905,-1
26.85,0.0183756425905,-1
26.8,0.0202378399834,-1
26.85,0.0183721683416,-1
26.75,0.0220965631275,-1
26.55,0.0295731986415,-1
26.7,0.0239234811274,-1
26.7,0.0239234811274,-1
26.75,0.0220508219513,-1
26.8,0.0201816630728,-1
26.6,0.02764434964,-1
26.65,0.0257646503919,-1
26.75,0.0220123051761,-1
26.8,0.0201431462976,-1
26.7,0.0238744895812,-1
26.65,0.0257471487572,-1
26.7,0.0238709761494,-1
26.7,0.0238709761494,-1
26.7,0.0238709761494,-1
26.55,0.0294889536774,-1
26.65,0.0257224753347,-1
26.65,0.0257224753347,-1
26.6,0.0275986479426,-1
26.5,0.0313580464388,-1
26.55,0.029471253986,-1
26.35,0.0370042106715,-1
26.4,0.0351066774647,-1
26.45,0.0332127380707,-1
26.45,0.0332127380707,-1
26.35,0.0369934564072,-1
26.35,0.0369934564072,-1
26.45,0.0331983899935,-1
26.5,0.0313080308253,-1
26.65,0.0256476534668,-1
26.7,0.0237714808589,-1
26.85,0.0181535033308,-1
26.7,0.0237400955096,-1
26.7,0.0237400955096,-1
26.95,0.0143767996295,-1
26.95,0.0143767996295,-1
26.9,0.0125215120599,1
26.8,0.00880403994092,1
26.9,0.0125353832245,1
26.75,0.00695917504607,1
26.9,0.0125666516816,1
26.85,0.0107079156221,1
26.85,0.0107079156221,1
26.8,0.00884571822918,1
27.1,0.0200397480799,1
27.15,0.0218847665301,1
27.15,0.0218847665301,1
27.25,0.0255680077824,1
27.15,0.0218982830118,1
27.05,0.0182150417595,1
27.25,0.0256087571014,1
27.3,0.0274436194867,1
27.1,0.0201176121607,1
27.0,0.0164275752604,1
26.95,0.0145757234085,1
27.15,0.0219968736868,1
27.05,0.0183136324345,1
27.45,0.0331010631184,1
27.4,0.0312795694937,1
27.45,0.0331043870119,1
27.35,0.0294613997624,1
27.45,0.0331177068922,1
27.35,0.0294747196426,1
27.25,0.0258184125128,1
27.15,0.0221486877422,1
27.25,0.0258319289945,1
27.1,0.0203273418385,1
26.95,0.014792286488,1
26.75,0.00737113620967,1
26.6,0.00176365957415,1
26.55,-0.000116039673969,1
26.7,-0.00576575718809,-1
26.65,-0.00389309801206,-1
26.65,-0.00389309801206,-1
26.75,-0.00764544322782,-1
26.8,-0.00951460210633,-1
26.9,-0.0132459453899,-1
26.85,-0.0113872093304,-1
26.85,-0.0113872093304,-1
26.8,-0.00952501193751,-1
26.95,-0.0151220268629,-1
27.1,-0.0206878895716,-1
27.1,-0.0206878895716,-1
27.1,-0.0206878895716,-1
27.15,-0.0225329080218,-1
27.25,-0.0262161492741,-1
27.2,-0.0243812868888,-1
27.0,-0.0170283457123,-1
26.9,-0.0133246420086,-1
26.9,-0.0133246420086,-1
26.7,-0.00588969777067,-1
26.7,-0.00588969777067,-1
26.5,0.00160093893345,-1
26.5,0.00160093893345,-1
26.55,-0.000285853519383,-1
26.55,-0.000285853519383,-1
26.75,-0.00781881020488,-1
26.7,-0.00594965132638,-1
26.7,-0.00594965132638,-1
26.7,-0.00594965132638,-1
26.65,-0.00407699215035,-1
26.65,-0.00407699215035,-1
26.7,-0.00595316475823,-1
26.7,-0.00595316475823,-1
26.7,-0.00595316475823,-1
26.7,-0.00595316475823,-1
26.75,-0.00782582393426,-1
26.75,-0.00782582393426,-1
26.7,-0.00595666505575,-1
26.65,-0.00408400587972,-1
26.65,-0.00408400587972,-1
26.65,-0.00408400587972,-1
26.65,-0.00408400587972,-1
26.7,-0.0059601784876,-1
26.7,-0.0059601784876,-1
26.7,-0.0059601784876,-1
26.7,-0.0059601784876,-1
26.7,-0.0059601784876,-1
26.6,-0.00221486013554,-1
26.5,-0.00597425863178,1
26.55,-0.00408746617895,1
26.55,-0.00408746617895,1
26.55,-0.00408746617895,1
26.5,-0.00220422700758,-1
26.5,-0.00220422700758,-1
26.45,-0.000317434554748,-1
26.3,0.00535364294998,-1
26.35,0.00345250226557,-1
26.4,0.00155496905874,-1
26.35,0.00344890845268,-1
26.2,0.00914150807317,-1
26.35,0.00341631723347,-1
26.1,0.0129039832676,-1
26.1,0.0129039832676,-1
26.15,0.0109882744554,-1
26.1,0.0129003203445,-1
26.15,0.0109846115322,-1
26.15,0.0109846115322,-1
26.1,0.0128966574213,-1
26.15,0.0109809486091,-1
26.25,0.00715685683085,-1
26.2,0.00906161873561,-1
26.3,0.00524482484248,-1
26.3,0.00524482484248,-1
26.2,0.0090471062113,-1
26.3,0.00523031231817,-1
26.2,0.00903259368699,-1
26.25,0.00712419674043,-1
26.2,0.00902895864519,-1
26.15,0.0109373555918,-1
26.1,0.0128494014809,-1
26.0,0.0166808191054,-1
25.9,0.0205269729515,-1
25.75,0.026318478743,-1
25.55,0.0340854690343,-1
25.6,0.0321285218719,-1
25.15,0.0497066468719,-1
25.15,0.0497066468719,-1
25.1,0.0516947184424,-1
25.1,0.0516947184424,-1
25.2,0.0477106546974,-1
25.3,0.0437424007292,-1
25.35,0.0417661161442,-1
25.3,0.043738502732,-1
25.15,0.0496673564869,-1
25.2,0.0476792849163,-1
25.1,0.0516475388846,-1
25.15,0.0496555070121,-1
24.95,0.0576077932944,-1
24.5,0.0756438654387,-1
24.45,0.0776846817652,-1
24.45,0.0776846817652,-1
24.55,0.0735947022151,-1
24.6,0.0715580423373,-1
24.65,0.0695255220121,-1
24.5,0.0756107147099,-1
24.5,0.0756107147099,-1
24.45,0.0776515310364,-1
24.45,0.0776515310364,-1
24.6,0.0715165617112,-1
24.55,0.0735490820364,-1
23.8,0.104098980203,-1
24.0,0.0956956188589,-1
24.4,0.0790289521922,-1
24.4,0.0790289521922,-1
24.3,0.083127312848,-1
24.35,0.0810696996793,-1
24.45,0.0769629234986,-1
24.4,0.0790079132736,-1
24.55,0.07286037229,-1
24.55,0.07286037229,-1
24.55,0.07286037229,-1
24.55,0.07286037229,-1
25.0,0.0545304333898,-1
25.05,0.0525304333898,-1
24.85,0.0605144653259,-1
24.85,0.0605144653259,-1
25.1,0.070574827499,1
25.05,0.0685827956265,1
25.05,0.0685827956265,1
25.05,0.0685827956265,1
25.1,0.0705788036105,1
24.95,0.064602707993,1
25.0,0.066606716009,1
25.05,0.068606716009,1
24.95,0.0646147000409,1
25.0,0.066618708057,1
25.0,0.066618708057,1
24.9,0.062618708057,1
24.95,0.0646267401855,1
25.1,0.0706387642336,1
25.2,0.0746228279786,1
25.2,0.0746228279786,1
25.1,0.0706545740103,1
25.0,0.0666705102653,1
24.95,0.0646705102653,1
24.85,0.0606624942333,1
24.85,0.0606624942333,1
24.8,0.0586504217986,1
24.9,0.0626826798632,1
24.85,0.0606746477346,1
24.85,0.0606746477346,1
24.85,0.0606746477346,-1
24.8,0.0626867201693,-1
24.7,0.0667189782338,-1
24.95,0.0565975207439,-1
25.05,0.0525895047118,-1
24.85,0.060573536648,-1
24.95,0.0565493917787,-1
24.9,0.0585533997948,-1
24.85,0.0605614319233,-1
24.85,0.0605614319233,-1
24.65,0.0686097216617,-1
24.7,0.0665813240958,-1
24.7,0.0665813240958,-1
24.55,0.0726541985897,-1
24.35,0.0808008381009,-1
24.4,0.0787474500106,-1
24.45,0.0766982696827,-1
24.45,0.0766982696827,-1
24.4,0.0787432594578,-1
24.35,0.0807924397856,-1
24.25,0.0848992159663,-1
24.5,0.0745899376158,-1
24.5,0.0745899376158,-1
24.6,0.0705083049627,-1
24.45,0.0766058659384,-1
24.65,0.0684259068382,-1
24.65,0.0684259068382,-1
24.6,0.0704543044041,-1
24.6,0.0704543044041,-1
24.55,0.0724868247293,-1
24.55,0.0724868247293,-1
24.6,0.0704501648515,-1
24.65,0.0684176445263,-1
24.7,0.0663892469604,-1
25.2,0.0461463319806,-1
25.0,0.0540828399171,-1
25.0,0.0540828399171,1
25.0,0.0540828399171,1
24.9,0.0500828399171,1
24.8,0.0460667756601,1
24.75,0.0440506466278,1
24.7,0.0420304446076,1
24.75,0.0440547361056,1
24.75,0.0440547361056,1
24.75,0.0440547361056,1
24.85,0.048095140146,1
24.8,0.0460830677114,1
24.9,0.0501153257759,1
25.0,0.0541313900329,1
25.05,0.0561313900329,1
25.0,0.0541353820489,1
25.05,0.0561353820489,1
25.0,0.0541393740649,1
25.0,0.0541393740649,1
25.05,0.0561393740649,1
25.1,0.0581353820489,1
25.2,0.0621194457939,1
25.2,0.0621194457939,1
25.25,0.064103572778,1
25.3,0.0660837707978,1
25.45,0.0720126245528,1
25.3,0.0661187149261,1
25.3,0.0661187149261,1
25.25,0.0641424303411,1
25.25,0.0641424303411,1
25.15,0.0601820343015,1
25.2,0.0621701058721,1
25.25,0.0641542328562,1
25.2,0.0621740348364,1
25.2,0.0621740348364,1
25.1,0.0582057808681,1
25.2,0.0621898446132,1
25.05,0.0562374636608,1
25.0,0.0542414556767,1
25.05,0.0562414556767,1
25.05,0.0562414556767,1
24.75,0.0442654077725,1
24.8,0.0462856097927,1
24.75,0.048301738825,-1
24.75,0.048301738825,-1
24.85,0.0442613347846,-1
24.85,0.0442613347846,-1
24.75,0.0482854796538,-1
24.75,0.0482854796538,-1
24.85,0.0442450756134,-1
24.75,0.0482692204826,-1
24.7,0.0502894225028,-1
24.7,0.0502894225028,-1
24.55,0.0563622969968,-1
24.55,0.0563622969968,-1
24.4,0.0624722766302,-1
24.35,0.064521456958,-1
24.5,0.058361292687,-1
24.55,0.0563204763605,-1
24.45,0.0603937961161,-1
24.3,0.0665287654412,-1
23.4,0.103565802478,-1
23.55,0.097155546068,-1
23.55,0.097155546068,-1
23.55,0.097155546068,-1
23.65,0.0929092615669,-1
23.6,0.0950234264718,-1
23.5,0.0992607146074,-1
23.6,0.0950053954584,-1
23.6,0.0950053954584,-1
23.5,0.099242683594,-1
23.4,0.103498002743,-1
23.5,0.0992244984695,-1
23.3,0.107735136767,-1
23.5,0.0991514457802,-1
23.5,0.0991514457802,-1
23.4,0.103406764929,-1
23.35,0.105543517066,-1
23.2,0.111967499935,-1
23.2,0.111967499935,-1
23.25,0.109812327521,-1
23.45,0.101210176984,-1
23.35,0.105474569308,-1
23.25,0.109757224554,-1
23.25,0.109757224554,-1
23.3,0.10760668692,-1
23.25,0.109752609667,-1
23.5,0.0989999214945,-1
23.65,0.0926169427711,-1
23.65,0.0926169427711,-1
23.55,0.0968452725809,-1
23.6,0.0947221303303,-1
23.55,0.0968407743981,-1
23.6,0.0947176321476,-1
23.55,0.0968362762154,-1
23.45,0.101082560716,-1
23.25,0.0925537760683,1
23.2,0.0904032384339,1
23.0,0.099023928089,-1
23.0,0.099023928089,-1
22.9,0.103371754176,-1
22.7,0.11210537863,-1
22.55,0.118713308146,-1
22.8,0.107626833644,-1
22.8,0.107626833644,-1
22.75,0.109819816101,-1
22.7,0.112017618298,-1
22.7,0.112017618298,-1
22.75,0.109814975127,-1
22.75,0.109814975127,-1
22.75,0.109814975127,-1
22.75,0.109814975127,-1
22.5,0.120803986116,-1
22.5,0.120803986116,-1
22.5,0.120803986116,-1
22.45,0.123026208338,-1
22.45,0.123026208338,-1
22.5,0.120799036846,-1
22.6,0.116354592401,-1
22.5,0.120779371162,-1
22.65,0.114112704496,-1
22.55,0.118527715533,-1
22.65,0.114093125733,-1
22.6,0.116300631251,-1
23.05,0.0963891268266,-1
23.0,0.0985583242236,-1
23.1,0.0942104981366,-1
23.1,0.0942104981366,-1
23.05,0.0963750003011,-1
23.05,0.0963750003011,1
23.05,0.0963750003011,1
23.1,0.0985441976981,1
23.15,0.100708699863,1
23.15,0.100708699863,1
23.15,0.100708699863,1
23.05,0.096389045435,1
23.15,0.100727440229,1
23.2,0.102887267443,1
23.15,0.100732095029,1
23.1,0.0985722678151,1
23.1,0.0985722678151,1
23.1,0.0985722678151,1
23.1,0.0985722678151,1
23.05,0.0964077656506,1
23.0,0.0942385682536,1
22.95,0.0920646552101,1
23.0,0.0942433044476,1
23.05,0.0964172174911,1
23.0,0.0942480200941,1
23.2,0.102943672268,1
23.35,0.109409189509,1
23.35,0.109409189509,1
23.35,0.109409189509,1
23.2,0.10298520664,1
23.25,0.105140379054,1
23.35,0.109441454323,1
23.25,0.105158799076,1
23.3,0.107309336711,1
23.5,0.115893027698,1
23.55,0.118020687272,1
23.45,0.113774402771,1
23.35,0.109510010447,1
23.0,0.0945207170854,1
22.95,0.0923468040419,1
22.95,0.0923468040419,1
22.95,0.0923468040419,1
22.95,0.0923468040419,1
22.9,0.0901681548044,1
23.0,0.0945349670315,1
22.95,0.092361053988,1
22.85,0.096718352463,-1
22.85,0.096718352463,-1
22.85,0.096718352463,-1
22.7,0.103282903885,-1
22.75,0.101080260713,-1
22.85,0.0966846563179,-1
22.7,0.10324920774,-1
22.7,0.10324920774,-1
22.85,0.0966412782248,-1
22.75,0.10101764584,-1
22.75,0.10101764584,-1
22.8,0.0988198436418,-1
22.85,0.0966268611857,-1
22.9,0.0944386773783,-1
22.85,0.0966220834918,-1
23.05,0.087869348262,-1
22.9,0.0943769404529,-1
23.05,0.0878267221123,-1
23.1,0.0856575247154,-1
23.3,0.0769995160573,-1
23.3,0.0769995160573,-1
23.3,0.0769995160573,1
23.3,0.0769995160573,1
23.1,0.0684158250702,1
23.15,0.0705803272347,1
23.1,0.0684205000209,1
23.3,0.0770785086789,1
23.25,0.0749325859321,1
23.25,0.0749325859321,1
23.05,0.0663304353945,1
23.0,0.0641612379975,1
23.0,0.0641612379975,1
22.8,0.0554655858236,1
22.65,0.0488866384552,1
22.65,0.0488866384552,1
22.65,0.0488866384552,1
22.65,0.0488866384552,1
22.6,0.0466791329364,1
22.6,0.0466791329364,-1
22.5,0.0511039116975,-1
22.7,0.0422150228086,-1
22.75,0.0400123796368,-1
22.5,0.0510013906258,-1
22.5,0.0510013906258,-1
22.3,0.0598902795147,-1
22.5,0.0509216696492,-1
22.6,0.0464772252048,-1
22.6,0.0464772252048,-1
22.6,0.0464772252048,-1
22.6,0.0464772252048,-1
22.9,0.0332028889216,-1
23.0,0.0288360766945,-1
22.85,0.035357815825,-1
22.8,0.0375459996324,-1
22.85,0.0353530171763,-1
22.8,0.0375412009837,-1
22.85,0.0353482185276,-1
22.75,0.0397245861424,-1
22.85,0.0353289817468,-1
23.15,0.0484580845915,1
23.0,0.04197860295,1
22.85,0.0354568638196,1
22.85,0.0354568638196,1
22.7,0.0288923123972,1
22.6,0.0244870260536,1
22.4,0.0156374685315,1
22.3,0.0111731828172,1
22.55,0.0223839451491,1
22.65,0.0268185349495,1
22.7,0.0290260404683,1
22.8,0.0334313268119,1
22.8,0.0334313268119,1
22.85,0.035624309268,1
22.85,0.035624309268,1
22.9,0.0378124930755,1
22.95,0.039995899189,1
22.8,0.0334599514766,1
22.95,0.0268810041082,-1
23.0,0.0247023548707,-1
22.95,0.0268762679142,-1
22.85,0.0312335663891,-1
22.9,0.0334217501966,1
22.95,0.0356051563101,1
22.9,0.0334265070726,1
22.95,0.0356099131862,1
23.0,0.0377885624236,1
22.95,0.0356146493801,1
22.8,0.0290787016677,1
22.7,0.0246927367554,1
22.6,0.0202874504118,1
22.75,0.0269246185534,1
22.45,0.0137378053666,1
22.8,0.029328005812,1
22.75,0.0271350233559,1
22.7,0.0249372211581,1
22.7,0.0249372211581,1
22.75,0.0271398643299,1
23.0,0.0161508533409,-1
23.15,0.00962911421047,-1
23.25,0.00530945978282,-1
23.2,0.00745999741723,-1
23.25,0.00961516983102,1
23.1,0.0031635569278,1
23.2,0.0074925612568,1
23.4,0.016113250912,1
23.3,0.0118397466385,1
23.25,0.00969382389169,1
23.4,0.0161454367949,1
23.35,0.0140086846582,1
23.35,0.0140086846582,1
23.4,0.0161500122813,1
23.35,0.0140132601445,1
23.3,0.0118719325214,1
23.3,0.0118719325214,1
23.3,0.0118719325214,1
23.3,0.0118719325214,1
23.2,0.00758008702785,1
23.3,0.0118904318554,1
23.15,0.00545266361509,1
23.1,0.00329283640127,1
23.15,0.00545733856577,1
23.2,0.00761716577959,1
23.25,0.00977233819339,1
23.2,0.00762180055898,1
23.1,0.00331145573139,1
23.2,0.0076404600604,1
23.2,0.0076404600604,1
23.25,0.0054852876466,-1
23.3,0.00333475001219,-1
23.4,-0.000957095481369,-1
23.6,-0.00950410402838,-1
23.8,-0.0179786802996,-1
23.85,-0.0158778399634,1
23.8,-0.0179742760221,1
23.9,-0.0137725953499,1
23.8,-0.0179566957683,1
23.85,-0.0158558554321,1
23.85,-0.0158558554321,1
23.95,-0.0116629833147,1
23.9,-0.013750665987,1
24.0,-0.00956656556856,1
24.0,-0.00956656556856,1
24.05,-0.00748323223523,1
23.8,-0.0178782426302,1
23.75,-0.0199790829664,1
23.7,-0.0220843461243,1
23.7,-0.0220843461243,1
23.7,-0.0220843461243,1
23.75,-0.0199746414829,1
23.6,-0.0262904309566,1
23.55,-0.0284090750244,1
23.55,-0.0284090750244,1
23.55,-0.0284090750244,1
23.55,-0.0284090750244,1
23.7,-0.0220396482728,1
23.8,-0.0178202389901,1
23.75,-0.0199210793262,1
23.65,-0.024131605642,1
23.6,-0.0220174407372,-1
23.45,-0.0156615085338,-1
23.4,-0.0135293123717,-1
23.5,-0.0178028166452,-1
23.5,-0.0178028166452,-1
23.45,-0.0156751570708,-1
23.5,-0.0178073532328,-1
23.35,-0.0114243745094,-1
23.3,-0.00928304688628,-1
23.1,-0.000699355899157,-1
23.15,-0.00286385806366,-1
23.0,0.00361562357781,-1
22.9,0.00796344966477,-1
22.85,0.0101468557783,-1
22.8,0.0123350395857,-1
22.75,0.0145280220419,-1
22.7,0.0167258242397,-1
22.8,0.0123205378961,-1
22.75,0.0145135203522,-1
22.7,0.01671132255,-1
22.65,0.0189139657218,-1
22.35,0.0321589988344,-1
22.5,0.0254475894384,-1
22.6,0.021003144994,-1
22.7,0.0165783662329,-1
22.6,0.0209836525765,-1
22.65,0.018771263196,-1
22.65,0.018771263196,-1
22.8,0.0121487466397,-1
22.8,0.0121487466397,-1
22.85,0.00995576418358,-1
23.0,0.00339121276126,-1
22.9,0.00773903884821,-1
22.8,0.0121058510753,-1
23.0,0.00333392125073,-1
22.95,0.0055078342942,-1
22.95,0.0055078342942,-1
22.85,0.00986513276915,-1
22.85,0.00986513276915,-1
22.85,0.00986513276915,-1
22.55,-0.00326397007549,1
22.6,-0.00104667517527,1
22.55,-0.0032590645558,1
22.75,0.00561011504509,1
22.65,0.00121451064948,1
22.65,0.00121451064948,1
22.5,-0.00540800590681,1
22.6,-0.000963561462364,1
22.55,-0.00317595084289,1
22.6,-0.000958655942673,1
22.65,-0.0031710453232,-1
22.6,-0.00096353980444,-1
22.95,-0.0164502654682,-1
22.95,-0.0164502654682,-1
22.75,-0.00773566851827,-1
22.85,-0.0121312729139,-1
22.85,-0.0121312729139,-1
22.9,-0.0143194567213,-1
22.9,-0.0143194567213,-1
23.05,-0.0208696750619,-1
23.25,-0.0295464646498,-1
23.25,-0.0295464646498,1
23.3,-0.0273959270154,1
22.9,-0.0445633089896,1
23.0,-0.0401964967625,1
23.0,-0.0401964967625,1
22.95,-0.042370409806,1
22.95,-0.042370409806,1
23.1,-0.0358344620936,1
23.2,-0.0315054577646,1
23.05,-0.037970975006,1
23.1,-0.035801777609,1
23.05,-0.0379662797735,1
23.05,-0.0379662797735,1
23.0,-0.0401354771705,1
22.85,-0.0466572163009,1
22.75,-0.0510335839158,1
22.6,-0.0576269905092,1
22.6,-0.0576269905092,1
22.75,-0.0509898223676,1
22.65,-0.046594217972,-1
22.7,-0.0488017234908,-1
22.7,-0.0488017234908,-1
22.7,-0.0488017234908,-1
22.65,-0.046599080319,-1
22.65,-0.046599080319,-1
22.75,-0.0510140913565,-1
22.8,-0.0532118935543,-1
22.85,-0.0554048760104,-1
22.9,-0.0575930598179,-1
22.95,-0.0597764659314,-1
23.0,-0.0619551151689,-1
22.85,-0.0554333760384,-1
22.85,-0.0554333760384,-1
23.0,-0.0619979274608,-1
22.85,-0.0554761883303,-1
22.9,-0.0576643721378,-1
22.85,-0.0554809660242,-1
22.85,-0.0554809660242,-1
22.85,-0.0554809660242,-1
22.75,-0.0511045984094,-1
22.8,-0.0533024006072,-1
22.75,-0.0554953830633,1
22.75,-0.0554953830633,1
22.75,-0.0554953830633,1
22.75,-0.0554953830633,1
22.8,-0.0532975808655,1
22.95,-0.0467186334971,1
23.0,-0.0445399842596,1
23.05,-0.0423660712161,1
23.15,-0.0380276764222,1
23.05,-0.0423473308498,1
23.15,-0.0380089360559,1
23.0,-0.0444884176974,1
23.0,-0.0444884176974,1
22.95,-0.0466623307409,1
23.0,-0.0444836815034,1
23.0,-0.0444836815034,1
22.95,-0.0466575945469,1
22.85,-0.0510148930218,1
22.5,-0.0663321796739,1
22.2,-0.0796655130072,1
22.2,-0.0796655130072,-1
22.3,-0.0841700175117,-1
22.35,-0.0864121699781,-1
22.4,-0.0886493064434,-1
22.35,-0.0864171635863,-1
22.25,-0.0819428906556,-1
22.3,-0.0841900816669,-1
22.4,-0.0886743865996,-1
22.35,-0.0864422437425,-1
22.4,-0.0886793802078,-1
22.25,-0.0819829516364,-1
22.1,-0.0752413786026,-1
22.15,-0.0775038220416,-1
22.15,-0.0775038220416,-1
22.15,-0.0775038220416,-1
22.35,-0.086533167414,-1
22.45,-0.0910074403447,-1
22.45,-0.0910074403447,-1
22.45,-0.0910074403447,-1
22.5,-0.0932346118369,-1
22.5,-0.0932346118369,-1
22.2,-0.0799012785035,-1
22.25,-0.0821535307558,-1
22.0,-0.0709175756996,-1
21.9,-0.0663721211542,-1
22.1,-0.0755045412455,-1
22.0,-0.0709796543677,-1
22.05,-0.0732523816404,-1
22.05,-0.0732523816404,-1
22.05,-0.0732523816404,-1
22.0,-0.0709848079442,-1
21.9,-0.0664393533988,-1
22.0,-0.0710055634444,-1
22.05,-0.0732782907172,-1
22.05,-0.0732782907172,-1
22.1,-0.0755458644133,-1
22.2,-0.0800707512911,-1
22.1,-0.0755662467866,-1
22.05,-0.0733038033477,-1
22.15,-0.07783895074,-1
22.25,-0.0823536234262,-1
22.3,-0.0846008144375,-1
22.2,-0.0801165095047,-1
22.25,-0.082368761757,-1
22.4,-0.0891103347907,-1
22.4,-0.0891103347907,-1
22.4,-0.0891103347907,-1
22.4,-0.0891103347907,1
22.45,-0.0868781919336,1
22.35,-0.091332534918,1
22.4,-0.0890953984526,1
22.5,-0.0846311127384,1
22.45,-0.0868533349606,1
22.55,-0.0823989919762,1
22.6,-0.080181697076,1
22.7,-0.0757569183149,1
22.65,-0.0779595614867,1
22.7,-0.0757520559679,1
22.7,-0.0757520559679,1
22.7,-0.0757520559679,1
22.5,-0.0845626286552,1
22.25,-0.0956737397663,1
21.9,-0.111404076845,1
22.1,-0.102271656754,1
22.05,-0.104534100193,1
22.0,-0.106801673889,1
22.0,-0.106801673889,1
22.05,-0.104528946616,1
22.1,-0.106796520312,-1
21.95,-0.100009189995,-1
21.95,-0.100009189995,-1
21.9,-0.0977312856673,-1
22.0,-0.102297495713,-1
21.9,-0.0977520411675,-1
22.05,-0.104601356236,-1
22.15,-0.109136503628,-1
22.0,-0.102364494599,-1
22.05,-0.104637221872,-1
22.1,-0.106904795568,-1
22.1,-0.106904795568,-1
22.1,-0.106904795568,-1
22.1,-0.106904795568,-1
22.15,-0.109167239007,-1
22.15,-0.109167239007,-1
22.15,-0.109167239007,-1
22.05,-0.104652566321,-1
22.2,-0.111455287409,-1
22.25,-0.113707539661,-1
22.2,-0.11146034865,-1
22.1,-0.106955844145,-1
22.2,-0.102430957268,1
22.2,-0.102430957268,1
22.2,-0.102430957268,1
22.25,-0.100178705015,1
22.2,-0.102425896027,1
22.2,-0.102425896027,1
22.2,-0.102425896027,1
22.15,-0.104678148279,1
22.1,-0.106935484622,1
22.15,-0.104673041183,1
22.25,-0.100158368497,1
22.15,-0.104652750519,1
22.2,-0.102395414176,1
22.15,-0.104647666428,1
22.25,-0.100132993742,1
22.25,-0.100132993742,1
22.25,-0.100132993742,1
22.1,-0.106874566776,1
21.95,-0.113661897093,1
21.95,-0.113661897093,1
21.85,-0.109106088437,-1
21.85,-0.109106088437,-1
21.85,-0.109106088437,-1
21.8,-0.106817758917,-1
21.75,-0.104524180936,-1
21.85,-0.109121882085,-1
21.8,-0.106833552566,-1
21.85,-0.109127130547,-1
21.8,-0.106838801028,-1
21.8,-0.106838801028,-1
21.65,-0.0999580670828,-1
21.75,-0.104577004727,-1
21.8,-0.106875855302,-1
21.8,-0.106875855302,-1
21.9,-0.111463011265,-1
21.85,-0.109179906242,-1
21.7,-0.102314917684,-1
21.75,-0.104619065149,-1
21.75,-0.104619065149,-1
21.7,-0.102320214575,-1
21.65,-0.100016067109,-1
21.6,-0.097706598287,-1
21.6,-0.097706598287,-1
21.7,-0.102336227917,-1
21.85,-0.109248670313,-1
21.8,-0.106960340794,-1
21.9,-0.111547496757,-1
21.85,-0.109264391734,-1
21.95,-0.113841050773,-1
22.05,-0.118396859429,-1
22.0,-0.120664433125,1
22.05,-0.118391705852,1
21.95,-0.122926853245,1
22.0,-0.120648948917,1
21.95,-0.122921676189,1
21.95,-0.122921676189,1
22.0,-0.120643771861,1
22.0,-0.120643771861,1
21.95,-0.122916499134,1
21.95,-0.122916499134,1
21.8,-0.129750212118,1
21.9,-0.125163056155,1
21.95,-0.122879951132,1
22.0,-0.120602046804,1
22.2,-0.111511137713,1
22.1,-0.116015642218,1
22.2,-0.11149075534,1
22.1,-0.115995259844,1
22.15,-0.113732816405,1
22.15,-0.113732816405,1
22.15,-0.113732816405,1
22.05,-0.118247489092,1
22.2,-0.111444768003,1
22.15,-0.113697020255,1
22.25,-0.109182347569,1
22.25,-0.109182347569,1
22.2,-0.11142953858,1
22.2,-0.11142953858,1
22.15,-0.113681790833,1
22.25,-0.109167118146,1
22.25,-0.109167118146,1
22.2,-0.111414309158,1
22.3,-0.106909804653,1
22.3,-0.106909804653,1
22.5,-0.0979411947877,1
22.25,-0.109052305899,1
22.25,-0.109052305899,1
22.2,-0.11129949691,1
22.2,-0.11129949691,1
22.15,-0.113551749162,1
22.15,-0.113551749162,1
22.1,-0.115809085505,1
22.05,-0.118071528944,1
22.1,-0.115803955248,1
22.1,-0.115803955248,1
22.05,-0.118066398687,1
22.05,-0.118066398687,-1
22.3,-0.129404267168,-1
22.4,-0.133888572101,-1
22.35,-0.131656429243,-1
22.45,-0.127182156313,1
22.55,-0.122727813328,1
22.4,-0.129379698029,1
22.35,-0.131611840886,1
22.35,-0.131611840886,1
22.35,-0.131611840886,1
22.35,-0.131611840886,1
22.35,-0.131611840886,1
22.4,-0.129374704421,1
22.55,-0.122678275849,1
22.55,-0.122678275849,1
22.5,-0.12489557075,1
22.45,-0.127117792972,1
22.5,-0.12489062148,1
22.45,-0.127112843702,1
22.5,-0.12488567221,1
22.6,-0.120441227765,1
22.55,-0.122653617146,1
22.5,-0.124870912046,1
22.55,-0.122648689824,1
22.6,-0.120431394923,1
22.5,-0.124856173685,1
22.5,-0.124856173685,1
22.5,-0.124856173685,1
22.5,-0.124856173685,1
22.55,-0.122633951462,1
22.5,-0.124851246363,1
22.5,-0.124851246363,1
22.55,-0.12262902414,1
22.7,-0.11597713944,1
22.75,-0.113774496268,1
22.8,-0.11157669407,1
22.7,-0.115962658982,1
22.65,-0.118165302154,1
22.85,-0.109335280079,1
22.8,-0.111523463887,1
22.65,-0.118102411255,1
22.7,-0.115894905736,1
22.65,-0.118097548908,1
22.75,-0.11368253787,1
22.6,-0.120275944464,1
22.6,-0.120275944464,1
22.4,-0.129125501986,1
22.4,-0.129125501986,1
22.4,-0.129125501986,1
22.35,-0.131357644843,1
22.45,-0.126883371912,1
22.55,-0.131337714897,-1
22.45,-0.126903125096,-1
22.4,-0.124675953604,-1
22.4,-0.124675953604,-1
22.4,-0.124675953604,-1
22.35,-0.122443810747,-1
22.35,-0.122443810747,-1
22.25,-0.117969537816,-1
22.35,-0.122463919839,-1
22.35,-0.122463919839,-1
22.15,-0.113515373978,-1
22.35,-0.12254471935,-1
22.65,-0.135967538142,-1
22.6,-0.133760032623,-1
22.45,-0.127122864482,-1
22.45,-0.127122864482,-1
22.45,-0.127122864482,-1
22.45,-0.127122864482,-1
22.45,-0.127122864482,-1
22.55,-0.131577207466,-1
22.6,-0.133794502366,-1
22.65,-0.136006891747,-1
22.65,-0.136006891747,1
22.45,-0.144836913822,1
22.45,-0.144836913822,1
22.45,-0.144836913822,1
22.4,-0.147064085314,1
22.4,-0.147064085314,1
22.4,-0.147064085314,1
22.2,-0.155992656743,1
22.2,-0.155992656743,1
22.1,-0.160497161247,1
22.1,-0.160497161247,-1
22.2,-0.165022048125,-1
22.15,-0.162769795873,-1
22.15,-0.162769795873,-1
22.35,-0.171799141245,-1
23.0,-0.200881915294,-1
22.95,-0.198708002251,-1
22.9,-0.196529353013,-1
22.95,-0.1943459469,1
23.0,-0.192167297662,1
23.1,-0.187819471576,1
23.05,-0.18998397374,1
22.95,-0.194322368534,1
22.95,-0.194322368534,1
22.95,-0.194322368534,1
22.9,-0.196501017771,1
22.9,-0.196501017771,1
22.9,-0.196501017771,1
22.85,-0.198684423885,1
22.75,-0.2030607915,1
22.65,-0.207456395895,1
22.75,-0.203041384858,1
22.75,-0.203041384858,1
22.8,-0.20084358266,1
22.85,-0.198650600204,1
22.85,-0.198650600204,1
22.75,-0.203026967819,1
22.75,-0.203026967819,1
22.8,-0.200829165621,1
22.7,-0.205215130533,1
22.65,-0.207417773705,1
22.65,-0.207417773705,1
22.75,-0.203002762668,1
22.7,-0.20080496047,-1
22.7,-0.20080496047,-1
22.65,-0.198602317298,-1
22.7,-0.200809822817,-1
22.65,-0.198607179645,-1
22.6,-0.196399674126,-1
22.55,-0.194187284746,-1
22.65,-0.198621874546,-1
22.6,-0.196414369027,-1
22.55,-0.194201979647,-1
22.75,-0.203071159248,-1
22.6,-0.196477752654,-1
22.6,-0.196477752654,-1
22.6,-0.196477752654,-1
22.55,-0.194265363274,-1
22.6,-0.196482658174,-1
22.75,-0.203119826316,-1
22.9,-0.209713232909,-1
23.1,-0.218446857363,-1
23.15,-0.220611359528,-1
23.1,-0.222771186741,1
23.1,-0.222771186741,1
23.25,-0.216277680248,1
23.0,-0.22703036842,1
23.0,-0.22703036842,1
22.8,-0.235726020594,1
22.8,-0.235726020594,1
22.85,-0.233533038138,1
22.8,-0.235721221945,1
22.9,-0.231335257033,1
22.9,-0.231335257033,1
22.9,-0.231335257033,1
22.9,-0.231335257033,1
22.85,-0.233518663146,1
22.85,-0.233518663146,1
22.7,-0.240083214569,1
22.7,-0.240083214569,1
22.75,-0.237880571397,1
22.75,-0.237880571397,1
22.75,-0.237880571397,1
22.7,-0.240078373595,1
22.65,-0.242281016767,1
22.65,-0.242281016767,-1
22.65,-0.242281016767,-1
22.65,-0.242281016767,-1
22.7,-0.244488522285,-1
22.65,-0.242285879114,-1
22.7,-0.244493384632,-1
22.6,-0.240088098289,-1
22.55,-0.237875708908,-1
22.7,-0.244527593609,-1
22.65,-0.242324950437,-1
22.65,-0.242324950437,-1
22.85,-0.251154972512,-1
22.9,-0.25334315632,-1
22.9,-0.25334315632,-1
22.95,-0.255526562433,-1
22.7,-0.244633316246,-1
22.85,-0.251241245761,-1
22.3,-0.227171223879,-1
22.35,-0.229413376346,-1
22.2,-0.22270196695,-1
22.25,-0.224954219202,-1
22.2,-0.222707028191,-1
22.3,-0.227211532695,-1
22.15,-0.220485075296,-1
22.25,-0.224999747982,-1
22.15,-0.22050536596,-1
22.05,-0.215990693274,-1
22.05,-0.215990693274,-1
22.05,-0.215990693274,-1
22.1,-0.21825826697,-1
22.2,-0.222783153848,-1
22.15,-0.220530901595,-1
22.25,-0.225045574282,-1
22.2,-0.22279838327,-1
22.25,-0.225050635523,-1
22.2,-0.222803444511,-1
22.25,-0.225055696764,-1
22.25,-0.225055696764,-1
22.25,-0.225055696764,-1
22.1,-0.21831412373,-1
22.1,-0.21831412373,-1
22.2,-0.222839010608,-1
22.2,-0.222839010608,-1
22.3,-0.227343515112,-1
22.4,-0.231827820045,-1
22.4,-0.231827820045,-1
22.35,-0.229595677188,-1
22.4,-0.227358540722,1
22.45,-0.225126397865,1
22.45,-0.225126397865,1
22.55,-0.220672054881,1
22.5,-0.222889349781,1
22.55,-0.220667127559,1
22.55,-0.220667127559,1
22.55,-0.220667127559,1
22.6,-0.218449832659,1
22.7,-0.214025053898,1
22.75,-0.211822410726,1
22.7,-0.214020212924,1
22.7,-0.214020212924,1
22.7,-0.214020212924,1
22.7,-0.214020212924,1
22.75,-0.211817569752,1
23.05,-0.198630756565,1
23.2,-0.192123164374,1
23.4,-0.183502474719,1
23.35,-0.185639226856,1
23.45,-0.181356571609,1
23.25,-0.189885356258,1
23.4,-0.183433743354,1
23.5,-0.179160239081,1
23.45,-0.181287898655,1
23.4,-0.183420094817,1
23.4,-0.183420094817,1
23.45,-0.181283342681,1
23.4,-0.183415538843,1
23.4,-0.183415538843,1
23.3,-0.187689043116,1
23.3,-0.187689043116,1
23.25,-0.189834965863,1
23.35,-0.185533890594,1
23.5,-0.179109907725,1
23.65,-0.172726929001,1
23.95,-0.160041939572,1
23.9,-0.162129622244,1
23.95,-0.160037572035,1
23.95,-0.160037572035,1
24.3,-0.14542379333,1
24.3,-0.14542379333,1
24.4,-0.141308566992,1
24.2,-0.149505288304,1
24.05,-0.155703635411,1
23.9,-0.161940641648,1
23.95,-0.159848591439,1
23.8,-0.166111639456,1
23.8,-0.166111639456,1
23.8,-0.166111639456,1
23.75,-0.168212479792,1
23.75,-0.168212479792,1
23.75,-0.168212479792,1
23.55,-0.176633532423,1
23.65,-0.172387247922,1
23.7,-0.170273083017,1
23.65,-0.172382787659,1
23.55,-0.176611117468,1
23.65,-0.172364832967,1
23.6,-0.174478997872,1
23.65,-0.172360353804,1
23.6,-0.1702461889,-1
23.45,-0.163890256696,-1
23.3,-0.15749366821,-1
23.3,-0.15749366821,-1
23.3,-0.15749366821,-1
23.2,-0.153201822717,-1
23.15,-0.151046650303,-1
23.25,-0.15536630473,-1
23.15,-0.151065229462,-1
23.1,-0.148905402248,-1
22.95,-0.142411895754,-1
22.9,-0.140233246517,-1
22.8,-0.13586643429,-1
22.8,-0.13586643429,-1
22.85,-0.138059416746,-1
22.8,-0.135871232938,-1
22.9,-0.140257197851,-1
22.95,-0.142440603964,-1
23.05,-0.146797902439,-1
23.0,-0.144628705042,-1
23.0,-0.144628705042,-1
22.95,-0.142454791999,-1
22.9,-0.140276142761,-1
23.05,-0.146826361102,-1
23.1,-0.148995558499,-1
23.15,-0.151160060663,-1
23.1,-0.149000233449,-1
23.05,-0.146835731285,-1
23.25,-0.155512520873,-1
23.1,-0.14906090797,-1
23.1,-0.14906090797,-1
23.15,-0.151225410134,-1
23.1,-0.14906558292,-1
23.1,-0.14906558292,-1
23.15,-0.146901080756,1
23.45,-0.133942117473,1
23.3,-0.140338705959,1
23.5,-0.131755014972,1
23.5,-0.131755014972,1
23.55,-0.129627355397,1
23.55,-0.129627355397,1
23.55,-0.129627355397,1
23.65,-0.125381070896,1
23.65,-0.125381070896,1
23.7,-0.123266905991,1
23.85,-0.116937792067,1
23.85,-0.116937792067,1
24.1,-0.106455611774,1
23.9,-0.114754366961,1
24.15,-0.104294115915,1
23.95,-0.112575689414,1
23.9,-0.114663372086,1
23.9,-0.114663372086,1
23.95,-0.112571321877,1
24.0,-0.110483639204,1
23.95,-0.112566972538,1
23.95,-0.112566972538,1
24.0,-0.110479289865,1
23.95,-0.112562623199,1
23.95,-0.112562623199,1
23.8,-0.118825671216,1
23.95,-0.112523150207,1
23.95,-0.112523150207,1
23.95,-0.112523150207,1
23.9,-0.114610832879,1
23.95,-0.11251878267,1
23.85,-0.116694148015,1
23.9,-0.114597711956,1
24.15,-0.10413746091,1
23.9,-0.114489427784,1
23.8,-0.118673528202,1
23.8,-0.118673528202,1
24.15,-0.103967645849,1
24.05,-0.108108432599,1
24.05,-0.108108432599,1
24.05,-0.108108432599,1
24.0,-0.110187434678,1
23.95,-0.112270768011,1
24.0,-0.110183085339,1
24.05,-0.108099752005,1
24.1,-0.106020749926,1
24.1,-0.106020749926,1
24.15,-0.10394606113,1
24.35,-0.0956644876307,1
24.25,-0.0997712638114,1
24.0,-0.110080542162,1
23.85,-0.116330542162,1
23.85,-0.116330542162,1
23.85,-0.116330542162,1
23.75,-0.120523414279,1
23.75,-0.120523414279,1
23.8,-0.118418151121,1
23.7,-0.114216470449,-1
23.7,-0.114216470449,-1
23.7,-0.114216470449,-1
23.7,-0.114216470449,-1
23.75,-0.11632617509,-1
23.25,-0.0952735435115,-1
23.3,-0.0974240811459,-1
23.3,-0.0974240811459,-1
23.2,-0.0931322356524,-1
23.3,-0.0974425804799,-1
23.25,-0.0952966577332,-1
23.35,-0.099597733002,-1
23.3,-0.0974564053789,-1
23.25,-0.0953104826321,-1
23.2,-0.0931599449977,-1
23.25,-0.0953151174115,-1
23.25,-0.0953151174115,-1
23.35,-0.0996161926803,-1
23.35,-0.0996161926803,-1
23.4,-0.101757520303,-1
23.5,-0.106031024577,-1
23.5,-0.106031024577,-1
23.5,-0.106031024577,-1
23.45,-0.103903365002,-1
23.5,-0.106035561164,-1
23.45,-0.10390790159,-1
23.5,-0.106040097752,-1
23.5,-0.106040097752,-1
23.45,-0.103912438178,-1
23.5,-0.10604463434,-1
23.7,-0.114555272638,-1
23.8,-0.110335863355,1
23.75,-0.112436703691,1
23.85,-0.108226177375,1
23.8,-0.110322613434,1
23.85,-0.108221773098,1
23.9,-0.106125337039,1
24.05,-0.0998491864114,1
24.0,-0.10192818849,1
24.0,-0.10192818849,1
24.0,-0.10192818849,1
24.0,-0.10192818849,1
23.75,-0.112344855157,1
23.75,-0.112344855157,1
23.65,-0.116555381473,1
23.7,-0.114441216568,1
23.75,-0.112331511927,1
23.75,-0.112331511927,1
23.75,-0.112331511927,1
23.9,-0.106015722453,1
23.85,-0.108107772662,1
23.9,-0.106011336603,1
23.9,-0.106011336603,1
23.95,-0.103919286394,1
23.95,-0.103919286394,1
23.7,-0.114357699755,1
23.65,-0.116467404397,1
23.6,-0.118581569302,1
23.65,-0.116462925234,1
23.6,-0.114348760329,-1
23.65,-0.116467404397,-1
23.6,-0.114353239492,-1
23.5,-0.110115951356,-1
23.45,-0.107988291782,-1
23.4,-0.10585609562,-1
23.5,-0.110129599893,-1
23.3,-0.101618961595,-1
23.1,-0.0930352706083,-1
23.2,-0.0973642749373,-1
23.15,-0.0952091025235,-1
23.15,-0.0952091025235,-1
23.15,-0.0952091025235,-1
23.15,-0.0952091025235,-1
23.05,-0.0908894480959,-1
22.9,-0.084381855905,-1
22.95,-0.0865652620185,-1
22.9,-0.0843866127811,-1
22.5,-0.0669193638728,-1
22.4,-0.0624749194283,-1
22.35,-0.0602427765712,-1
22.0,-0.0445828213139,-1
21.75,-0.0332191849503,-1
21.55,-0.0240237826514,-1
21.35,-0.014743040192,-1
21.15,-0.0053753586932,-1
21.2,-0.00773942488705,-1
21.15,-0.00538093432101,-1
21.0,0.00171126426055,-1
21.05,-0.000669688120404,-1
21.0,0.00170560879171,-1
21.15,-0.00543724835115,-1
21.1,-0.00307318215729,-1
21.0,0.0016661543356,-1
21.2,-0.00785765518821,-1
21.2,-0.00785765518821,-1
21.25,-0.0102161457543,-1
21.15,-0.00551026340131,-1
21.1,-0.00314619720746,-1
21.05,-0.00077652896101,-1
21.0,0.0015987679511,-1
21.2,-0.00792504157271,-1
21.2,-0.00792504157271,-1
21.2,-0.00792504157271,-1
21.25,-0.0102835321387,-1
21.1,-0.00322470860933,-1
20.95,0.00388429613,-1
21.1,-0.0032756084046,-1
21.1,-0.0032756084046,-1
21.05,-0.000905940158156,-1
21.05,-0.000905940158156,-1
21.0,0.00146935675396,-1
21.0,0.00146935675396,-1
21.1,-0.00329254800795,-1
21.15,-0.00566221625439,-1
21.35,-0.0151184810298,-1
21.4,-0.0127765606551,1
21.5,-0.00810366345884,1
21.35,-0.0150804076449,1
21.85,0.00833879610219,1
21.9,0.0106271256216,1
21.9,0.0106271256216,1
21.85,0.00834402059881,1
21.9,0.0106323501183,1
22.0,0.0151985601639,1
22.1,0.0197440147094,1
22.15,0.0220064581483,1
22.0,0.0152344491189,1
22.0,0.0152344491189,1
22.15,0.0220526309371,1
22.5,0.0378539853389,1
22.35,0.0311873186723,1
22.25,0.0267130457416,1
22.2,0.0244658547304,1
22.2,0.0244658547304,1
22.05,0.0177090979736,1
22.1,0.0199766716698,1
22.2,0.0245015585476,1
22.15,0.0222493062953,1
22.15,0.0222493062953,1
22.35,0.0312786516678,1
22.4,0.0335157881331,1
22.4,0.0335157881331,1
22.35,0.031283645276,1
22.25,0.0268093723453,1
22.35,0.0313037543678,1
22.25,0.0268294814372,1
22.35,0.0313238634596,1
22.35,0.0313238634596,1
22.35,0.0313238634596,1
22.25,0.026849590529,1
22.25,0.026849590529,1
22.2,0.0246023995177,1
22.15,0.0223501472655,1
22.15,0.0223501472655,1
22.05,0.0178354745793,1
22.1,0.0201030482754,1
22.0,0.0155781613976,1
22.1,0.0110327068521,-1
22.1,0.0110327068521,-1
22.1,0.0110327068521,-1
22.3,0.00198293309647,-1
22.2,0.00646723802921,-1
22.2,0.00646723802921,-1
22.15,0.00871949028146,-1
22.15,0.00871949028146,-1
22.15,0.00871949028146,-1
22.05,0.0132341629677,-1
22.15,0.0086990155754,-1
21.85,0.0222430336341,-1
21.85,0.0222430336341,-1
21.9,0.0199547041146,-1
21.8,0.0245209141603,-1
21.8,0.0245209141603,-1
21.8,0.0245209141603,-1
21.6,0.0336952260869,-1
21.8,0.0244359668276,-1
21.7,0.029023122791,-1
21.65,0.0313272702564,-1
21.75,0.026708332612,-1
21.7,0.0290071831868,-1
21.8,0.0243988882559,-1
21.65,0.0312796222008,-1
21.7,0.0289701533787,-1
21.65,0.0312743008441,-1
21.7,0.0289648320219,-1
21.65,0.0312689794874,-1
21.7,0.0289595106652,-1
21.7,0.0289595106652,-1
21.35,0.0450885429233,-1
21.3,0.047430463298,-1
21.1,0.0568201346595,-1
21.05,0.0591898029059,-1
21.3,0.0473133183454,-1
20.9,0.0660926610684,-1
20.6,0.080446728054,-1
20.7,0.075592359122,-1
20.65,0.0780078180592,-1
20.65,0.0780078180592,-1
20.7,0.0755865105531,-1
20.6,0.0804174284275,-1
20.7,0.0755630594955,-1
20.6,0.0803939773699,-1
20.4,0.0901027152339,-1
20.45,0.0876517348418,-1
20.55,0.0827617592917,-1
20.75,0.0730293991943,-1
20.35,0.0923065076281,-1
20.4,0.0898495051711,-1
20.3,0.0947514659554,-1
19.9,0.114455899453,-1
20.3,0.0943553969404,-1
20.5,0.0845031801916,-1
20.55,0.0820641558013,-1
20.55,0.0820641558013,-1
20.45,0.08693033585,-1
20.75,0.0722604091996,-1
20.75,0.0722604091996,-1
20.7,0.0746700477539,-1
20.65,0.0770855066911,-1
20.8,0.0698215841729,-1
20.45,0.0866485072498,-1
20.55,0.0817585316997,-1
20.4,0.0890578017727,-1
20.2,0.0988617233413,-1
20.15,0.101336970866,-1
20.3,0.0938928021316,-1
20.25,0.0963558563188,-1
20.15,0.101294127924,-1
20.1,0.103775517502,-1
20.1,0.103775517502,-1
20.45,0.0863625821785,-1
20.45,0.0863625821785,-1
20.3,0.0936975455037,-1
20.05,0.10601281644,-1
19.95,0.111000347612,-1
19.95,0.111000347612,-1
19.95,0.111000347612,-1
20.0,0.108494081948,-1
19.8,0.118494081948,-1
19.85,0.115968829422,-1
19.75,0.121006612798,-1
19.85,0.115943321658,-1
19.7,0.123499996721,-1
20.45,0.0854289307315,-1
20.3,0.0927638940567,-1
20.15,0.100153056618,-1
20.15,0.100153056618,-1
20.1,0.102634446196,-1
20.1,0.102634446196,-1
20.05,0.105122008385,-1
20.15,0.100134477213,-1
20.1,0.102615866792,-1
20.25,0.0951531802244,-1
20.15,0.100091451829,-1
20.15,0.100091451829,-1
20.15,0.100091451829,-1
20.35,0.0901658935167,-1
20.4,0.0926228959737,1
20.45,0.0950738763658,1
20.35,0.0901839008157,1
20.45,0.0950979057297,1
20.45,0.0950979057297,1
20.55,0.0999878812798,1
20.5,0.0975547912555,1
20.4,0.092676742475,1
20.5,0.0975787032593,1
20.5,0.0975787032593,1
20.7,0.10733480082,1
20.4,0.0928420471971,1
20.4,0.0928420471971,1
20.45,0.0952930275893,1
20.4,0.0928480398142,1
20.35,0.0903970594221,1
20.3,0.0879400569651,1
20.35,0.0904031111523,1
20.25,0.0854891062382,1
20.3,0.0879582420407,1
20.25,0.0854951878535,1
20.25,0.0854951878535,1
20.3,0.087964323656,1
20.05,0.07564905272,1
19.9,0.0681677559619,1
19.95,0.0656551931479,-1
20.0,0.0631489274837,-1
19.95,0.0656489274837,-1
20.0,0.0631426618195,-1
20.0,0.0631426618195,-1
20.1,0.0581426618195,-1
20.15,0.0556550996305,-1
20.15,0.0556550996305,-1
20.15,0.0556550996305,-1
20.05,0.0606178787868,-1
20.1,0.0581241132008,-1
19.8,0.0730494863351,-1
19.75,0.0755747388604,-1
19.6,0.0831696755692,-1
19.6,0.0831696755692,-1
19.5,0.0882717163855,-1
19.35,0.0959640240779,-1
18.95,0.116635858703,-1
18.95,0.116635858703,-1
19.0,0.113997336276,-1
18.6,0.135049967855,-1
18.6,0.135049967855,-1
18.75,0.126985451726,-1
18.7,0.129652118392,-1
18.7,0.129652118392,-1
18.45,0.14302110235,-1
18.5,0.140311075249,-1
18.45,0.143013777952,-1
18.45,0.143013777952,-1
18.6,0.134883696651,-1
18.55,0.137571868694,-1
18.55,0.137571868694,-1
18.45,0.142962704274,-1
18.5,0.140252677173,-1
18.6,0.134847271768,-1
18.5,0.140223615854,-1
18.7,0.129412805043,-1
18.65,0.132086601835,-1
18.65,0.132086601835,-1
18.65,0.132086601835,-1
18.6,0.134767566982,-1
18.65,0.132079394939,-1
18.65,0.132079394939,-1
18.55,0.137441325234,-1
18.6,0.134745907444,-1
18.6,0.134745907444,-1
18.6,0.134745907444,-1
18.55,0.137434079487,-1
18.55,0.137434079487,-1
18.5,0.140129497277,-1
18.55,0.137426794574,-1
18.5,0.140122212364,-1
18.55,0.137419509661,-1
18.6,0.140114927451,1
18.55,0.137426755408,1
18.45,0.132035919829,1
18.55,0.137455974029,1
18.6,0.140151391819,1
18.65,0.137463219776,-1
18.7,0.134782254628,-1
18.7,0.134782254628,1
18.7,0.134782254628,1
18.45,0.121413270671,1
18.5,0.118703243571,-1
18.5,0.118703243571,-1
18.5,0.118703243571,-1
18.5,0.118703243571,-1
18.5,0.118703243571,-1
18.5,0.118703243571,-1
18.45,0.121405946274,-1
18.45,0.121405946274,-1
18.45,0.121405946274,-1
18.45,0.121405946274,-1
18.55,0.115985892073,-1
18.6,0.113290474283,-1
18.6,0.113290474283,-1
18.55,0.115978646326,-1
18.6,0.113283228537,-1
18.7,0.107906884451,-1
18.65,0.110580681242,-1
18.65,0.110580681242,1
18.6,0.107899716095,1
18.5,0.102523372009,1
18.55,0.105226074711,1
18.55,0.105226074711,1
18.5,0.102530656921,1
18.2,0.118746873138,-1
18.2,0.118746873138,-1
18.2,0.118746873138,-1
18.2,0.118746873138,-1
18.2,0.118746873138,-1
18.25,0.11599962039,-1
18.2,0.118739346418,-1
18.15,0.121486599165,-1
18.0,0.129751061975,-1
17.8,0.140862173086,-1
17.75,0.14367116185,-1
17.9,0.135220457625,-1
17.65,0.149186938072,-1
17.4,0.163351244021,-1
17.4,0.163351244021,-1
17.5,0.157604117584,-1
17.5,0.157604117584,-1
17.45,0.160461260441,-1
17.5,0.157595930928,-1
17.45,0.160453073785,-1
17.5,0.157587744272,-1
17.45,0.16044488713,-1
17.4,0.163310216643,-1
17.5,0.157563090206,-1
17.4,0.16327737592,-1
16.65,0.206380824196,-1
16.75,0.20037481819,-1
16.7,0.203359892817,-1
16.75,0.200365880841,-1
16.55,0.212306179348,-1
16.5,0.215327327384,-1
16.5,0.215327327384,-1
16.25,0.230478842536,-1
16.3,0.227401919459,-1
16.0,0.245806827434,-1
16.0,0.245806827434,-1
15.7,0.264556827434,-1
15.95,0.248633260555,-1
16.45,0.217285298173,-1
16.35,0.223364325529,-1
16.3,0.226422429504,-1
16.15,0.235624883492,-1
16.15,0.235624883492,-1
16.05,0.241816833956,-1
16.1,0.238701569159,-1
16.1,0.238701569159,-1
16.1,0.238701569159,-1
16.0,0.244912749283,-1
16.0,0.244912749283,-1
16.0,0.244912749283,-1
16.25,0.229287749283,-1
16.1,0.238518518514,-1
15.8,0.257152058886,-1
15.85,0.253987501924,-1
15.7,0.263451224322,-1
15.8,0.25708179757,-1
15.7,0.263410911494,-1
15.55,0.272965051622,-1
15.4,0.282611353873,-1
15.45,0.279364600626,-1
15.35,0.285837092535,-1
15.35,0.285837092535,-1
15.4,0.282579763545,-1
15.45,0.279333010298,-1
15.5,0.276096764344,-1
15.5,0.276096764344,-1
15.35,0.285774183698,-1
15.35,0.285774183698,-1
15.3,0.289031512689,-1
15.25,0.292299486545,-1
15.3,0.28902079802,-1
15.25,0.292288771876,-1
15.25,0.292288771876,-1
15.3,0.289010083352,-1
15.2,0.295546031064,-1
15.35,0.285677610012,-1
15.35,0.285677610012,-1
15.35,0.285677610012,-1
15.35,0.285677610012,-1
15.25,0.292192267992,-1
15.3,0.288913579467,-1
15.3,0.288913579467,-1
15.25,0.292181553324,-1
15.2,0.295460241848,-1
15.1,0.302039189217,-1
15.05,0.305350447495,-1
15.0,0.308672706631,-1
15.1,0.302006039964,-1
14.9,0.315251073077,-1
14.95,0.311895368379,-1
15.0,0.308550886774,-1
15.0,0.308550886774,-1
14.95,0.311884220107,-1
15.0,0.308539738502,-1
14.95,0.311873071835,-1
14.95,0.311873071835,-1
14.95,0.311873071835,-1
14.95,0.311873071835,-1
14.9,0.31521755344,-1
14.85,0.318573258138,-1
14.9,0.315206254771,-1
14.7,0.328629073563,-1
14.6,0.335431794652,-1
14.6,0.335431794652,-1
14.6,0.335431794652,-1
14.6,0.335431794652,-1
14.5,0.34228110972,-1
14.5,0.34228110972,-1
14.5,0.34228110972,-1
14.45,0.345729385582,-1
14.5,0.34226917797,-1
14.45,0.345717453832,-1
14.45,0.345717453832,-1
14.3,0.356098076669,-1
14.25,0.359594580166,-1
14.3,0.356085808236,-1
14.25,0.359582311732,-1
14.35,0.352564767873,-1
14.4,0.349080447315,-1
14.45,0.345608225093,-1
14.45,0.345608225093,-1
14.3,0.35598884793,-1
14.35,0.352492344434,-1
14.3,0.355976664991,-1
14.2,0.362969671984,-1
14.4,0.348885164942,-1
14.6,0.334996276053,-1
14.6,0.334996276053,-1
14.5,0.341845591122,-1
14.45,0.345293866984,-1
14.4,0.348754074596,-1
14.3,0.355698519041,-1
14.4,0.348705512048,-1
14.25,0.359122178714,-1
14.35,0.352104634855,-1
14.45,0.34513599374,-1
14.5,0.341675786127,-1
14.4,0.348572337851,-1
14.4,0.348572337851,1
14.4,0.348572337851,1
14.5,0.355516782296,1
14.45,0.352068506434,1
14.4,0.348608298821,1
14.45,0.352080521044,1
14.5,0.355540728656,1
14.35,0.34519590107,1
14.4,0.348680221627,1
14.35,0.345207999405,1
14.3,0.341723678848,1
14.3,0.341723678848,1
14.1,0.355709692834,-1
14.05,0.359255792124,-1
14.1,0.355697073263,-1
14.0,0.362789271845,-1
14.05,0.359217843273,-1
14.05,0.359217843273,-1
13.8,0.377011437579,-1
13.8,0.377011437579,-1
13.7,0.384257814391,-1
13.55,0.3952067195,-1
13.55,0.3952067195,-1
13.5,0.398896756401,-1
13.5,0.398896756401,-1
13.0,0.435933793438,-1
12.9,0.44362610113,-1
13.15,0.424246256169,-1
13.2,0.4204439748,-1
13.15,0.424231853588,-1
13.15,0.424231853588,-1
13.2,0.420429572219,-1
13.2,0.420429572219,-1
13.25,0.416641693431,-1
13.4,0.405320938714,-1
13.65,0.386664222296,-1
13.45,0.401316236948,-1
13.35,0.408751181186,-1
13.4,0.405005862834,-1
13.25,0.416199892685,-1
12.95,0.438841402119,-1
12.75,0.454285417563,-1
12.95,0.438599143053,-1
12.8,0.450182154636,-1
12.9,0.442369654636,-1
12.8,0.450121592621,-1
12.8,0.450121592621,-1
12.8,0.450121592621,-1
12.8,0.450121592621,-1
12.8,0.450121592621,-1
12.75,0.454027842621,-1
12.75,0.454027842621,-1
12.75,0.454027842621,-1
12.9,0.442263136738,-1
12.9,0.442263136738,-1
12.9,0.442263136738,-1
12.85,0.446139105731,-1
12.85,0.446139105731,-1
12.8,0.450030156314,-1
12.75,0.453936406314,-1
12.65,0.461779543569,-1
12.8,0.449921836059,-1
12.75,0.453828086059,-1
12.7,0.457749654687,-1
12.6,0.465623670435,-1
12.7,0.457687162498,-1
12.55,0.46949818612,-1
12.5,0.473482249865,-1
12.45,0.477482249865,-1
12.4,0.481498314122,-1
12.15,0.501659604445,-1
12.3,0.489313925433,-1
12.25,0.493378966083,-1
12.2,0.497460598736,-1
12.0,0.513854041359,-1
12.05,0.509687374692,-1
12.05,0.509687374692,-1
12.05,0.509687374692,-1
12.05,0.509687374692,-1
12.05,0.509687374692,-1
12.05,0.509687374692,-1
12.05,0.509687374692,-1
12.15,0.501388619506,-1
12.2,0.497273393168,-1
12.45,0.476781589889,-1
12.35,0.484813718404,-1
12.4,0.480765135408,-1
12.45,0.476732877343,-1
12.4,0.4807489416,-1
12.4,0.4807489416,-1
12.4,0.4807489416,-1
12.5,0.472684425471,-1
12.55,0.468684425471,-1
12.55,0.468684425471,-1
12.45,0.460716297981,1
12.45,0.460716297981,1
12.45,0.460716297981,1
12.45,0.460716297981,1
12.45,0.460716297981,1
12.55,0.468748426495,1
12.6,0.47273249024,1
12.6,0.47273249024,1
12.85,0.492573760081,1
12.7,0.48090060833,1
12.8,0.488774624078,1
12.8,0.488774624078,1
12.9,0.496587124078,1
12.95,0.500463093071,1
13.0,0.504324096932,1
13.0,0.504324096932,1
13.05,0.508170250778,1
13.1,0.512001668402,1
13.25,0.523452050082,1
13.2,0.519678465176,1
13.35,0.53104210154,1
13.35,0.53104210154,1
13.45,0.538532738244,1
13.4,0.534815266125,1
13.4,0.534815266125,1
13.5,0.542277952692,1
13.5,0.542277952692,1
13.6,0.549685360099,1
13.45,0.538655948335,1
13.35,0.531221004097,1
13.4,0.534966322449,1
13.6,0.549891695583,1
13.55,0.546215224995,1
13.5,0.542525188095,1
13.6,0.549932595502,1
13.5,0.542579654326,1
13.55,0.546283358029,1
13.55,0.546283358029,1
13.4,0.535213247328,1
13.5,0.542675933895,1
13.35,0.531564822784,1
13.4,0.535310141136,1
13.35,0.531578797853,1
13.45,0.539069434557,1
13.5,0.542786906676,1
13.6,0.550194314083,1
13.45,0.539164902318,1
13.55,0.546599846556,1
13.55,0.546599846556,1
13.45,0.539219772756,1
13.3,0.528067356399,1
13.3,0.528067356399,1
13.3,0.528067356399,-1
13.3,0.528067356399,-1
13.25,0.531826754895,-1
13.2,0.535600339801,-1
13.0,0.550751854952,-1
12.9,0.558444162644,-1
12.95,0.554568193652,-1
12.9,0.558429197513,-1
12.9,0.558429197513,-1
12.9,0.558429197513,-1
12.95,0.554553228521,-1
13.0,0.55069222466,-1
12.9,0.558384532352,-1
13.0,0.550632594368,-1
12.9,0.55832490206,-1
12.7,0.573828778029,-1
12.5,0.589576809525,-1
12.6,0.581576809525,-1
12.6,0.581576809525,-1
12.6,0.581576809525,-1
12.8,0.565703793652,-1
12.75,0.569610043652,-1
12.75,0.569610043652,-1
12.75,0.569610043652,-1
12.65,0.577453180907,-1
12.65,0.577453180907,-1
12.7,0.573500611737,-1
12.8,0.565626595989,-1
12.5,0.589064095989,-1
12.75,0.569064095989,-1
12.85,0.561220958734,-1
12.95,0.553438857567,-1
13.0,0.549577853706,-1
13.1,0.541885546014,-1
12.95,0.553335927693,-1
12.9,0.557196931554,-1
13.0,0.549444993569,-1
13.0,0.549444993569,1
12.9,0.541752685877,1
13.05,0.553380592854,1
13.1,0.557212010478,1
13.25,0.568662392158,1
13.15,0.561115222346,1
13.15,0.561115222346,1
13.05,0.553510659609,1
12.8,0.534353571486,1
12.8,0.534353571486,1
12.65,0.522634821486,1
12.55,0.514729683146,1
12.5,0.510745619401,1
12.35,0.498745619401,1
12.4,0.502794202397,1
12.2,0.518923234655,-1
12.25,0.514824874,-1
12.4,0.50257997604,-1
12.35,0.506612234105,-1
12.4,0.502563651109,-1
12.25,0.514660425302,-1
12.4,0.502415527343,-1
12.4,0.502415527343,-1
12.45,0.498383269279,-1
12.55,0.490351140765,-1
12.65,0.482383013275,-1
12.65,0.482383013275,-1
12.7,0.478430444105,-1
12.7,0.478430444105,-1
12.65,0.482367451979,-1
12.9,0.462604606129,-1
13.0,0.454852668144,-1
12.85,0.466391129683,-1
12.9,0.462500079099,-1
12.9,0.462500079099,-1
12.9,0.462500079099,1
12.9,0.462500079099,1
12.95,0.466376048091,1
12.95,0.466376048091,1
12.9,0.46251504423,1
12.95,0.466391013223,1
13.1,0.477974024806,1
13.0,0.470340437019,1
13.1,0.478032744712,1
13.05,0.474215950819,1
13.0,0.470384533194,1
13.0,0.470384533194,1
13.0,0.470384533194,1
13.0,0.470384533194,1
13.0,0.470384533194,1
13.0,0.470384533194,1
12.95,0.466538379348,1
13.0,0.470399383209,1
12.95,0.466553229363,1
12.9,0.462692225502,1
12.8,0.454940287517,1
12.75,0.451034037517,1
12.8,0.454955606145,1
12.75,0.451049356145,1
12.7,0.454970924772,-1
12.75,0.451033916898,-1
12.75,0.451033916898,-1
12.7,0.454955485526,-1
12.6,0.462829501274,-1
12.5,0.47076600921,-1
12.55,0.46676600921,-1
12.0,0.510590710405,-1
12.15,0.498090710405,-1
12.05,0.50632116308,-1
12.05,0.50632116308,-1
12.0,0.510470540674,-1
12.0,0.510470540674,-1
12.0,0.510470540674,-1
12.1,0.50213720734,-1
12.1,0.50213720734,-1
12.1,0.50213720734,-1
12.05,0.506269438745,-1
12.05,0.506269438745,-1
12.1,0.502120061152,-1
12.1,0.502120061152,-1
11.95,0.514516755367,-1
12.0,0.510332654948,-1
12.0,0.510332654948,-1
12.0,0.510332654948,-1
12.05,0.506165988282,-1
12.05,0.506165988282,-1
12.0,0.510315365875,-1
11.95,0.514482032542,-1
11.9,0.51866613296,-1
11.95,0.514464452288,-1
11.85,0.522832653125,-1
12.0,0.510174425277,-1
12.15,0.497674425277,-1
12.1,0.501789651614,-1
12.15,0.497657420209,-1
12.15,0.497657420209,-1
12.1,0.501772646547,-1
12.15,0.497640415142,-1
12.1,0.493525188804,1
12.1,0.493525188804,1
12.1,0.493525188804,1
12.0,0.485260725994,1
12.15,0.497760725994,1
11.95,0.481299820644,1
12.05,0.489668021481,1
12.2,0.502116154261,1
12.2,0.502116154261,1
12.2,0.502116154261,1
12.2,0.502116154261,1
12.2,0.502116154261,1
12.15,0.498017793606,1
12.2,0.502133019943,1
12.5,0.526723183877,1
12.45,0.522723183877,1
12.5,0.526739248135,1
12.55,0.530739248135,1
12.55,0.530739248135,1
12.45,0.522771120644,1
12.4,0.518755056387,1
12.6,0.534884088646,1
12.5,0.526947580709,1
12.5,0.526947580709,1
12.45,0.522947580709,1
12.4,0.518931516452,1
12.3,0.510867000323,1
12.3,0.510867000323,1
12.25,0.506801959673,1
12.15,0.498638694366,1
12.05,0.490408241692,1
12.2,0.502856374472,1
12.25,0.506954735127,1
12.35,0.515118000433,1
12.35,0.515118000433,1
12.5,0.527263749421,1
12.6,0.535263749421,1
12.55,0.531295495453,1
12.55,0.531295495453,1
12.45,0.523327367963,1
12.5,0.52734343222,1
12.5,0.52734343222,1
12.6,0.53534343222,1
12.9,0.55915295603,1
12.95,0.563028925022,1
12.95,0.563028925022,1
13.05,0.570750932744,1
13.05,0.570750932744,1
13.25,0.586076603242,1
13.25,0.586076603242,1
13.2,0.582303018336,1
13.15,0.578515139548,1
13.15,0.578515139548,1
13.0,0.567108295442,1
13.1,0.574800603134,1
13.0,0.567167015348,1
12.6,0.536397784579,1
12.75,0.548302546483,1
12.95,0.563988820993,1
12.85,0.556266813271,1
12.95,0.564048914439,1
12.95,0.564048914439,1
12.95,0.564048914439,1
12.9,0.560187910578,1
12.85,0.556311941585,1
12.85,0.556311941585,1
12.8,0.552420891002,1
13.0,0.568045891002,1
13.2,0.583430506386,1
13.35,0.59479414275,1
13.4,0.598539461102,1
13.4,0.598539461102,1
13.35,0.594808117818,1
13.4,0.59855343617,1
13.3,0.591090749603,1
13.15,0.579812554115,1
13.15,0.579812554115,1
13.2,0.583614835483,1
13.2,0.583614835483,1
13.15,0.579826956696,1
13.1,0.576024675327,1
13.3,0.591291850899,1
13.45,0.602570046388,1
13.4,0.598852574269,1
13.4,0.598852574269,1
13.35,0.595121230985,1
13.6,0.613847822746,1
13.55,0.610171352157,1
13.5,0.606481315257,1
13.65,0.617592426368,1
13.55,0.610266419042,1
13.6,0.613956455943,1
13.65,0.617632926531,1
13.7,0.621295930194,1
14.05,0.646843375449,1
13.75,0.625491062282,1
13.8,0.629127425918,1
13.8,0.629127425918,1
13.85,0.632750614324,1
13.75,0.625530397718,1
13.75,0.625530397718,1
13.85,0.63280312499,1
13.8,0.629193016687,1
13.75,0.625569828281,1
13.55,0.611024373736,1
13.6,0.614714410636,1
13.6,0.614714410636,1
13.6,0.614714410636,1
13.5,0.60736146946,1
13.6,0.614768876867,1
13.6,0.614768876867,1
13.6,0.614768876867,1
13.55,0.611092406279,1
13.55,0.611092406279,1
13.5,0.607402369379,1
13.5,0.607402369379,-1
13.5,0.607402369379,-1
13.35,0.61851348049,-1
13.65,0.596041570377,-1
13.5,0.607030581366,-1
13.65,0.595919470255,-1
13.6,0.599582473918,-1
13.55,0.603258944507,-1
13.5,0.606948981407,-1
13.5,0.606948981407,-1
13.5,0.606948981407,-1
13.55,0.603245277703,-1
13.6,0.599555240803,-1
13.6,0.599555240803,-1
13.65,0.595878770215,-1
13.65,0.595878770215,-1
13.55,0.603204777541,-1
13.6,0.59951474064,-1
13.6,0.59951474064,-1
13.7,0.606867681817,1
13.65,0.60321804678,1
13.55,0.595892039454,1
13.6,0.599582076355,1
13.6,0.599582076355,1
13.55,0.595905605766,1
13.6,0.599595642667,1
13.65,0.603272113255,1
13.6,0.599609109592,1
13.7,0.606962050768,1
13.6,0.599662780695,1
13.6,0.599662780695,1
13.55,0.595986310107,1
13.5,0.592296273207,1
13.5,0.592296273207,1
13.45,0.588592569503,1
13.45,0.588592569503,-1
13.45,0.588592569503,-1
13.5,0.584875097384,-1
13.3,0.599689912199,-1
13.3,0.599689912199,-1
13.3,0.599689912199,-1
13.75,0.565855325733,-1
13.65,0.573128053006,-1
13.65,0.573128053006,-1
13.65,0.573128053006,-1
13.7,0.569465049343,-1
13.75,0.565815414306,-1
13.75,0.565815414306,-1
13.8,0.56217905067,-1
13.8,0.56217905067,1
13.75,0.558555862264,1
13.8,0.5621922259,1
13.8,0.5621922259,1
13.8,0.5621922259,1
13.75,0.558569037494,1
13.8,0.562205401131,1
13.8,0.562205401131,1
13.4,0.533219893884,1
13.4,0.533219893884,1
13.25,0.522025864034,1
13.3,0.525799448939,1
13.3,0.525799448939,1
13.25,0.522040050443,1
13.25,0.522040050443,1
13.6,0.495624956103,-1
14.15,0.455183779633,-1
13.95,0.469318055251,-1
14.0,0.472902284642,1
13.85,0.462187998928,1
13.9,0.465798107231,1
13.95,0.469395229533,1
13.95,0.469395229533,1
13.9,0.465811000142,1
14.05,0.476602367049,1
13.95,0.469484929326,1
13.8,0.458732241154,1
13.85,0.46235542956,1
13.95,0.469575646167,1
13.75,0.455238728604,1
13.9,0.466147819513,1
14.0,0.473342064117,1
14.1,0.48048492126,1
14.25,0.491123219133,1
14.2,0.487614447203,1
14.25,0.491135573963,1
14.7,0.522714521332,1
14.85,0.532918602964,1
14.95,0.539652609698,1
15.1,0.549686054514,1
14.95,0.53975227968,1
15.0,0.543096761285,1
15.25,0.559763427952,1
14.75,0.526976542706,1
14.65,0.520196881689,1
14.5,0.509957973839,1
14.7,0.523751077288,1
14.7,0.523751077288,1
14.75,0.527152437832,1
14.7,0.523762607323,1
14.8,0.530565328412,1
14.85,0.53394370679,1
14.8,0.530576703423,1
14.75,0.527198325045,1
14.75,0.527198325045,1
14.55,0.513639003011,1
14.8,0.530821133595,1
14.8,0.530821133595,1
14.8,0.530821133595,1
15.1,0.551091403865,1
15.2,0.557713920422,1
15.25,0.561003394106,1
15.25,0.561003394106,1
15.25,0.561003394106,1
15.15,0.554446017057,1
15.2,0.55774634709,1
15.15,0.554456873405,1
15.15,0.554456873405,1
15.25,0.561057533471,1
15.35,0.567614910521,1
15.35,0.567614910521,1
15.35,0.567614910521,1
15.25,0.56110025254,1
15.25,0.56110025254,1
15.25,0.56110025254,1
15.3,0.564378941065,1
15.3,0.564378941065,1
15.3,0.564378941065,1
15.0,0.544771097928,1
14.8,0.531437764594,1
15.05,0.548329656486,1
15.05,0.548329656486,1
15.0,0.54500739735,1
15.0,0.54500739735,1
15.0,0.54500739735,1
15.0,0.54500739735,1
15.0,0.54500739735,1
14.95,0.548340730683,-1
14.95,0.548340730683,-1
15.0,0.544996249078,-1
15.05,0.541662915745,-1
15.2,0.531696138336,-1
15.0,0.544854033073,-1
15.0,0.544854033073,-1
15.0,0.544854033073,-1
15.1,0.538187366406,-1
15.05,0.541498624684,-1
15.1,0.538176365548,-1
15.05,0.541487623826,-1
15.05,0.541487623826,-1
15.0,0.544809882962,-1
15.0,0.544809882962,-1
15.05,0.541476549629,-1
15.0,0.544798808765,-1
14.8,0.558132142099,-1
15.1,0.537861871828,-1
15.05,0.541173130106,-1
15.05,0.541173130106,-1
15.05,0.541173130106,1
15.05,0.541173130106,1
15.05,0.541173130106,1
15.05,0.541173130106,1
15.05,0.541173130106,1
15.1,0.544495389243,1
15.05,0.541184130964,1
15.05,0.541184130964,1
15.05,0.541184130964,1
15.15,0.547828649237,1
15.35,0.561029969369,1
15.25,0.554515311388,1
15.25,0.554515311388,1
15.25,0.554515311388,1
15.8,0.590580885159,1
15.85,0.593745442121,1
15.75,0.587436293856,1
15.75,0.587436293856,1
15.8,0.590610897031,1
15.8,0.590610897031,1
15.75,0.587446340069,1
15.7,0.584271736894,1
15.65,0.581087023518,1
15.7,0.584281911697,1
15.7,0.584281911697,1
15.8,0.590651338449,1
15.75,0.587486781487,1
15.8,0.590661384661,1
15.75,0.587496827699,1
15.8,0.590671430874,1
15.75,0.587506873912,1
15.75,0.587506873912,1
15.75,0.587506873912,1
15.9,0.597030683436,1
15.85,0.593886029348,1
15.9,0.59704060348,1
15.95,0.600185257568,1
15.85,0.593915665092,1
15.8,0.590761090959,1
15.75,0.587596533997,1
15.75,0.587596533997,1
15.7,0.584421930823,1
15.6,0.578052504071,1
15.65,0.581257632276,1
15.7,0.578062744097,-1
15.7,0.578062744097,-1
15.55,0.587616884225,-1
15.65,0.581186016057,-1
15.8,0.571601351521,-1
15.65,0.581095022407,-1
15.7,0.577900134228,-1
15.75,0.574715420852,-1
15.8,0.571540817677,-1
15.75,0.574705374639,-1
15.7,0.577879977814,-1
15.7,0.577879977814,-1
15.7,0.577879977814,-1
15.75,0.574695264438,-1
15.8,0.571520661264,-1
16.35,0.536710534681,-1
16.2,0.527536222755,1
16.25,0.530622642508,1
16.2,0.527545719431,1
16.3,0.533718558937,1
16.3,0.533718558937,1
16.35,0.5367860436,1
16.5,0.545960355526,1
16.5,0.545960355526,1
16.55,0.548990658557,1
16.5,0.54596951052,1
16.45,0.54293920749,1
16.65,0.555097262201,1
17.25,0.591133298237,1
17.15,0.585336196788,1
17.05,0.579505292998,1
17.1,0.582437844318,1
17.05,0.579513867709,1
17.05,0.579513867709,1
17.0,0.57658131639,1
17.05,0.57952249286,1
17.0,0.576589941541,1
17.1,0.582472294482,1
17.05,0.579548317874,1
17.0,0.576615766554,1
17.2,0.588380472436,1
17.35,0.597101402669,1
17.35,0.597101402669,1
17.35,0.597101402669,1
17.4,0.599983247049,1
17.3,0.594236120613,1
17.25,0.591345947202,1
17.2,0.588447396477,1
17.2,0.588447396477,1
17.1,0.582633442989,1
17.15,0.585557419597,1
16.95,0.573895612017,1
17.0,0.576845464524,1
17.2,0.588610170407,1
16.95,0.574075286686,1
16.8,0.565225729164,1
16.7,0.559273348211,1
16.7,0.559273348211,-1
16.7,0.559273348211,-1
16.65,0.562267360187,-1
16.7,0.559264357184,-1
16.65,0.56225836916,-1
16.65,0.56225836916,-1
16.55,0.568264375166,-1
16.55,0.568264375166,-1
16.55,0.568264375166,-1
16.95,0.544095190876,-1
16.8,0.552944748399,-1
16.8,0.552944748399,-1
16.75,0.555920938875,-1
16.8,0.552935864248,-1
16.7,0.5588882452,-1
16.7,0.5588882452,-1
16.5,0.570864293104,-1
16.5,0.570864293104,-1
16.5,0.570864293104,-1
16.6,0.564803687044,-1
16.6,0.564803687044,-1
16.75,0.555767542466,-1
16.75,0.555767542466,-1
16.75,0.555767542466,-1
16.8,0.552782467839,-1
16.8,0.552782467839,-1
16.8,0.552782467839,-1
16.8,0.552782467839,-1
16.85,0.555758658315,1
16.85,0.555758658315,1
16.85,0.555758658315,1
16.85,0.555758658315,1
16.8,0.552791299264,1
16.85,0.555767489741,1
16.85,0.555767489741,1
16.75,0.54983277164,1
16.85,0.555802920893,1
16.95,0.561737638994,1
17.0,0.564687491502,1
17.0,0.564687491502,1
17.05,0.567628667972,1
17.0,0.564696116653,1
17.0,0.564696116653,1
16.95,0.561754940182,1
17.0,0.564704792689,1
16.8,0.552940086807,1
17.05,0.567821039188,1
17.05,0.567821039188,1
17.0,0.564888487868,1
17.0,0.564888487868,1
16.95,0.561947311398,1
16.9,0.55899745889,1
16.95,0.561956038772,1
16.95,0.561956038772,1
16.9,0.559006186265,1
16.95,0.561964766146,1
16.95,0.561964766146,1
16.8,0.553115208624,1
16.95,0.562043780053,1
16.85,0.556144075038,1
16.9,0.559111434089,1
16.85,0.556152854207,1
16.85,0.556152854207,1
16.85,0.556152854207,-1
16.85,0.556152854207,-1
16.85,0.556152854207,-1
16.85,0.556152854207,-1
16.8,0.559120213257,-1
16.8,0.559120213257,-1
16.9,0.553167832305,-1
16.9,0.553167832305,-1
17.0,0.547250672542,-1
17.05,0.544309496071,-1
17.05,0.544309496071,-1
17.0,0.547242047391,-1
17.0,0.547242047391,-1
17.05,0.54430087092,-1
17.05,0.54430087092,1
17.0,0.5413683196,1
17.05,0.544309496071,1
17.0,0.541376944751,1
16.95,0.538435768281,1
17.0,0.541385620788,1
16.75,0.526679738435,1
16.8,0.529664813062,1
16.8,0.529664813062,1
16.8,0.529664813062,1
16.8,0.529664813062,1
16.75,0.526688622586,1
16.8,0.529673697213,1
16.75,0.532649887689,-1
16.75,0.532649887689,-1
16.8,0.529664813062,-1
16.75,0.532641003538,-1
16.75,0.532641003538,-1
16.95,0.520700705031,-1
16.95,0.520700705031,-1
17.0,0.517750852523,-1
16.75,0.532456734876,-1
16.9,0.523501510996,-1
16.85,0.526460090877,-1
16.85,0.526460090877,-1
16.85,0.526460090877,-1
16.85,0.526460090877,-1
16.8,0.529427449928,-1
16.7,0.53537983088,-1
16.75,0.532385818904,-1
16.75,0.532385818904,-1
16.6,0.541341042785,-1
16.55,0.544353090978,-1
16.5,0.547374239014,-1
16.6,0.541313632953,-1
16.6,0.541313632953,-1
16.6,0.541313632953,-1
16.6,0.541313632953,-1
16.65,0.53830158476,-1
16.75,0.532295578754,-1
16.7,0.535280653381,-1
16.7,0.535280653381,-1
16.7,0.535280653381,-1
17.05,0.514322569549,-1
17.15,0.50845746691,-1
17.15,0.50845746691,-1
17.1,0.511372918805,-1
17.05,0.508448942197,1
17.0,0.505516390877,1
17.0,0.505516390877,1
16.95,0.502575214406,1
17.0,0.505525066914,1
16.9,0.499642713973,1
16.95,0.502601293854,1
16.9,0.499651441347,1
16.9,0.499651441347,1
17.05,0.508527180992,1
16.95,0.502662078352,1
17.0,0.50561193086,1
17.0,0.50561193086,1
16.95,0.502670754389,1
17.0,0.505620606897,1
17.0,0.505620606897,1
17.0,0.505620606897,1
17.0,0.505620606897,1
17.0,0.505620606897,1
17.0,0.505620606897,1
17.05,0.508561783367,1
17.35,0.526157091285,1
17.3,0.523275246905,1
17.25,0.520385073494,1
17.35,0.526182174944,1
17.35,0.526182174944,1
17.3,0.523300330563,1
17.25,0.520410157153,1
17.25,0.520410157153,1
17.3,0.523308707877,1
17.3,0.523308707877,1
17.25,0.520418534467,1
17.7,0.546505490989,1
17.85,0.55498006726,1
17.65,0.543775585467,1
17.9,0.557939891416,1
17.9,0.557939891416,1
18.1,0.569113075774,1
18.65,0.599499816105,1
18.6,0.596818850958,1
18.7,0.602195195044,1
18.6,0.596847601461,1
18.65,0.599535773504,1
18.65,0.599535773504,1
18.75,0.604897703799,1
18.5,0.591564370466,1
18.0,0.564537343439,1
18.0,0.564537343439,1
17.95,0.561759565661,1
17.75,0.550617504379,1
17.8,0.553434405788,1
17.75,0.550625417024,1
17.75,0.550625417024,1
17.95,0.561893022658,1
18.0,0.564678537978,1
18.0,0.564678537978,1
17.95,0.5619007602,1
17.75,0.550758698919,1
17.7,0.54794179751,1
17.55,0.539467221239,1
17.35,0.550863232635,-1
17.0,0.571036143298,-1
16.95,0.573977319769,-1
17.1,0.565127762246,-1
17.05,0.568051738855,-1
17.15,0.562186636215,-1
17.05,0.568017540005,-1
17.05,0.568017540005,-1
17.0,0.570950091325,-1
17.05,0.568008914855,-1
16.8,0.582671671453,-1
16.45,0.603505004786,-1
16.55,0.59742597743,-1
16.55,0.59742597743,-1
16.6,0.594404829394,-1
16.8,0.582356636623,-1
16.8,0.582356636623,-1
16.7,0.588309017576,-1
16.7,0.588309017576,-1
16.8,0.582320993623,-1
16.75,0.5852971841,-1
16.85,0.579327034846,-1
17.0,0.570424957695,-1
17.0,0.570424957695,-1
16.55,0.59689554593,-1
16.45,0.602937842002,-1
16.35,0.609016869358,-1
16.45,0.602900661407,-1
16.4,0.605940175085,-1
16.5,0.599842614109,-1
16.5,0.599842614109,-1
16.5,0.599842614109,-1
16.4,0.60590322017,-1
16.3,0.612000781145,-1
16.4,0.60586581182,-1
16.2,0.618060933771,-1
16.15,0.621147353524,-1
15.75,0.645915155382,-1
15.65,0.652264361731,-1
15.75,0.645874585373,-1
15.65,0.652223791723,-1
15.8,0.642639127186,-1
15.8,0.642639127186,-1
15.65,0.652132798072,-1
15.65,0.652132798072,-1
15.6,0.655327686251,-1
15.5,0.661737942661,-1
15.15,0.684318587822,-1
15.3,0.674417597723,-1
15.55,0.658077728442,-1
15.6,0.654862294359,-1
15.7,0.648452037949,-1
15.65,0.651636751324,-1
15.7,0.648441863145,-1
15.75,0.64525714977,-1
15.75,0.64525714977,-1
15.8,0.642082546595,-1
15.65,0.651576217481,-1
15.4,0.667550658376,-1
15.4,0.667550658376,-1
15.45,0.664303905129,-1
15.8,0.641650183446,-1
15.65,0.651143854332,-1
15.6,0.654338742511,-1
15.6,0.654338742511,-1
15.6,0.654338742511,-1
15.6,0.654338742511,-1
15.4,0.667159255332,-1
15.35,0.670406008578,-1
15.45,0.663891350598,-1
15.25,0.676836334417,-1
15.35,0.670278957367,-1
15.25,0.676793615348,-1
15.0,0.693187057971,-1
15.25,0.676520391304,-1
15.2,0.679799079829,-1
15.25,0.676509606145,-1
15.25,0.676509606145,-1
15.3,0.67323091762,-1
15.35,0.669962943764,-1
15.4,0.666705614774,-1
15.5,0.66021210828,-1
15.5,0.66021210828,-1
15.45,0.663437914732,-1
15.45,0.663437914732,-1
15.4,0.666674160686,-1
15.55,0.656933900946,-1
15.85,0.637641296444,-1
15.9,0.634486722312,-1
15.95,0.6376313764,1
15.95,0.6376313764,1
15.9,0.634496580162,1
15.85,0.631351926074,1
15.85,0.631351926074,1
15.95,0.637661074339,1
15.9,0.6345262781,1
15.9,0.6345262781,1
15.85,0.631381624012,1
15.95,0.637690772277,1
16.05,0.643960364754,1
16.0,0.640845099956,1
16.05,0.643970099956,1
15.8,0.628393775969,1
15.95,0.637887446855,1
15.85,0.631617854378,1
15.9,0.634772428511,1
15.8,0.628483120335,1
15.9,0.634812234259,1
15.85,0.631667580171,1
15.75,0.625358431906,1
15.6,0.615834622382,1
15.55,0.612629494177,1
15.45,0.60619862601,1
15.3,0.596489888146,1
15.35,0.593221914289,-1
15.3,0.59647924328,-1
15.25,0.599747217136,-1
15.25,0.599747217136,-1
15.25,0.599747217136,-1
15.25,0.599747217136,-1
15.35,0.593189840087,-1
15.3,0.596447169077,-1
15.3,0.596447169077,-1
15.35,0.593179195221,-1
15.4,0.58992186623,-1
15.35,0.593168619477,-1
15.3,0.596425948467,-1
15.4,0.589890000755,-1
15.35,0.593136754002,-1
15.4,0.589879425012,-1
15.5,0.583385918518,-1
15.4,0.589837531421,-1
15.45,0.586590778175,-1
15.4,0.589827024129,-1
15.45,0.586580270882,-1
15.45,0.586580270882,-1
15.55,0.580107778973,-1
15.6,0.576892344889,-1
15.6,0.576892344889,-1
15.6,0.576892344889,1
15.6,0.576892344889,1
15.55,0.573687216684,1
15.55,0.573687216684,1
15.6,0.576902650768,1
15.55,0.573697522563,1
15.6,0.576912956646,1
15.65,0.580118084852,1
15.6,0.576923196673,1
15.6,0.576923196673,1
15.7,0.583333453083,1
15.65,0.580148739707,1
15.6,0.576953851528,1
15.65,0.580158979733,1
15.6,0.576964091554,1
15.65,0.58016921976,1
15.7,0.583364107938,1
15.6,0.576994681187,1
15.6,0.576994681187,1
15.6,0.576994681187,1
15.55,0.573789552982,1
15.35,0.560927816647,1
15.4,0.564185145638,1
15.5,0.570678652131,1
15.4,0.564227039228,1
15.35,0.567473792475,-1
15.4,0.564216463484,-1
15.45,0.560969710238,-1
15.45,0.560969710238,-1
15.45,0.560969710238,-1
15.45,0.560969710238,-1
15.6,0.551260972374,-1
15.55,0.554466100579,-1
15.6,0.551250666495,-1
15.9,0.532019897264,-1
15.95,0.528875243176,-1
16.35,0.50379687327,-1
16.2,0.494622561344,1
16.25,0.497708981097,1
16.35,0.503862827251,1
16.25,0.4977466193,1
16.3,0.500823542376,1
16.45,0.510025996364,1
16.8,0.531302592109,1
16.75,0.528326401633,1
16.75,0.528326401633,1
16.4,0.507430879245,1
16.7,0.525723562171,1
16.75,0.528717574147,1
16.8,0.531702648774,1
16.75,0.528726458298,1
16.95,0.540666756806,1
16.9,0.537716904298,1
16.75,0.528841164653,1
16.8,0.53182623928,1
16.75,0.528850048804,1
16.75,0.528850048804,1
16.8,0.531835123431,1
16.75,0.528858932955,1
16.8,0.531844007581,1
17.05,0.546724959962,1
16.95,0.540859857323,1
16.95,0.540859857323,1
16.95,0.540859857323,1
16.95,0.540859857323,1
16.9,0.537910004816,1
16.9,0.537910004816,1
16.95,0.540868584697,1
17.0,0.543818437205,1
16.85,0.534994907793,1
16.95,0.540929625894,1
16.8,0.532080068372,1
16.45,0.511246735038,1
16.5,0.514286248716,1
16.5,0.514286248716,1
16.5,0.514286248716,1
16.45,0.517316551747,-1
16.5,0.514277038069,-1
16.55,0.511246735038,-1
16.6,0.508225587002,-1
16.6,0.508225587002,-1
16.6,0.508225587002,-1
16.55,0.511237635195,-1
16.5,0.514258783231,-1
16.55,0.511228480201,-1
16.5,0.514249628237,-1
16.55,0.511219325207,-1
16.5,0.514240473243,-1
16.7,0.502119261122,-1
16.65,0.505113273098,-1
16.65,0.505113273098,-1
16.7,0.502110270095,-1
16.7,0.502110270095,-1
16.65,0.505104282071,-1
16.55,0.511110288077,-1
16.45,0.51715258415,-1
16.35,0.523231611505,-1
16.7,0.501824883676,-1
16.65,0.504818895652,-1
16.65,0.504818895652,-1
16.6,0.507821898655,-1
16.6,0.507821898655,1
16.6,0.507821898655,1
16.55,0.504809850463,1
16.5,0.501788702426,1
16.55,0.504819005457,1
16.5,0.50179785742,1
16.4,0.49573725136,1
16.5,0.489639690384,-1
16.35,0.498730599475,-1
16.3,0.501788703451,-1
16.4,0.495653734126,-1
16.4,0.495653734126,-1
16.4,0.495653734126,-1
16.4,0.495653734126,-1
16.5,0.48955617315,-1
16.45,0.49258647618,-1
16.4,0.495625989858,-1
16.45,0.49257720937,-1
16.4,0.495616723048,-1
16.4,0.495616723048,-1
16.35,0.498665503536,-1
16.5,0.489491191609,-1
16.4,0.49555179767,-1
16.5,0.489454236694,-1
16.35,0.498545145785,-1
16.4,0.49548704181,-1
16.4,0.49548704181,-1
16.5,0.489389480834,-1
16.5,0.489389480834,-1
16.45,0.492419783864,-1
16.5,0.489380270187,-1
16.5,0.489380270187,-1
16.5,0.489380270187,-1
16.45,0.486349967156,1
16.5,0.489389480834,1
16.5,0.489389480834,1
16.45,0.486359177804,1
16.45,0.486359177804,1
16.45,0.486359177804,1
16.5,0.489398691482,1
16.55,0.492428994512,1
16.45,0.486386698439,1
16.5,0.489426212117,1
16.5,0.489426212117,1
16.6,0.495486818178,1
16.75,0.504522962756,1
16.8,0.507508037383,1
16.65,0.498579465954,1
16.65,0.498579465954,1
16.65,0.498579465954,1
16.7,0.501582468957,1
16.65,0.498588456981,1
16.7,0.501591459984,1
16.7,0.501591459984,1
16.85,0.510573495912,1
16.85,0.510573495912,1
16.75,0.504638777812,1
16.75,0.504638777812,1
17.05,0.522549225573,1
17.05,0.522549225573,1
17.25,0.534279430851,1
17.25,0.534279430851,1
17.45,0.54587363375,1
17.35,0.540142974724,1
17.25,0.534379285963,1
17.2,0.531480735239,1
17.2,0.531480735239,1
17.15,0.528573758494,1
17.1,0.525658306599,1
17.15,0.528582283208,1
17.0,0.519835927523,1
16.8,0.50807122164,1
16.85,0.511047412116,1
16.75,0.505112694015,1
16.55,0.493172395508,1
16.55,0.493172395508,1
16.55,0.493172395508,1
16.5,0.490151247472,1
16.55,0.493181550502,1
16.55,0.493181550502,-1
16.45,0.499223846575,-1
16.45,0.499223846575,-1
16.3,0.508342387608,-1
16.25,0.511409872271,-1
16.4,0.50217910304,-1
16.3,0.508276664015,-1
16.4,0.50214169469,-1
16.4,0.50214169469,-1
16.4,0.50214169469,-1
16.3,0.508239255666,-1
16.25,0.511306740328,-1
16.05,0.523614432636,-1
15.95,0.529844962231,-1
16.05,0.523575369755,-1
15.95,0.52980589935,-1
16.0,0.526671103111,-1
16.2,0.514171103111,-1
16.05,0.523430362371,-1
15.95,0.529660891966,-1
15.9,0.532795688204,-1
15.8,0.53908499638,-1
15.85,0.535920439418,-1
15.8,0.539075013551,-1
15.8,0.539075013551,-1
15.85,0.535910456588,-1
15.8,0.539065030721,-1
15.6,0.551723258569,-1
15.55,0.554928386774,-1
15.55,0.554928386774,-1
15.6,0.551712952691,-1
15.65,0.548507824485,-1
15.75,0.542118048128,-1
15.9,0.532594238604,-1
15.85,0.535738892692,-1
15.85,0.535738892692,-1
15.9,0.532584318559,-1
16.0,0.526295010383,-1
16.0,0.526295010383,-1
15.95,0.529420010383,-1
15.85,0.53568960286,-1
15.8,0.538844176992,-1
15.95,0.529350506106,-1
15.85,0.535620098583,-1
15.75,0.541929246848,-1
15.75,0.541929246848,-1
15.7,0.545103850022,-1
15.85,0.535549709895,-1
15.75,0.52924056163,1
15.8,0.532415164805,1
15.8,0.532415164805,1
15.85,0.535579721767,1
15.9,0.538734295899,1
15.8,0.532444987723,1
15.7,0.526115873799,1
15.75,0.529300587175,1
15.75,0.529300587175,1
15.8,0.532475190349,1
15.8,0.532475190349,1
15.75,0.529310633387,1
15.8,0.526136030213,-1
15.8,0.526136030213,-1
15.85,0.522971473251,-1
15.85,0.522971473251,-1
15.9,0.519816899118,-1
15.75,0.529250861382,-1
15.75,0.529250861382,-1
15.95,0.516552448684,-1
16.0,0.513417652446,-1
16.15,0.522792652446,1
16.2,0.525888627678,1
16.2,0.525888627678,1
16.1,0.519715788172,1
16.05,0.51661019811,1
16.3,0.532186522097,1
16.3,0.532186522097,1
16.25,0.529119037434,1
16.25,0.529119037434,1
16.3,0.532195960511,1
16.15,0.522993506524,1
16.1,0.519897531291,1
16.15,0.523003121354,1
16.2,0.526099096586,1
16.15,0.523012676833,1
16.2,0.526108652065,1
16.2,0.526108652065,1
16.2,0.526108652065,1
16.5,0.544627170583,1
16.35,0.535536261493,1
16.45,0.541652469444,1
16.55,0.547731496799,1
16.55,0.547731496799,1
16.8,0.56283723698,1
16.8,0.56283723698,1
16.85,0.565813427457,1
16.75,0.559878709356,1
16.8,0.562863783983,1
16.75,0.559887593506,1
16.8,0.562872668133,1
16.8,0.562872668133,1
16.9,0.568825049086,1
16.85,0.565866469204,1
16.8,0.562899110154,1
16.8,0.562899110154,1
16.9,0.568851491106,1
17.05,0.577727230751,1
17.0,0.574794679431,1
17.0,0.574794679431,1
16.9,0.56891232649,1
17.05,0.577788066135,1
16.9,0.568990412176,1
16.85,0.566031832294,1
16.85,0.566031832294,1
16.8,0.563064473244,1
16.55,0.548183520863,1
16.6,0.551204668899,1
16.6,0.551204668899,1
16.7,0.557228765285,1
16.6,0.551240741333,1
16.7,0.557264837718,1
17.3,0.521336694006,-1
17.2,0.515556347185,1
17.3,0.521370300673,1
17.25,0.518480127263,1
17.2,0.515581576538,1
17.25,0.518488553282,1
17.2,0.515590002558,1
17.2,0.515590002558,1
17.15,0.512683025814,1
17.2,0.515598477709,1
17.25,0.518505454453,1
17.15,0.512708353004,1
17.25,0.518539256794,1
17.25,0.518539256794,1
17.2,0.515640706069,1
17.2,0.515640706069,1
17.2,0.515640706069,1
17.25,0.518547682813,1
17.25,0.518547682813,1
17.3,0.521446233538,1
17.25,0.518556060127,1
