449.15,0.0,0
449.25,0.0,0
449.0,0.0,0
448.8,0.0,0
447.85,0.0,0
447.5,0.0,0
446.55,0.0,0
449.85,0.0,0
452.0,0.0,0
451.3,0.0,0
450.15,0.0,0
446.95,0.0,0
445.3,0.0,0
443.45,0.0,0
443.25,0.0,0
440.7,0.0,0
439.95,0.0,0
441.0,0.0,0
440.8,0.0,0
440.9,0.0,0
439.85,0.0,0
439.7,0.0,0
439.7,0.0,0
436.15,0.0,0
435.75,0.0,0
437.2,0.0,0
436.45,0.0,0
434.7,0.0,0
434.4,0.0,0
435.75,-0.00310773480663,-1
436.65,-0.00517313928167,-1
438.3,-0.00895190946374,-1
437.75,-0.00769706118631,-1
437.4,-0.00689751806809,-1
436.5,-0.00483990489936,-1
436.6,-0.00506899997382,-1
435.1,-0.00163336094496,-1
434.9,-0.0011736965,-1
436.4,-0.00462276525144,-1
436.5,-0.00485191282248,-1
436.85,-0.00565374558307,-1
437.85,-0.00794286084003,-1
436.9,-0.00577316802285,-1
436.5,-0.00485762670905,-1
437.55,-0.00726312499084,-1
435.35,-0.00223512819047,-1
433.15,0.0028182771156,-1
432.85,0.00351087783129,-1
430.55,0.00882449686791,-1
419.0,0.0356506494634,-1
418.7,0.0363666399169,-1
419.8,0.0337394605522,-1
417.25,0.0398137816575,-1
414.55,0.0462847223405,-1
414.95,0.0453198206399,-1
415.7,0.0435123739596,-1
415.45,0.0441137691965,-1
415.0,0.045196932032,-1
413.85,0.0479680163693,-1
410.95,0.0549753861893,-1
410.0,0.0572871029432,-1
415.3,0.0443602736749,-1
412.4,0.0513431775998,-1
412.1,0.0520706266783,-1
410.6,0.0557105199081,-1
413.05,0.0497436421682,-1
412.0,0.0522857072935,-1
411.85,0.0526497849634,-1
413.2,0.0493718925269,-1
414.15,0.0470727637756,-1
414.0,0.0474349513888,-1
414.45,0.0463479948671,-1
413.0,0.0498466074862,-1
416.1,0.0423405542175,-1
410.2,0.0565198380435,-1
417.1,0.0396987751473,-1
419.0,0.0351435126203,-1
419.5,0.0339501951979,-1
419.25,0.0345461427545,-1
416.0,0.042298080739,-1
416.65,0.043860580739,1
417.35,0.0455406479417,1
417.7,0.0463792725973,1
420.8,0.053800867043,1
419.0,0.0495233005031,1
416.5,0.043556713391,1
412.5,0.0339528718543,1
410.25,0.0284983263998,1
410.5,0.0291077109214,1
408.0,0.0230175769385,1
408.2,0.0235077730169,1
405.7,0.0173833242173,1
403.5,0.0228060503696,-1
404.6,0.0200799041491,-1
402.8,0.0245287425079,-1
404.6,0.0200600235407,-1
404.9,0.0193185504809,-1
406.1,0.0163548557414,-1
407.0,0.0141386528358,-1
406.95,0.0142615029586,-1
407.3,0.0134014464406,-1
404.5,0.020275986092,-1
395.9,0.041536801914,-1
396.25,0.0406527402823,-1
396.35,0.0404003743517,-1
395.75,0.0419141879003,-1
394.7,0.0445673780456,-1
400.25,0.0305060656564,-1
404.35,0.020262467905,-1
406.65,0.0145743264434,-1
407.4,0.0127299885607,-1
395.15,0.042798717083,-1
392.35,0.0498846338235,-1
392.25,0.0501395082978,-1
394.5,0.0444033706305,-1
394.35,0.0447835987674,-1
393.95,0.0457979261416,-1
395.95,0.0407211397474,-1
396.7,0.0388269611895,-1
398.4,0.0345416070176,-1
395.75,0.0411932134433,-1
394.4,0.0446044579158,-1
390.85,0.0536054721146,-1
389.8,0.0562919247179,-1
391.2,0.0527003392894,-1
392.35,0.0497606664878,-1
391.6,0.0516722250452,-1
389.4,0.0572902025733,-1
390.15,0.0553641625117,-1
388.15,0.0604903960116,-1
388.65,0.0592022342185,-1
389.2,0.0577870791947,-1
387.0,0.0634396999552,-1
385.55,0.0671864699811,-1
375.75,0.0926047036732,-1
376.3,0.0911409644849,-1
372.5,0.101239290289,-1
370.1,0.107682243309,-1
374.95,0.0945776769755,-1
378.2,0.0859098545992,-1
379.9,0.0814148783961,-1
378.6,0.0848368315417,-1
380.75,0.0791580148486,-1
381.3,0.0777134974487,-1
377.85,0.0867614911545,-1
382.7,0.0739257097597,-1
378.95,0.0837245077738,-1
374.45,0.0955994253091,-1
374.1,0.096534129542,-1
381.7,0.0762187058585,-1
387.9,0.0599755829871,-1
386.65,0.0631980630078,-1
386.9,0.0625514834138,-1
389.65,0.0554437036258,-1
390.45,0.0533905790268,-1
393.1,0.0466035384326,-1
392.95,0.0469851207271,-1
391.2,0.0425316279164,1
390.0,0.0394641432538,1
388.75,0.0362590150487,1
392.25,0.0452622304827,1
382.75,0.0210429825541,1
383.3,0.0224799518552,1
383.25,0.0223495057295,1
381.0,0.0164786642422,1
381.75,0.0184471681792,1
382.2,0.0196259501046,1
383.8,0.0238122400051,1
383.5,0.023030582892,1
384.8,0.0264204134005,1
384.6,0.0259006628808,1
377.4,0.00717991405082,1
382.85,0.0216208255506,1
391.0,0.0429085361422,1
406.7,0.0830619888276,1
407.7,0.0855208036788,1
405.8,0.0808605142503,1
407.75,0.0856658370695,1
404.55,0.0778178910241,1
401.7,0.0707730263596,1
401.6,0.0705240843631,1
400.1,0.0667890246022,1
406.15,0.0819102442972,1
406.9,0.0837568526932,1
408.15,0.0868288605575,1
409.2,0.0894014441665,1
416.05,0.106141424616,1
418.45,0.111909962052,1
418.75,0.112626893585,1
423.0,0.122776147316,1
425.15,0.127858889633,1
425.3,0.128211706286,1
424.4,0.126095552982,1
424.35,0.125977739598,1
424.0,0.125152948742,1
423.55,0.124091627987,1
422.75,0.122202830915,1
423.95,0.125041387982,1
424.55,0.126456649215,1
419.95,0.115621647449,1
418.4,0.111930731864,1
418.65,0.112528246204,1
418.1,0.111214499638,1
417.9,0.110736145177,1
418.35,0.111812957811,1
417.65,0.110139717701,1
417.1,0.108822825567,1
416.95,0.108463199578,1
418.1,0.111221324053,1
419.9,0.115526514199,1
420.65,0.117312653756,1
422.2,0.120997427321,1
417.7,0.110338971613,1
416.3,0.106987283799,1
416.5,0.107467706571,1
414.1,0.113230011493,-1
414.35,0.112626292584,-1
416.3,0.1079201263,-1
416.4,0.107679914914,-1
414.2,0.112963296278,-1
414.05,0.113325440169,-1
413.8,0.113929231982,-1
414.4,0.112479256148,-1
415.0,0.1110313797,-1
414.35,0.112597644761,-1
412.85,0.116217772672,-1
413.35,0.115006679054,-1
410.6,0.121659636596,-1
411.45,0.11958949534,-1
410.4,0.122141445759,-1
410.65,0.121532283966,-1
410.45,0.122019316718,-1
411.45,0.119582966371,-1
411.65,0.119096880577,-1
411.4,0.119704192614,-1
404.45,0.136597726887,-1
397.9,0.152792559376,-1
397.5,0.153797837084,-1
399.25,0.149395321361,-1
401.3,0.144260693934,-1
402.5,0.141270412349,-1
407.5,0.128848052101,-1
405.55,0.133633328174,-1
406.5,0.131290830332,-1
409.1,0.124894766371,-1
407.6,0.128561351558,-1
406.75,0.13064672938,-1
407.6,0.12855699367,-1
409.6,0.123650222325,-1
404.35,0.136467605138,-1
402.6,0.140795538859,-1
402.8,0.14029876787,-1
400.55,0.145884666579,-1
401.7,0.143013614276,-1
400.75,0.145378563243,-1
398.3,0.151492100361,-1
399.35,0.148855896494,-1
396.05,0.157119324565,-1
399.05,0.149544523404,-1
398.35,0.151298689548,-1
399.5,0.148411781051,-1
398.7,0.15041428418,-1
398.8,0.15016346903,-1
400.4,0.146151432922,-1
402.45,0.141031552802,-1
399.3,0.148858612064,-1
401.85,0.142472436256,-1
400.25,0.146454021425,-1
401.05,0.144455270644,-1
395.95,0.15717188952,-1
393.25,0.163990932328,-1
390.65,0.170602502576,-1
391.4,0.168682625448,-1
391.6,0.168171639245,-1
385.8,0.18298267091,-1
388.05,0.177150633585,-1
385.45,0.183850801089,-1
385.65,0.183331927046,-1
385.65,0.183331927046,-1
381.5,0.194092979814,-1
382.8,0.190685378241,-1
381.35,0.194473257029,-1
381.35,0.194473257029,-1
380.9,0.195653275385,-1
382.7,0.190927625608,-1
379.9,0.198244061458,-1
383.3,0.189294337847,-1
381.95,0.192816383242,-1
377.6,0.204205308494,-1
378.75,0.201159757647,-1
379.4,0.19944358603,-1
382.3,0.191799938164,-1
384.0,0.187353168612,-1
384.65,0.185660460278,-1
381.3,0.194369676449,-1
381.3,0.194369676449,-1
380.8,0.195680979885,-1
378.25,0.202377408456,-1
384.6,0.185589569725,-1
391.45,0.167778857297,-1
391.3,0.168162047998,-1
395.2,0.158195270589,-1
394.5,0.15996652565,-1
393.45,0.157304928692,1
395.5,0.162515247665,1
394.0,0.158722580155,1
392.85,0.15580379843,1
394.25,0.159367499588,1
394.05,0.158860207261,1
395.35,0.162159280982,1
397.25,0.1669651492,1
408.85,0.196165904392,1
407.5,0.192863959914,1
408.8,0.196054143963,1
411.8,0.203392695822,1
413.0,0.206306731762,1
412.4,0.204853947258,1
415.5,0.21237092107,1
417.45,0.217064061864,1
416.95,0.215866313631,1
417.0,0.215986232086,1
416.55,0.214907095396,1
410.5,0.200383028657,1
406.4,0.190395208925,1
404.3,0.18522788609,1
404.3,0.18522788609,1
404.1,0.184733203923,1
403.45,0.183124691179,1
403.1,0.182257173519,1
403.3,0.182753328319,1
401.8,0.179034012673,1
402.45,0.180651732932,1
403.15,0.182391079435,1
400.25,0.175197727085,1
402.8,0.181568745198,1
400.6,0.176106977572,1
396.95,0.166995644571,1
391.55,0.180599373,-1
390.65,0.182897930017,-1
392.3,0.178674200336,-1
391.65,0.180331095569,-1
392.25,0.178799115485,-1
391.3,0.181221040278,-1
392.5,0.178154339537,-1
391.35,0.181084275843,-1
388.1,0.18938886253,-1
391.55,0.180499401051,-1
391.9,0.179605517766,-1
396.0,0.169143665253,-1
394.05,0.174067907677,-1
393.85,0.17457545748,-1
395.2,0.171147756579,-1
393.75,0.174816784919,-1
394.0,0.174181864284,-1
392.8,0.177227549563,-1
392.95,0.176845675836,-1
392.7,0.177481889095,-1
387.0,0.191996785963,-1
383.3,0.201557509477,-1
377.9,0.215645691058,-1
379.0,0.212734868089,-1
390.25,0.18305149078,-1
386.75,0.192020100646,-1
382.75,0.202362699224,-1
384.0,0.199096859903,-1
383.55,0.200268734903,-1
383.2,0.201181262605,-1
380.0,0.209531993294,-1
384.25,0.198347782767,-1
386.1,0.193533208922,-1
387.85,0.18900070439,-1
393.7,0.173917553687,-1
392.75,0.176330558513,-1
390.35,0.182441315992,-1
403.45,0.148881690016,-1
406.0,0.142561204206,-1
405.1,0.144777952974,-1
412.4,0.16279819489,1
412.0,0.161828262785,1
412.2,0.162313699678,1
413.6,0.165710109188,1
414.7,0.168369683656,1
415.65,0.170660496292,1
415.7,0.170780789808,1
418.7,0.177997532652,1
418.55,0.17763928092,1
416.3,0.172263579092,1
419.0,0.178749286515,1
418.85,0.178391291288,1
418.5,0.177555669944,1
413.5,0.165608238642,1
415.1,0.169477646139,1
413.35,0.165261794537,1
410.5,0.158366911266,1
412.3,0.162751807734,1
409.1,0.154990468903,1
409.45,0.155846005446,1
405.75,0.146809493052,1
405.0,0.144961064216,1
401.4,0.136072175327,1
398.85,0.129719410006,1
402.3,0.138369278377,1
404.65,0.144210690259,1
401.85,0.151130250373,-1
400.05,0.155609533687,-1
396.35,0.164858377582,-1
396.65,0.164101470808,-1
397.2,0.162714857925,-1
399.55,0.15679844302,-1
401.75,0.151292248552,-1
403.25,0.147558583337,-1
411.15,0.127967758786,-1
410.1,0.130521571264,-1
407.15,0.137714938735,-1
406.6,0.139065792229,-1
401.8,0.150871006198,-1
402.3,0.149626605999,-1
398.8,0.158326581142,-1
392.8,0.173371716548,-1
397.0,0.16267925219,-1
394.4,0.169228370578,-1
396.65,0.163523502424,-1
398.0,0.160119998075,-1
397.2,0.162130048326,-1
393.1,0.172452304116,-1
393.65,0.171053169036,-1
393.35,0.171815267347,-1
392.55,0.173849079474,-1
393.0,0.17270272869,-1
392.5,0.173974993321,-1
391.55,0.176395375487,-1
391.9,0.175501492202,-1
391.8,0.175756659337,-1
392.5,0.173970033507,-1
393.05,0.172568759622,-1
392.95,0.172823180179,-1
394.5,0.168878657975,-1
395.65,0.165963575593,-1
396.3,0.164320709423,-1
395.2,0.167096384417,-1
393.3,0.171904076724,-1
393.4,0.171649817889,-1
396.6,0.163515603349,-1
395.65,0.165910963914,-1
396.5,0.163762600461,-1
396.2,0.16451922089,-1
395.55,0.166159806453,-1
396.25,0.164390118676,-1
396.35,0.164642484607,1
392.7,0.155433452186,1
392.65,0.155306128529,1
389.6,0.147538396453,1
390.15,0.148950100765,1
390.45,0.14971903579,1
389.9,0.148310404723,1
389.35,0.14972102283,-1
388.5,0.151904148552,-1
385.95,0.158467855116,-1
386.85,0.156135946838,-1
388.3,0.152387724013,-1
384.6,0.161916438924,-1
379.1,0.176217010947,-1
379.45,0.175293771696,-1
381.6,0.169627676031,-1
381.25,0.170544866807,-1
381.25,0.170544866807,-1
385.4,0.159659620905,-1
386.85,0.155897296048,-1
389.15,0.149951839152,-1
389.1,0.150080324312,-1
389.25,0.149694819301,-1
388.6,0.151364697271,-1
385.55,0.159213384868,-1
387.9,0.153118196176,-1
385.85,0.15840306341,-1
386.05,0.157884727269,-1
386.3,0.157237142759,-1
386.4,0.156978276593,-1
386.0,0.15801347328,-1
382.45,0.167210364472,-1
383.6,0.164203435462,-1
383.15,0.165376532438,-1
385.35,0.159634655888,-1
383.5,0.164435486302,-1
382.15,0.167955694907,-1
377.85,0.179207821035,-1
384.25,0.1622698827,-1
382.9,0.165783220371,-1
385.25,0.159645847689,-1
385.8,0.158218203302,-1
385.55,0.157570199155,1
385.85,0.158348308349,1
387.15,0.154979123433,-1
389.4,0.149167422542,-1
388.7,0.150965059933,-1
387.0,0.155338612801,-1
388.95,0.150299853111,-1
384.9,0.160712502552,-1
386.4,0.156815386418,-1
386.3,0.15707418559,-1
387.4,0.159921713418,1
387.65,0.160567041245,1
383.8,0.150635401879,1
384.55,0.152589544662,1
383.6,0.15011912469,1
382.1,0.146208801437,1
390.25,0.167538296334,1
388.0,0.16177276142,1
390.0,0.166927400595,1
385.25,0.154747913416,1
374.35,0.126454597387,1
387.55,0.161715716661,1
387.55,0.161715716661,1
387.55,0.161715716661,1
387.55,0.161715716661,1
386.9,0.160038513719,1
387.45,0.161460069677,1
387.1,0.16055672731,1
387.55,0.159394236998,-1
387.4,0.15978128383,-1
387.85,0.158619693742,-1
388.2,0.157717283017,-1
392.35,0.147026917226,-1
392.0,0.146134856566,1
405.2,0.179808325953,1
409.7,0.190913952804,1
406.1,0.182127035548,1
408.9,0.189021889032,1
409.5,0.190489240463,1
409.2,0.18975663973,1
408.6,0.18829036407,1
409.6,0.190737745372,1
407.55,0.18573286256,1
408.25,0.187450443225,1
408.35,0.187695391173,1
407.4,0.185368955518,1
410.4,0.192732725768,1
408.35,0.187737599062,1
409.9,0.191533362501,1
409.9,0.191533362501,1
410.0,0.191777324443,1
409.9,0.191533422004,1
409.9,0.191533422004,1
409.9,0.191533422004,1
415.6,0.205439252694,1
415.7,0.205679868671,1
415.15,0.20435679915,1
415.45,0.205079429524,1
415.4,0.204959078098,1
412.0,0.196774196057,1
413.5,0.200414972756,1
412.6,0.198238431039,1
412.5,0.197996065551,1
412.45,0.19787485343,1
415.0,0.204057421014,1
413.75,0.201045372821,1
413.5,0.200441143214,1
412.3,0.197539087591,1
416.2,0.206998219292,1
416.05,0.20663781564,1
415.3,0.204835147691,1
416.75,0.208326599653,1
420.45,0.217204824009,1
418.3,0.212091255213,1
416.95,0.208863906421,1
415.5,0.205386271212,1
414.9,0.203942227891,1
413.2,0.19984485503,1
413.8,0.201296936347,1
412.75,0.198759478638,1
409.7,0.191370017705,1
409.7,0.191370017705,1
410.75,0.193932868571,1
411.2,0.192837311663,-1
411.5,0.192107739679,-1
415.1,0.183359258512,-1
415.15,0.18323880561,-1
413.4,0.187454149461,-1
413.9,0.18624466712,-1
415.0,0.183587020345,-1
416.7,0.179490634803,-1
416.0,0.181170500414,-1
415.9,0.181410885029,-1
416.15,0.180809778994,-1
416.3,0.18044933204,-1
416.9,0.179008063724,-1
419.6,0.172531690493,-1
414.5,0.160377257699,1
414.85,0.159532866867,-1
412.7,0.154350270748,1
413.25,0.15568295793,1
413.65,0.154715020846,-1
412.05,0.150847016494,1
411.65,0.149876260518,1
413.45,0.154248907184,1
414.6,0.157030380155,1
414.25,0.156186192987,1
413.9,0.155341292565,1
412.55,0.152079635159,1
418.0,0.165290155096,1
419.7,0.169357140742,1
419.35,0.168523211745,1
417.6,0.164350086671,1
412.0,0.150940124985,1
412.4,0.151910998771,1
412.65,0.151304791206,-1
413.85,0.148396757764,-1
415.0,0.14561797318,-1
412.8,0.150919177999,-1
412.4,0.151888170247,-1
412.7,0.151160721169,-1
420.7,0.13177618034,-1
419.1,0.135579365507,-1
419.0,0.13534075897,1
418.4,0.133908778063,1
418.9,0.135103806743,1
417.3,0.13128427941,1
416.2,0.12864828612,1
416.5,0.129369093424,1
415.3,0.126487940963,1
415.75,0.12757149502,1
415.35,0.126609378364,1
415.2,0.126248237157,1
416.75,0.129981377812,1
416.9,0.130341305827,1
417.6,0.132020365553,1
419.8,0.137288564787,1
420.5,0.138956025483,1
420.95,0.140026180061,1
421.0,0.140144959013,1
419.95,0.137650897255,1
418.8,0.134912476015,1
418.0,0.133002256339,1
418.7,0.134676897488,1
421.05,0.140289507949,1
418.75,0.134826973808,1
417.85,0.132677720076,1
417.95,0.132917040407,1
417.2,0.131122567384,1
416.0,0.128246249071,1
414.35,0.124279902917,1
412.0,0.129951436645,-1
413.0,0.127524252179,-1
412.0,0.129945559685,-1
412.3,0.129217404345,-1
413.7,0.125821818606,-1
415.9,0.120503955421,-1
423.0,0.103432544024,-1
425.9,0.0965767520614,-1
430.2,0.0864804853321,-1
428.7,0.0829937349835,1
427.85,0.0810109964717,1
428.5,0.0825302204988,1
431.2,0.0888312706738,1
429.75,0.085468561954,1
431.0,0.0883772297841,1
431.0,0.0883772297841,1
433.75,0.0947577402249,1
433.6,0.0944119188993,1
432.1,0.0909525093052,1
428.5,0.0826211045378,1
431.05,0.0885720963698,1
431.7,0.0900800420837,1
432.5,0.0919331808375,1
431.9,0.0905458976005,1
431.15,0.0888093845187,1
430.3,0.0868379128732,1
431.3,0.089161872901,1
432.1,0.0910167303089,1
433.1,0.0933310094109,1
432.4,0.0917147545044,1
432.6,0.0921772891945,1
435.3,0.0984186206786,1
437.0,0.102323973309,1
439.95,0.109074545391,1
441.7,0.113052270133,1
442.65,0.115203051206,1
441.95,0.113621666365,1
441.85,0.113395396425,1
441.95,0.113621717574,1
441.5,0.112603502844,1
441.35,0.112263751995,1
440.95,0.11135744181,1
443.65,0.117480585024,1
443.9,0.118044092293,1
444.6,0.119621024034,1
442.55,0.115010137844,1
444.35,0.119077474868,1
444.15,0.118627379223,1
446.7,0.124368682837,1
445.5,0.121682316148,1
445.4,0.121457849257,1
444.35,0.119100417734,1
443.15,0.116399843862,1
441.65,0.113014985462,1
435.95,0.100108838061,1
438.75,0.106531592964,1
439.05,0.107215353647,1
440.5,0.110517938774,1
439.2,0.107566746947,1
438.8,0.106656000135,1
436.8,0.102098114993,1
437.05,0.101525770671,-1
437.15,0.101296963898,-1
437.5,0.100496323386,-1
435.75,0.104496323386,-1
436.75,0.102201429525,-1
436.9,0.101857983617,-1
436.8,0.102086868946,-1
436.7,0.102315806675,-1
437.65,0.100140400217,-1
434.7,0.106880946316,-1
432.7,0.111481820482,-1
432.35,0.112290694991,-1
431.9,0.113331518398,-1
433.05,0.110668865006,-1
434.25,0.107897822401,-1
433.85,0.108818950783,-1
433.65,0.109279939604,-1
435.0,0.106166829954,-1
431.9,0.113293266735,-1
429.75,0.118271270903,-1
421.0,0.138631945714,-1
425.5,0.127943109609,-1
429.6,0.11830738693,-1
427.5,0.123195655086,-1
427.6,0.122961736958,-1
425.0,0.129042185976,-1
427.3,0.12363042127,-1
427.25,0.123747435077,-1
429.15,0.119300390022,-1
428.75,0.120232465054,-1
427.5,0.123147916949,-1
430.4,0.116364291218,-1
431.35,0.114157042147,-1
429.3,0.118909563302,-1
433.0,0.110290881727,-1
434.1,0.107750466023,-1
434.0,0.10798082769,-1
434.0,0.10798082769,-1
434.35,0.107174376078,-1
434.1,0.107749948772,-1
436.0,0.112126820461,1
437.45,0.115452508534,1
440.5,0.122424733932,1
444.65,0.131845846304,1
443.35,0.128922198491,1
444.8,0.13219275223,1
444.25,0.130956241438,1
442.5,0.127017018028,1
444.65,0.13187577509,1
443.85,0.130076607205,1
445.95,0.134807935357,1
444.9,0.132453411307,1
443.95,0.130318100001,1
445.3,0.133358982983,1
444.8,0.132236144447,1
445.4,0.133585065311,1
444.85,0.132350220228,1
440.4,0.122346848305,1
443.55,0.12949943686,1
441.7,0.125328542936,1
444.05,0.130648896117,1
445.35,0.133576494361,1
445.95,0.134923749329,1
445.4,0.133690427207,1
448.0,0.139527876691,1
448.05,0.139639483834,1
447.0,0.137295995384,1
447.6,0.138638277263,1
450.9,0.146010931419,1
449.8,0.143571366105,1
449.75,0.143460205589,1
449.55,0.143015514094,1
450.1,0.144238959762,1
448.55,0.140795280579,1
446.8,0.136893820318,1
448.3,0.140251027122,1
446.25,0.135678196429,1
446.1,0.135342061975,1
442.85,0.128056699948,1
442.9,0.128169604995,1
442.75,0.127830928093,1
444.5,0.131783497263,1
443.2,0.128858862842,1
445.35,0.133709945875,1
444.25,0.131239978433,1
447.5,0.138555679052,1
446.35,0.13598584665,1
445.4,0.133857472056,1
439.55,0.146991733394,-1
440.6,0.14460292666,-1
439.55,0.146986040596,-1
437.7,0.151194890556,-1
437.45,0.151766058022,-1
432.45,0.163195935723,-1
433.85,0.159958567241,-1
435.2,0.156846892699,-1
431.3,0.165808289758,-1
434.7,0.157925145774,-1
430.2,0.168277112648,-1
428.95,0.171182737939,-1
426.25,0.17747717785,-1
427.9,0.173606210108,-1
426.7,0.176410603658,-1
425.1,0.180160310712,-1
426.3,0.177337445504,-1
426.55,0.176751004031,-1
425.5,0.179212614627,-1
425.55,0.179095105814,-1
424.5,0.18156250095,-1
431.15,0.16589701214,-1
428.9,0.171115613554,-1
427.7,0.173913468532,-1
428.4,0.172276807321,-1
426.75,0.176128347937,-1
429.75,0.16909847096,-1
430.35,0.167702310402,-1
431.0,0.166191911889,-1
429.35,0.170020218153,-1
430.65,0.166992385383,-1
429.0,0.170823803007,-1
427.2,0.175019607203,-1
426.05,0.177711554769,-1
421.0,0.189564623657,-1
422.85,0.18517032437,-1
423.2,0.184342607686,-1
421.4,0.188595915814,-1
421.65,0.188002655254,-1
422.5,0.185986765298,-1
422.8,0.185276706126,-1
422.9,0.185040187678,-1
422.4,0.186222500281,-1
421.7,0.187879697251,-1
420.95,0.189658212783,-1
421.15,0.189183096974,-1
423.65,0.183246969703,-1
422.75,0.185371364841,-1
423.55,0.183478993463,-1
423.5,0.18359704328,-1
423.6,0.183360915771,-1
423.3,0.184069131069,-1
422.3,0.186431521808,-1
419.85,0.192233084678,-1
423.0,0.18473040515,-1
425.0,0.180002272762,-1
425.4,0.179061096291,-1
428.0,0.172949201604,-1
430.1,0.168042659548,-1
433.5,0.160137521208,-1
432.4,0.157600035626,1
432.0,0.156674966245,1
432.95,0.158874040319,1
434.6,0.162685103953,1
434.55,0.162570055632,1
434.95,0.163490548096,1
435.0,0.163605503838,1
431.1,0.154639986596,1
432.1,0.15695963401,1
433.75,0.160778194528,1
434.0,0.161354563405,1
439.75,0.174603411331,1
440.45,0.176195224861,1
441.65,0.178919711182,1
442.6,0.181070735749,1
442.0,0.179715109902,1
442.3,0.180393842933,1
441.7,0.179037297602,1
443.3,0.182659665725,1
443.75,0.183674779644,1
443.6,0.183336751475,1
443.45,0.182998609004,1
443.0,0.181983838455,1
439.5,0.174083161254,1
440.25,0.175789645896,1
442.15,0.180105375595,1
443.8,0.183837140833,1
442.9,0.181809200319,1
441.15,0.177857969793,1
440.8,0.177064588857,1
442.75,0.181488363811,1
442.75,0.181488363811,1
443.05,0.182165947098,1
444.4,0.185213007249,1
444.35,0.185100495998,1
445.6,0.187913593781,1
451.45,0.201041960029,1
453.7,0.206025900664,1
456.85,0.212968814484,1
456.0,0.211108247558,1
454.95,0.208805615979,1
455.25,0.209465029102,1
455.15,0.209245369574,1
454.15,0.207048291688,1
454.85,0.208589632654,1
455.55,0.210128601545,1
455.3,0.209579814365,1
458.3,0.216168876522,1
458.85,0.217368963801,1
466.0,0.232951398147,1
470.3,0.242178865959,1
468.7,0.238776782182,1
470.7,0.243043904009,1
471.0,0.243681252638,1
470.0,0.241558110388,1
470.1,0.241770876345,1
471.45,0.244642605765,1
472.0,0.245809219403,1
471.0,0.243690575335,1
469.6,0.240718176185,1
469.0,0.23944049305,1
463.0,0.226647316078,1
466.5,0.234206711326,1
468.55,0.238601137907,1
469.45,0.240521957457,1
468.95,0.239456881304,1
471.3,0.244468076527,1
470.1,0.241921927578,1
470.7,0.243198251764,1
472.35,0.246703669227,1
473.5,0.249138304561,1
471.85,0.245653616071,1
476.55,0.255614408696,1
474.8,0.251942181228,1
473.55,0.24930949378,1
472.3,0.246669856994,1
470.5,0.242858720005,1
466.85,0.235101015436,1
467.55,0.236600426381,1
465.95,0.233178332488,1
466.35,0.234036793696,1
467.4,0.236288321518,1
468.55,0.233827902177,-1
468.85,0.233187628994,-1
467.8,0.235427151229,-1
468.3,0.234358318395,-1
465.4,0.240550929969,-1
468.05,0.234856903325,-1
466.4,0.23838216772,-1
467.1,0.236881310087,-1
467.0,0.237095397006,-1
466.25,0.238701392723,-1
467.45,0.236127666182,-1
471.35,0.227784527878,-1
476.6,0.216646307872,-1
475.7,0.218534683869,-1
476.7,0.216432518638,-1
484.0,0.201118904206,-1
478.35,0.189445350487,1
471.0,0.174080032205,1
469.1,0.170046061929,1
469.75,0.171431693991,1
468.95,0.169728660462,1
469.95,0.171861083961,1
470.0,0.171967478259,1
470.2,0.172393010174,1
469.0,0.169840904687,1
468.3,0.168348367373,1
465.2,0.161728679139,1
464.75,0.160761353258,1
464.4,0.160008260197,1
469.65,0.171313169758,1
469.3,0.170567933944,1
468.8,0.171633350522,-1
467.0,0.175472940965,-1
465.45,0.178791998781,-1
466.3,0.176965809072,-1
465.05,0.179646486748,-1
466.35,0.176851088403,-1
465.35,0.178995400615,-1
465.75,0.178135832548,-1
463.55,0.182859396692,-1
465.95,0.17768196168,-1
466.15,0.177252731075,-1
475.4,0.157409333028,-1
474.2,0.159933523183,-1
474.5,0.159300878729,-1
474.1,0.160143871353,-1
474.15,0.160038408371,-1
473.9,0.159511149065,1
473.6,0.158878104118,1
468.5,0.148109523037,1
467.65,0.146295222077,1
469.95,0.151213430138,1
471.6,0.154724441948,1
472.2,0.155996706579,1
475.15,0.162244059396,1
473.65,0.159087161574,1
473.4,0.158559345676,1
473.7,0.159193059238,1
470.75,0.152965489046,1
472.0,0.155620826274,1
470.4,0.152230995765,1
470.3,0.152018410731,1
471.65,0.154888918917,1
472.5,0.15669110274,1
470.4,0.152246658296,1
471.95,0.155541726323,1
472.1,0.155859556601,1
472.35,0.156389105426,1
472.5,0.156706666556,1
471.5,0.15459026444,1
472.8,0.157347422446,1
473.25,0.156395645797,-1
473.2,0.1565012982,-1
471.5,0.160093859485,-1
469.55,0.164229596495,-1
469.95,0.163377717036,-1
470.1,0.163058534144,-1
469.75,0.163803056586,-1
469.95,0.163377298204,-1
467.8,0.167952252986,-1
465.0,0.17393771686,-1
465.4,0.173077501806,-1
464.55,0.17490388771,-1
462.7,0.17888623622,-1
463.4,0.177373376916,-1
462.6,0.179099747222,-1
464.1,0.175857205069,-1
463.8,0.17650361748,-1
462.05,0.180276795574,-1
462.1,0.180168582177,-1
462.55,0.179194766986,-1
464.65,0.174654717261,-1
461.4,0.18164922926,-1
460.65,0.183274716906,-1
462.35,0.179584279481,-1
461.95,0.180449424933,-1
461.5,0.181423556333,-1
462.15,0.180015105628,-1
460.5,0.183585375022,-1
460.7,0.183151064489,-1
460.8,0.182934003495,-1
465.45,0.172842857662,-1
462.55,0.179073387257,-1
461.3,0.181775797807,-1
460.7,0.183076469821,-1
461.1,0.182208225845,-1
461.45,0.18144917141,-1
462.05,0.180148922195,-1
461.55,0.181231056163,-1
460.35,0.183830991165,-1
460.5,0.183505152129,-1
461.25,0.181876487634,-1
460.3,0.18393610823,-1
460.3,0.18393610823,-1
460.55,0.183392984181,-1
460.25,0.184044379252,-1
461.95,0.180350734494,-1
468.05,0.167145842189,-1
469.85,0.163300099213,-1
468.05,0.159469089316,1
470.2,0.164062615649,1
469.95,0.163530927006,1
470.0,0.163637321303,1
469.0,0.161509661729,1
469.1,0.161722881345,1
469.35,0.162255816753,1
471.6,0.167049680607,1
474.45,0.173092937605,1
477.0,0.17846758193,1
481.6,0.1881111878,1
481.05,0.186969161222,1
481.45,0.187800675617,1
480.85,0.186554440287,1
480.95,0.186762405349,1
480.8,0.186450522616,1
481.2,0.187282469372,1
484.35,0.193828604035,1
486.7,0.198680467357,1
487.8,0.200940586527,1
487.2,0.199710574227,1
486.9,0.19909481068,1
487.0,0.199300191662,1
494.4,0.21449526353,1
496.15,0.218034907543,1
497.8,0.221360514719,1
497.05,0.21985388555,1
497.25,0.220256259557,1
497.15,0.220055153474,1
494.5,0.214724770289,1
495.0,0.215735892635,1
495.65,0.217049023948,1
496.8,0.219369209563,1
497.35,0.220476294909,1
498.9,0.223592812452,1
504.9,0.23561927066,1
505.05,0.235916359193,1
502.3,0.230471353748,1
501.9,0.229675016897,1
500.3,0.226487130864,1
501.7,0.229285451872,1
500.9,0.227690873438,1
497.0,0.219904888212,1
498.55,0.223023600485,1
494.65,0.215200914697,1
492.75,0.211359814929,1
491.6,0.209025974239,1
494.0,0.21390799214,1
491.85,0.209555765419,1
491.95,0.209759079438,1
491.1,0.20803126157,1
489.8,0.205384142857,1
490.65,0.203648740652,-1
490.5,0.203954457558,-1
489.2,0.206604814337,-1
489.0,0.207013645081,-1
487.55,0.209978880255,-1
487.75,0.209568665918,-1
487.8,0.209466154385,-1
491.3,0.202291082634,-1
490.4,0.204122957253,-1
487.75,0.209526709292,-1
484.95,0.215267355115,-1
484.55,0.216092182416,-1
481.65,0.222077116892,-1
480.95,0.223530454377,-1
479.9,0.225713633502,-1
477.65,0.230402110268,-1
481.5,0.222341815073,-1
480.75,0.223899447472,-1
484.2,0.21672316042,-1
483.9,0.217342739107,-1
488.7,0.207423334271,-1
497.45,0.189518689294,-1
497.9,0.188614075765,-1
500.0,0.184396361365,-1
498.7,0.186996361365,-1
500.0,0.184389583743,-1
502.95,0.190289583743,1
502.05,0.188500141453,1
501.0,0.186408716296,1
500.75,0.1859097143,1
505.0,0.194396983396,1
502.25,0.188951438842,1
504.0,0.192435759399,1
500.3,0.185094489558,1
496.9,0.178298567111,1
496.75,0.177996695507,1
496.65,0.177795387002,1
496.8,0.17809741056,1
496.1,0.176688392847,1
499.3,0.183138705284,1
500.0,0.184540668031,1
499.85,0.184240668031,1
499.5,0.183540457968,1
500.0,0.184541458969,1
500.3,0.185141458969,1
500.0,0.184541818754,1
497.0,0.178541818754,1
497.15,0.178843629619,1
498.65,0.181860827648,1
498.35,0.181259203262,1
497.95,0.180456554521,1
497.65,0.181059024648,-1
494.0,0.188393496667,-1
494.0,0.188393496667,-1
495.6,0.18515463027,-1
493.7,0.188988367155,-1
493.85,0.188684538919,-1
491.85,0.192734351615,-1
492.8,0.190802868439,-1
493.5,0.189382413894,-1
490.25,0.195968026862,-1
490.1,0.196273993206,-1
491.3,0.193825513304,-1
490.95,0.194537908989,-1
491.45,0.19351947534,-1
492.65,0.191077721347,-1
491.45,0.1935135277,-1
491.95,0.192496130203,-1
491.0,0.194427220761,-1
491.4,0.19361255681,-1
490.8,0.194833558031,-1
491.6,0.193203566181,-1
493.25,0.189847178874,-1
493.3,0.1897458104,-1
492.25,0.191874332597,-1
492.05,0.19228063021,-1
490.85,0.194719406757,-1
489.95,0.196552960796,-1
489.7,0.197063216945,-1
492.15,0.192060153845,-1
493.05,0.190231443086,-1
490.3,0.19580897072,-1
486.15,0.204273176308,-1
485.9,0.204787420883,-1
487.0,0.202523580587,-1
486.05,0.204474299273,-1
487.1,0.202314027696,-1
486.0,0.204572290886,-1
485.5,0.20560109747,-1
486.6,0.203335392012,-1
488.15,0.200150024153,-1
488.05,0.200354879218,-1
487.55,0.201379364415,-1
486.9,0.20271256101,-1
488.0,0.200453370211,-1
489.65,0.19707222267,-1
498.85,0.178283291801,-1
499.4,0.177180755968,-1
499.3,0.177380996257,-1
498.9,0.176579874687,1
499.9,0.178584284388,1
499.8,0.17838424438,1
499.1,0.176983684156,1
500.15,0.179087470972,1
499.0,0.176788160765,1
500.15,0.179092769984,1
500.7,0.180192440083,1
502.3,0.183387966346,1
503.2,0.185179724259,1
502.8,0.1843848117,1
502.6,0.183987039226,1
502.5,0.183788073846,1
500.75,0.180305486781,1
502.75,0.184299495767,1
503.15,0.185095119835,1
506.1,0.19095818254,1
507.4,0.19352684486,1
508.95,0.196581633981,1
506.6,0.191964284536,1
511.8,0.202228793024,1
521.05,0.220302259222,1
520.3,0.218862858012,1
517.75,0.213961839369,1
517.95,0.214348126187,1
517.6,0.213672385286,1
516.35,0.211257393014,1
517.15,0.212806729704,1
515.85,0.21029295227,1
515.15,0.208935968651,1
513.7,0.20612125449,1
512.35,0.203493261498,1
510.7,0.20027280673,1
511.25,0.201349759932,1
521.85,0.222083256264,1
517.65,0.214034966526,1
518.0,0.214711099048,1
518.8,0.216255500592,1
517.25,0.213267836753,1
519.85,0.218294419643,1
518.8,0.216274606235,1
519.15,0.216949240006,1
519.05,0.216756617449,1
517.6,0.213963052282,1
517.0,0.212803855992,1
514.3,0.207581418854,1
512.75,0.204567613682,1
516.55,0.211978632697,1
515.3,0.209558731429,1
515.95,0.210820132555,1
515.0,0.212661396243,-1
511.0,0.220428386535,-1
511.05,0.220330539176,-1
512.85,0.216808378918,-1
514.4,0.213786052702,-1
512.8,0.216896472609,-1
512.25,0.21796901551,-1
514.45,0.21367423757,-1
514.65,0.21328547287,-1
523.9,0.195312092903,-1
523.35,0.19636191157,-1
521.65,0.199610215765,-1
520.65,0.197693221611,1
518.8,0.201246472356,-1
518.85,0.201150096103,-1
519.15,0.201728297895,1
519.4,0.202209854285,1
518.75,0.200958410312,1
517.15,0.197874072962,1
517.3,0.198164124205,1
512.85,0.189561765805,1
512.15,0.188196844288,1
508.3,0.180679515381,1
508.4,0.180876249593,1
513.45,0.190809373118,1
512.25,0.188472241946,1
511.45,0.190033979379,-1
513.95,0.18514591603,-1
513.95,0.18514591603,-1
518.8,0.175709200396,-1
517.8,0.177636725454,-1
520.75,0.171939545075,-1
523.8,0.166082607965,-1
524.2,0.165318957717,-1
539.7,0.194887824562,1
538.9,0.193405519577,1
538.6,0.192848830025,1
538.05,0.191827664039,1
540.25,0.195916503366,1
541.6,0.198415346494,1
541.9,0.198969260822,1
543.4,0.201737299206,1
543.55,0.202013338955,1
542.25,0.199621654658,1
542.3,0.199713863049,1
541.75,0.198699664266,1
542.25,0.199622599199,1
537.1,0.190125134929,1
535.5,0.187146173842,1
536.8,0.189573811564,1
536.8,0.189573811564,1
536.4,0.188828655081,1
536.45,0.1889218691,1
533.75,0.183888781208,1
535.1,0.186418055212,1
534.7,0.185670531385,1
533.7,0.183800323792,1
533.0,0.182488725516,1
533.15,0.182770151407,1
534.8,0.185864965249,1
533.6,0.18362113578,1
532.8,0.182121885406,1
530.3,0.186814077598,-1
528.1,0.190962672733,-1
530.75,0.185944683715,-1
532.15,0.183306906984,-1
534.85,0.178233149585,-1
534.2,0.179448443593,-1
535.35,0.177295691814,-1
534.8,0.178323057089,-1
533.25,0.18122133682,-1
533.75,0.180283690313,-1
532.2,0.183187671578,-1
535.5,0.17698699514,-1
537.75,0.172785314468,-1
536.05,0.175946634784,-1
537.05,0.174081137162,-1
537.6,0.173057023951,-1
537.15,0.17221997038,1
539.0,0.175664073517,1
539.6,0.176777246059,1
538.9,0.175479988831,1
538.6,0.174923299278,1
539.3,0.176222965079,1
544.8,0.186421370419,1
542.9,0.182933852063,1
543.05,0.18321014604,1
542.95,0.183026000934,1
542.3,0.181828837291,1
542.85,0.182843036074,1
542.4,0.182014077798,1
540.85,0.179156408181,1
541.35,0.180080878922,1
541.0,0.179434347103,1
539.95,0.177493496826,1
540.05,0.17767869916,1
542.25,0.18175239604,1
541.35,0.180092645002,1
543.05,0.183232942407,1
543.2,0.183509160066,1
548.3,0.192897967136,1
546.5,0.189615092797,1
546.6,0.189798075413,1
545.4,0.187602685732,1
542.1,0.181552080671,1
541.35,0.180168572093,1
540.95,0.179429678586,1
541.7,0.180816128351,1
541.5,0.180446920302,1
531.45,0.161887363515,1
528.2,0.155772018704,1
529.1,0.154068118666,-1
527.8,0.156525121123,-1
525.2,0.161451229498,-1
526.1,0.159737596596,-1
527.05,0.157931856242,-1
527.85,0.156413973688,-1
530.45,0.151488331934,-1
529.65,0.152996485389,-1
529.6,0.153090887352,-1
528.3,0.155545570132,-1
531.4,0.149677692032,-1
529.6,0.153064970918,-1
531.55,0.149382946749,-1
527.3,0.157378431652,-1
527.55,0.156904318244,-1
528.8,0.154534874589,-1
529.1,0.15396755235,-1
527.15,0.157653056035,-1
528.25,0.155566363443,-1
528.3,0.15547171129,-1
526.5,0.158878866315,-1
527.95,0.156124830228,-1
530.2,0.151863063015,-1
531.4,0.149599766146,-1
529.4,0.153363409353,-1
529.7,0.152796730093,-1
528.2,0.155628521673,-1
527.2,0.157521743938,-1
524.75,0.152874551221,1
524.55,0.152493417348,1
523.9,0.153732574721,-1
525.7,0.150296804536,-1
525.35,0.150962583497,-1
527.1,0.147631470906,-1
529.7,0.142698820555,-1
529.25,0.143548358029,-1
525.9,0.149878069885,-1
523.8,0.153871224477,-1
523.75,0.153966680758,-1
521.05,0.159121812023,-1
521.2,0.158833931782,-1
516.7,0.167467853501,-1
520.4,0.160307025167,-1
520.35,0.160403105105,-1
522.3,0.156655627446,-1
522.25,0.156751357869,-1
522.75,0.155793961986,-1
523.45,0.154454889772,-1
530.0,0.141941755757,-1
529.15,0.143545529342,-1
532.4,0.137403603612,-1
531.9,0.138342747113,-1
531.2,0.139658783962,-1
532.15,0.137870380348,-1
530.85,0.135427460119,1
531.65,0.136934477167,1
531.3,0.136276149319,1
529.6,0.133076450468,1
528.7,0.131377054697,1
528.85,0.131660769469,1
526.3,0.126838986355,1
521.15,0.117053692796,1
519.55,0.113983559437,1
519.3,0.113502373796,1
520.3,0.115428042966,1
521.05,0.116869519037,1
520.75,0.116293758554,1
522.25,0.119174219427,1
520.55,0.115919073425,1
520.9,0.115246707658,-1
521.5,0.114094855095,-1
522.1,0.11294432777,-1
522.75,0.111699355542,-1
520.9,0.115238332108,-1
519.25,0.118405926656,-1
519.2,0.118502219386,-1
519.3,0.11830961538,-1
519.75,0.117443064254,-1
518.4,0.120040466851,-1
519.1,0.118690158209,-1
519.35,0.118208555435,-1
520.2,0.116571894224,-1
520.0,0.116956361736,-1
519.7,0.117533284813,-1
518.8,0.119265053141,-1
515.75,0.125144004567,-1
519.3,0.118260824732,-1
519.35,0.118164541274,-1
518.3,0.12018629924,-1
518.05,0.120668645372,-1
518.15,0.120475613811,-1
518.85,0.119124653665,-1
519.5,0.117871883114,-1
518.9,0.119026839804,-1
515.5,0.125579162024,-1
515.45,0.125676155234,-1
516.2,0.124221115948,-1
516.1,0.124414839311,-1
517.6,0.121508425825,-1
517.6,0.121508425825,-1
517.1,0.122474422734,-1
517.55,0.121604184869,-1
517.8,0.121121139753,-1
517.9,0.120928014994,-1
520.6,0.115714653341,-1
520.05,0.116771126641,-1
520.15,0.116578837438,-1
518.25,0.120231629902,-1
522.4,0.112223911619,-1
526.75,0.103896959093,-1
524.9,0.100384856577,1
501.9,0.0565669865067,1
498.8,0.0503904573176,1
496.4,0.0552020050321,-1
497.9,0.0521802483843,-1
496.0,0.055996275699,-1
495.45,0.0571051466667,-1
497.7,0.0525638205995,-1
503.35,0.0412116003865,-1
504.5,0.0389269078267,-1
510.25,0.0275294846354,-1
508.0,0.0319390877711,-1
510.5,0.0270178279286,-1
515.0,0.0182029405633,-1
514.7,0.0187854648351,-1
514.2,0.0197569045087,-1
515.5,0.0172287053644,-1
514.65,0.0188775899425,-1
516.4,0.0154772207596,-1
515.5,0.0172200557712,-1
516.2,0.0158621508245,-1
515.55,0.0171213526843,-1
514.85,0.0184791259361,-1
515.35,0.0175079692886,-1
515.0,0.0181871193807,-1
514.2,0.0166337213225,1
517.65,0.0233431728977,1
516.3,0.0207352331701,1
514.1,0.0164741446557,1
514.45,0.0171549460562,1
513.7,0.0156970784306,1
514.35,0.0169624083897,1
515.0,0.0182261393122,1
515.5,0.0191970130986,1
514.9,0.0180330945729,1
515.1,0.0184215195098,1
517.05,0.0222071921947,1
516.55,0.021240167729,1
516.15,0.0204657993232,1
515.45,0.0191096044187,1
515.3,0.0188185965615,1
515.2,0.0186245348498,1
515.55,0.0193038826759,1
515.95,0.0200797531056,1
516.15,0.0204673875663,1
516.5,0.0211454850185,1
517.85,0.0237592313883,1
518.0,0.0240488905561,1
517.7,0.0234697399769,1
524.9,0.0373774085108,1
527.15,0.0416639392786,1
527.45,0.0422330372583,1
530.5,0.0480155758875,1
531.4,0.0497120886114,1
529.65,0.0464189008056,1
529.0,0.0451916752793,1
529.5,0.0461368548634,1
531.85,0.0505750040608,1
532.7,0.0521731990406,1
531.6,0.0501082469099,1
532.25,0.0513309707624,1
540.7,0.0672069688836,1
539.95,0.0658198780754,1
540.0,0.0659124792422,1
539.95,0.0658198866496,1
540.15,0.0661902913167,1
540.65,0.0671159601124,1
541.45,0.0685956604731,1
542.25,0.0700731745556,1
541.1,0.0679523815634,1
543.55,0.0724801952763,1
544.55,0.0743199524283,1
544.25,0.0737690388299,1
542.3,0.0701861265653,1
544.4,0.0740585219185,1
542.9,0.071303194953,1
543.8,0.0729609588137,1
544.8,0.0747998701782,1
544.75,0.0747080933794,1
543.65,0.0726888184827,1
543.35,0.0721369928595,1
542.75,0.071032732254,1
542.6,0.0707563619178,1
542.6,0.0707563619178,1
542.25,0.0701113195293,1
544.15,0.0736152383859,1
542.8,0.0711343048198,1
544.9,0.0750031331175,1
542.1,0.069864575584,1
540.35,0.0666363889026,1
540.6,0.0670990519913,1
541.8,0.0693188078182,1
540.6,0.0671039683941,1
540.7,0.0672889480463,1
541.7,0.0654394936353,-1
540.1,0.0683931580252,-1
537.35,0.0734848077197,-1
541.35,0.0660408698766,-1
539.35,0.0697353374115,-1
544.35,0.0604649193156,-1
543.85,0.0613834459988,-1
543.95,0.0611995717688,-1
543.5,0.0620268536881,-1
545.65,0.0580710119218,-1
544.8,0.0596287870523,-1
545.0,0.059261679857,-1
544.9,0.0594451660956,-1
543.8,0.0574264470646,1
544.55,0.0588056305879,1
543.9,0.0576119844581,1
542.1,0.0543025525772,1
544.1,0.0579919087846,1
542.85,0.0556945369779,1
541.15,0.052562916825,1
541.95,0.0540412500043,1
542.8,0.0556096603743,1
541.8,0.0537673611849,1
543.15,0.0562590555371,1
544.4,0.0585604455767,1
543.9,0.0576420032548,1
544.25,0.0582855038983,1
544.35,0.0584692429888,1
544.15,0.0581018323156,1
546.15,0.0617772894505,1
549.75,0.068368885166,1
550.15,0.0690964886221,1
550.3,0.069369141535,1
549.7,0.068278827161,1
547.0,0.0633670571046,1
546.2,0.0619045342527,1
547.3,0.0639184485698,1
545.65,0.0609036486428,1
544.95,0.0596207750059,1
544.8,0.0593455203954,1
543.85,0.0576017612177,1
544.4,0.0586130694829,1
552.65,0.0737673677929,1
553.2,0.0747625727147,1
554.35,0.0768413868868,1
552.9,0.0742257108698,1
552.25,0.0730500914088,1
552.9,0.0742270945776,1
554.4,0.0769400625646,1
554.3,0.0767596873842,1
553.1,0.0745947947268,1
555.1,0.0782107773701,1
557.8,0.0830747658407,1
559.75,0.086570642499,1
561.0,0.0888037822935,1
558.95,0.0851495933452,1
557.75,0.0830027107976,1
557.35,0.082285543608,1
554.65,0.0774411908673,1
552.15,0.0729338438917,1
553.5,0.0753788316668,1
554.5,0.0771855164003,1
555.15,0.0783577436321,1
556.15,0.080159058592,1
557.75,0.0830359802858,1
557.35,0.0823188130962,1
557.15,0.0819599721524,1
557.45,0.0824984267876,1
559.0,0.0852789452198,1
558.2,0.0838478182072,1
556.0,0.0799065785082,1
561.75,0.0902483051269,1
562.55,0.0916724261772,1
564.35,0.094872141758,1
565.5,0.0969098842937,1
564.6,0.0953183723574,1
564.55,0.095229814086,1
564.8,0.095672644659,1
565.9,0.097620236727,1
568.15,0.101596204212,1
569.1,0.10326829785,1
565.5,0.0969425203062,1
564.75,0.0956162603592,1
572.4,0.109162077092,1
572.9,0.110035592117,1
573.05,0.110297417915,1
573.8,0.111606204234,1
571.7,0.107946392453,1
571.95,0.108383684739,1
575.0,0.113716318711,1
576.05,0.115542405667,1
574.55,0.112938465037,1
574.5,0.112851440409,1
572.65,0.109631248938,1
571.95,0.108408861791,1
569.95,0.104912052629,1
569.25,0.103683874719,1
568.45,0.102278516792,1
570.25,0.105445022201,1
569.3,0.103779086208,1
567.8,0.101144271523,1
569.25,0.103697987621,1
569.25,0.103697987621,1
567.5,0.100623767155,1
567.0,0.0997427098865,1
566.45,0.0987726922498,1
565.0,0.0962128899724,1
565.9,0.0946199696184,-1
562.4,0.100804807929,-1
563.8,0.0983154764924,-1
561.4,0.102572305155,-1
559.55,0.105867638251,-1
560.2,0.104705990498,-1
562.2,0.101135836982,-1
562.05,0.101402645946,-1
560.75,0.103715607427,-1
562.0,0.101486450048,-1
560.35,0.104422393109,-1
561.3,0.102727024143,-1
560.95,0.10335057661,-1
556.0,0.112174892503,-1
552.0,0.119369137107,-1
548.95,0.124894499426,-1
547.6,0.127353739794,-1
547.3,0.127901584937,-1
547.7,0.127170724348,-1
543.75,0.134382701708,-1
546.95,0.128497644237,-1
546.3,0.129686052684,-1
547.2,0.128038606226,-1
545.8,0.130597085758,-1
543.45,0.134902692207,-1
537.8,0.145299232827,-1
535.5,0.149575915609,-1
539.9,0.141359295628,-1
539.5,0.142100173568,-1
541.85,0.137744288489,-1
540.25,0.140697135218,-1
540.2,0.140789684963,-1
541.5,0.138383168858,-1
539.85,0.141430260271,-1
537.95,0.144949756427,-1
535.8,0.148946410392,-1
538.1,0.144653763882,-1
539.25,0.142516614653,-1
537.0,0.146689076405,-1
528.05,0.163355743072,-1
528.15,0.163166367066,-1
526.5,0.166290479534,-1
529.85,0.159927706505,-1
532.8,0.154360093029,-1
532.15,0.155580062999,-1
530.15,0.159338401813,-1
531.7,0.156414700974,-1
533.1,0.153781637216,-1
534.05,0.151999607578,-1
536.55,0.147318397954,-1
537.05,0.146386518352,-1
536.5,0.147410631563,-1
540.9,0.13920932681,-1
544.6,0.13236887571,-1
545.3,0.131083528667,-1
548.9,0.124481658137,-1
549.3,0.125210388324,1
550.4,0.127212937023,1
550.25,0.126940407953,1
550.4,0.127213011315,1
553.65,0.133117807827,1
557.5,0.140071659538,1
555.1,0.135766726803,1
551.5,0.129281408842,1
552.2,0.130550674481,1
553.2,0.132361612547,1
548.5,0.123865589409,1
544.95,0.117393392508,1
543.8,0.115283107161,1
544.0,0.115650889434,1
549.7,0.12612883061,1
547.3,0.121762812782,1
547.1,0.121397382488,1
548.2,0.123407983841,1
545.75,0.118938812006,1
549.0,0.124893919656,1
552.5,0.131269147342,1
547.7,0.122581364537,1
547.15,0.121577165158,1
544.5,0.116733886349,1
543.1,0.114162720142,1
542.1,0.11232143861,1
543.5,0.109738889265,-1
545.0,0.10697899966,-1
543.0,0.110648724431,-1
542.05,0.112398264026,-1
540.0,0.116180202961,-1
539.55,0.117013536295,-1
544.2,0.108395243273,-1
548.8,0.0999424685576,-1
547.65,0.102037949607,-1
550.2,0.0973816910479,-1
548.9,0.0997444682198,-1
547.9,0.101566293689,-1
547.15,0.10293515662,-1
546.45,0.104214513286,-1
547.8,0.101744021933,-1
548.0,0.102109118684,1
546.75,0.099828096786,1
546.6,0.100102445209,-1
546.4,0.100468343489,-1
556.5,0.118952970136,1
555.6,0.117335719462,1
556.35,0.118685611471,1
556.0,0.118056511084,1
555.85,0.117786726912,1
551.45,0.109870922288,1
548.55,0.104612059291,1
550.2,0.107619989288,1
550.0,0.107256485108,1
550.4,0.107983757835,1
549.55,0.106439426439,1
550.05,0.107349261759,1
550.55,0.108258270031,1
552.8,0.1123450923,1
553.4,0.113430475802,1
553.65,0.113882228603,1
553.95,0.114424087178,1
553.45,0.113521478639,1
553.05,0.112798739458,1
551.75,0.110448138246,1
551.95,0.110810621255,1
552.0,0.11090120917,1
550.3,0.107821499025,1
548.3,0.104187117779,1
549.0,0.105463791133,1
549.2,0.105828089858,1
548.45,0.104462467134,1
550.35,0.100998158628,-1
549.0,0.103451143092,-1
545.4,0.110008520142,-1
541.8,0.116609180208,-1
544.95,0.110795226719,-1
544.9,0.110886978256,-1
546.45,0.108042419622,-1
546.0,0.108865916739,-1
546.15,0.108591191465,-1
548.8,0.103739044618,-1
549.15,0.103101289516,-1
549.5,0.102463940887,-1
551.35,0.0990972438894,-1
552.75,0.0965580219796,-1
553.7,0.0948393426489,-1
554.85,0.0927624056795,-1
553.1,0.0959164112666,-1
552.9,0.0962780095309,-1
549.05,0.103241294031,-1
547.3,0.10642861759,-1
548.55,0.104144678251,-1
547.7,0.102595138556,1
546.45,0.100312867239,1
557.0,0.119619299667,1
557.6,0.120696498948,1
557.85,0.12114484902,1
558.25,0.121861887651,1
561.0,0.126787996025,1
562.85,0.130085678735,1
564.7,0.133372522476,1
563.1,0.130539159629,1
565.9,0.135511633434,1
565.3,0.134451375438,1
567.35,0.138077768504,1
567.4,0.138165897525,1
564.55,0.133142985999,1
568.15,0.13951974625,1
569.25,0.141455854672,1
569.3,0.141543689543,1
568.1,0.139435837795,1
566.8,0.137147508275,1
568.1,0.139441086257,1
568.3,0.139793136952,1
569.45,0.141816716048,1
569.15,0.141289891919,1
569.25,0.141465592525,1
568.35,0.139884564857,1
570.6,0.143843393044,1
573.0,0.148049491888,1
574.35,0.15040551283,1
573.0,0.148055029675,1
572.85,0.14779324957,1
571.9,0.146134874778,1
572.0,0.146309730522,1
570.05,0.142900639613,1
569.4,0.141760388758,1
570.7,0.14404349378,1
570.15,0.143079765026,1
571.75,0.145886044076,1
572.4,0.147022904592,1
574.3,0.150342261684,1
571.05,0.144683198477,1
567.1,0.13776611591,1
567.9,0.139176801856,1
567.2,0.137944190481,1
564.05,0.132390593866,1
564.8,0.133720263221,1
565.25,0.132923521012,-1
564.75,0.133808085364,-1
564.75,0.133808085364,-1
564.2,0.134781967612,-1
565.75,0.132034714865,-1
567.75,0.128499584507,-1
571.0,0.122775234001,-1
569.15,0.126015163948,-1
568.7,0.126805816676,-1
569.3,0.125750778871,-1
573.25,0.118812433534,-1
573.75,0.117940213735,-1
573.1,0.119073111338,-1
571.6,0.121690455606,-1
571.6,0.121690455606,-1
570.95,0.122827614459,-1
569.95,0.121076147605,1
570.05,0.121251601592,1
570.4,0.121865582822,1
583.55,0.144919580017,1
583.05,0.144062755409,1
583.1,0.144148511348,1
583.4,0.144663002859,1
582.9,0.143805957949,1
583.3,0.144492182002,1
583.45,0.144749339553,1
584.1,0.145863402455,1
586.15,0.149373075456,1
587.05,0.150908518602,1
588.6,0.153548838848,1
591.2,0.157966100146,1
587.35,0.151453921526,1
587.2,0.151198537172,1
582.1,0.142513251069,1
583.2,0.144402960741,1
581.9,0.142173879808,1
582.1,0.142517581475,1
583.7,0.145266250088,1
583.2,0.144409645668,1
585.55,0.148439138124,1
585.75,0.148780697342,1
584.0,0.145793074636,1
584.85,0.147248554088,1
582.95,0.143999857841,1
596.35,0.166986391849,1
594.45,0.163800343387,1
592.4,0.160351777486,1
594.3,0.163559069856,1
593.7,0.162549478741,1
593.85,0.162802131596,1
593.4,0.162044364483,1
593.1,0.16153880331,1
589.0,0.154625972421,1
589.45,0.155389979212,1
591.7,0.159207096864,1
589.7,0.155827005602,1
595.25,0.165238570805,1
595.95,0.166414547285,1
596.3,0.167001844877,1
593.9,0.162977025156,1
594.1,0.163313782185,1
593.95,0.163061299438,1
595.15,0.165081671524,1
594.25,0.163569447714,1
594.55,0.164074285746,1
594.1,0.163317410798,1
592.85,0.161213387906,1
592.4,0.160454342617,1
593.95,0.163070817971,1
595.55,0.165764647418,1
590.5,0.157285090706,1
589.55,0.155676284609,1
588.85,0.154488938328,1
588.95,0.154658760864,1
589.55,0.15363999866,-1
588.0,0.156269122568,-1
587.35,0.157374564745,-1
589.95,0.152947902618,-1
588.95,0.154642961521,-1
589.35,0.153963786719,-1
588.9,0.154727339786,-1
583.95,0.163132841569,-1
584.9,0.161505989955,-1
579.5,0.170738337365,-1
580.95,0.168236180333,-1
581.0,0.168150114406,-1
581.0,0.168150114406,-1
582.0,0.16642894401,-1
581.95,0.166514854663,-1
583.9,0.16316405133,-1
583.4,0.164020362342,-1
582.95,0.16479170276,-1
580.8,0.168479840679,-1
581.6,0.167102430211,-1
582.6,0.165383035438,-1
583.65,0.163580769732,-1
582.35,0.165808132021,-1
583.9,0.163146502417,-1
583.2,0.164345337834,-1
583.35,0.164088136188,-1
583.35,0.164088136188,-1
581.0,0.168116592518,-1
582.0,0.166395422122,-1
581.4,0.167426349957,-1
581.35,0.167512349269,-1
582.35,0.165792215099,-1
582.5,0.16553463804,-1
582.65,0.165277127311,-1
582.8,0.165019682876,-1
581.85,0.166649744646,-1
581.9,0.166563811846,-1
580.0,0.169828977682,-1
580.0,0.169828977682,-1
581.55,0.172501391475,1
581.0,0.173447139906,-1
580.65,0.174049549545,-1
580.3,0.174652322299,-1
582.5,0.170861179787,-1
584.0,0.168286072491,-1
591.0,0.156299771121,-1
590.2,0.154946133219,1
591.55,0.157233493436,1
590.0,0.15461325846,1
589.55,0.153850546595,1
589.95,0.154529030185,1
590.05,0.154698536075,1
589.85,0.154359581749,1
589.95,0.154529116376,1
589.0,0.152918810418,1
587.2,0.149862783254,1
586.95,0.149437033935,1
585.8,0.147477752906,1
587.45,0.150294413882,1
583.9,0.144251346387,1
585.05,0.146220861715,1
585.5,0.146990026744,1
583.75,0.144001128366,1
583.2,0.143058944212,1
581.9,0.140829863279,1
582.35,0.14160319203,1
583.95,0.144350680654,1
584.25,0.144864423269,1
584.95,0.146062540513,1
586.75,0.142985354429,-1
596.85,0.125771890432,-1
594.95,0.128955269841,-1
592.95,0.132316896868,-1
590.05,0.137207697104,-1
589.95,0.137377174267,-1
589.5,0.138139950774,-1
589.55,0.138055133132,-1
588.95,0.137037407748,1
588.9,0.136952510897,1
588.75,0.136697798722,1
588.9,0.136952575792,1
589.4,0.137801616376,1
593.25,0.144333682885,1
596.75,0.150233387899,1
598.5,0.153165939219,1
596.5,0.149824251667,1
593.7,0.14513020305,1
593.2,0.144288026867,1
592.05,0.142349388971,1
592.0,0.142264936644,1
590.0,0.138886558266,1
590.0,0.138886558266,1
589.45,0.137954354876,1
591.55,0.141516998018,1
591.55,0.141516998018,1
593.75,0.145236041209,1
589.95,0.138836041209,1
592.15,0.142565170796,1
590.15,0.139187648209,1
590.0,0.138933475541,1
587.4,0.143340255202,-1
582.9,0.15100113365,-1
581.5,0.153402917832,-1
590.75,0.137495781117,-1
586.45,0.144774663893,-1
588.5,0.141279054719,-1
601.55,0.119104033479,-1
593.75,0.132070536679,-1
595.65,0.128870536679,-1
594.85,0.130213607274,-1
594.85,0.130213607274,-1
595.45,0.129204949629,-1
593.8,0.131975963148,-1
594.2,0.131302335664,-1
599.85,0.140810918633,1
601.55,0.143644960477,1
601.4,0.143395604646,1
602.55,0.145307809501,1
597.2,0.136428878292,1
597.5,0.136931222566,1
599.0,0.139441682817,1
597.95,0.137688761281,1
596.75,0.13568190452,1
598.95,0.139368540465,1
599.4,0.140119855266,1
597.2,0.136449518262,1
598.4,0.138458895355,1
596.8,0.135785098564,1
596.2,0.134779736634,1
596.9,0.135953839284,1
598.3,0.138299290783,1
598.85,0.139218562052,1
609.6,0.157169634941,1
616.25,0.168078427592,1
617.1,0.169457737937,1
619.3,0.173022800326,1
619.75,0.173749427162,1
622.6,0.178348055642,1
623.9,0.180436073631,1
623.0,0.178993534762,1
623.7,0.180117130268,1
624.2,0.180918797736,1
625.35,0.182761155955,1
635.35,0.19875220097,1
637.3,0.20182137544,1
632.65,0.194524968725,1
631.5,0.192707217993,1
632.0,0.193498983631,1
633.55,0.195951515276,1
632.0,0.193504983827,1
631.35,0.192476502814,1
629.25,0.189150297064,1
629.75,0.189944893807,1
629.5,0.189547910877,1
628.1,0.187323923585,1
623.0,0.179204197427,1
625.05,0.182494727122,1
624.25,0.181214829514,1
621.15,0.176248870363,1
621.95,0.177536804034,1
621.85,0.177376019405,1
622.05,0.177697640375,1
629.65,0.189915307765,1
624.15,0.181180296251,1
628.15,0.187589012104,1
627.9,0.187191017995,1
626.3,0.189739194456,-1
628.85,0.185667663241,-1
628.0,0.187019336931,-1
628.65,0.185984305084,-1
620.25,0.199346271202,-1
619.2,0.201039136982,-1
619.15,0.201119886336,-1
617.45,0.203865586085,-1
614.6,0.208481344446,-1
617.0,0.204576365598,-1
619.0,0.201334874512,-1
618.8,0.201657976289,-1
620.1,0.199557135953,-1
618.0,0.20294368651,-1
614.8,0.208121680037,-1
613.0,0.211049461429,-1
594.3,0.241555171054,-1
593.95,0.242144099205,-1
589.8,0.249131219333,-1
590.7,0.247605278336,-1
592.3,0.244896627583,-1
591.85,0.245656377709,-1
593.15,0.243459875217,-1
596.45,0.2378963584,-1
595.2,0.239992091487,-1
591.9,0.245536446326,-1
591.2,0.246719078528,-1
592.65,0.244266439827,-1
594.5,0.241144867229,-1
597.15,0.236687339895,-1
594.0,0.241962396414,-1
595.55,0.239352968804,-1
596.1,0.238429452727,-1
596.5,0.237758424376,-1
598.65,0.234154065616,-1
600.5,0.231063779138,-1
596.55,0.237641630928,-1
597.5,0.236049140777,-1
598.05,0.235128638685,-1
596.9,0.237051554829,-1
601.95,0.228591176206,-1
595.65,0.239057161753,-1
594.65,0.240735999997,-1
589.55,0.249312473553,-1
587.2,0.253298564639,-1
586.85,0.253894613685,-1
588.65,0.256961836996,1
585.5,0.251610609612,1
587.7,0.247853137366,-1
588.25,0.246917285741,-1
587.75,0.247767264491,-1
588.85,0.245895720467,-1
587.95,0.247424123287,-1
590.0,0.243937432241,-1
599.85,0.227242516987,-1
602.9,0.222157912503,-1
611.75,0.20747886125,-1
607.9,0.213772281765,-1
607.85,0.213854532135,-1
607.8,0.213772275,1
606.35,0.211386621824,1
603.7,0.207016208697,1
603.0,0.20585669238,1
598.95,0.19914027447,1
599.8,0.200559424649,1
601.75,0.203810508344,1
597.15,0.196166137758,1
597.4,0.196584793037,1
598.5,0.198426105391,1
597.55,0.196838803804,1
596.6,0.195248978684,1
596.0,0.194243279724,1
596.85,0.19566945422,1
597.65,0.197009824498,1
599.5,0.200105281705,1
596.3,0.19476750022,1
596.25,0.19468364981,1
594.9,0.192419498866,1
595.0,0.192587594344,1
594.65,0.19199935905,1
592.7,0.195278598939,-1
592.3,0.195953476618,-1
592.0,0.196459976702,-1
591.0,0.198149165891,-1
591.0,0.198149165891,-1
590.6,0.198825984842,-1
589.9,0.200011220196,-1
592.1,0.196281774527,-1
592.0,0.196450664918,-1
592.8,0.195099313566,-1
591.95,0.196533186711,-1
596.8,0.188339927145,-1
599.65,0.183564457976,-1
597.75,0.186732972943,-1
598.55,0.185394620789,-1
598.3,0.185812296839,-1
598.25,0.185895866955,-1
598.35,0.185728712755,-1
597.6,0.186982159734,-1
597.95,0.187567835772,1
597.75,0.187233359645,1
595.6,0.183636538231,1
597.2,0.18632290492,1
599.0,0.18933697056,1
608.5,0.205196736837,1
603.55,0.197061979236,1
599.65,0.190600211363,1
599.3,0.190016537553,1
594.4,0.18184033198,1
593.65,0.180578555399,1
593.0,0.179483634149,1
592.85,0.179230683053,1
594.95,0.182772894405,1
594.5,0.182016528324,1
593.75,0.180754963984,1
593.0,0.179491806089,1
579.75,0.157147792598,1
574.45,0.166289664095,-1
565.85,0.181260505769,-1
567.05,0.179139802403,-1
571.45,0.171380345565,-1
570.35,0.17330527338,-1
568.5,0.176548895717,-1
568.0,0.177428403193,-1
567.05,0.179100938404,-1
563.75,0.184920531033,-1
563.85,0.184743147441,-1
560.8,0.190152387487,-1
556.45,0.197909163521,-1
552.7,0.204648313489,-1
553.75,0.202748548698,-1
553.55,0.203109722513,-1
552.3,0.205367874442,-1
551.7,0.206454240547,-1
550.85,0.207994932952,-1
552.2,0.205544175033,-1
551.5,0.206811831679,-1
550.3,0.208987715632,-1
548.75,0.211804361098,-1
547.05,0.214902310984,-1
547.5,0.214079717071,-1
550.7,0.208234968213,-1
552.1,0.205692749219,-1
549.9,0.209677534584,-1
550.15,0.20922290647,-1
551.6,0.206587261645,-1
550.3,0.208944041921,-1
550.25,0.209034901452,-1
547.75,0.213578290821,-1
547.35,0.214308550976,-1
545.2,0.218236567784,-1
542.6,0.223005459934,-1
539.1,0.229455883819,-1
543.2,0.221850615779,-1
546.45,0.215867552451,-1
543.5,0.221266033556,-1
542.65,0.222829970999,-1
543.45,0.221355724247,-1
545.5,0.217583528093,-1
546.0,0.216666937808,-1
548.7,0.211721882863,-1
549.25,0.210719513627,-1
549.85,0.209627114901,-1
550.0,0.209354313228,-1
549.2,0.210808858683,-1
549.3,0.210626775653,-1
551.1,0.207349877783,-1
547.45,0.213972995185,-1
545.45,0.217626296856,-1
543.65,0.220926324356,-1
545.2,0.218075225303,-1
546.4,0.215874198157,-1
538.0,0.231247551012,-1
530.55,0.245095134656,-1
539.0,0.229168266311,-1
533.15,0.240021698593,-1
529.1,0.247618059843,-1
532.85,0.240530552755,-1
541.0,0.225235441561,-1
540.7,0.225789970211,-1
537.6,0.231523278885,-1
541.15,0.224919856266,-1
538.35,0.230094022394,-1
537.55,0.231580044498,-1
536.8,0.232975263548,-1
537.7,0.231298661461,-1
538.5,0.229810842975,-1
538.65,0.229532291443,-1
541.3,0.224612584769,-1
543.7,0.220178814217,-1
541.75,0.22376535091,-1
546.9,0.214259121099,-1
548.5,0.211333540554,-1
549.9,0.208781124875,-1
550.25,0.208144645515,-1
547.9,0.203873859509,1
547.3,0.202778769164,1
549.05,0.205976284238,1
548.6,0.205156686751,1
549.7,0.207161790652,1
550.2,0.208071377699,1
550.25,0.208162253745,1
550.9,0.20934353498,1
550.0,0.207709844655,1
549.05,0.205982571928,1
546.85,0.201975650883,1
547.35,0.202889978395,1
547.55,0.203255375307,1
546.6,0.201520373937,1
547.0,0.202252170498,1
545.95,0.200332609255,1
546.85,0.201981111865,1
546.8,0.201889679114,1
544.5,0.197683387965,1
546.5,0.201356482547,1
546.5,0.201356482547,1
548.35,0.204741660956,1
543.25,0.195441031795,1
541.5,0.198662384764,-1
541.3,0.199031729177,-1
540.45,0.200602022915,-1
539.95,0.201527177878,-1
539.15,0.203008796546,-1
538.5,0.204214397956,-1
536.85,0.207278464808,-1
537.9,0.205322611218,-1
537.95,0.205229657137,-1
536.85,0.20727445684,-1
534.0,0.2125832023,-1
529.5,0.221010168592,-1
529.35,0.221293454711,-1
531.8,0.216665136962,-1
530.75,0.218639563439,-1
531.55,0.217132262449,-1
530.0,0.220048262826,-1
530.05,0.219953923203,-1
530.05,0.219953923203,-1
528.1,0.22363282142,-1
527.7,0.224390253725,-1
528.3,0.22325324406,-1
530.2,0.219656802644,-1
536.45,0.207868798118,-1
535.0,0.210571752727,-1
536.7,0.207394182633,-1
534.75,0.211027497334,-1
534.5,0.211495005516,-1
534.2,0.212056277733,-1
535.4,0.209809928051,-1
533.9,0.212611571682,-1
533.7,0.212986173667,-1
536.15,0.2083955797,-1
535.15,0.210260729379,-1
534.75,0.211008183364,-1
533.75,0.209138150638,1
535.6,0.212604192793,1
536.0,0.213351018782,1
535.75,0.212884600872,1
535.7,0.21279127376,1
534.55,0.210644549848,1
534.3,0.21017686675,1
533.2,0.208118098267,1
531.4,0.204742254306,1
532.0,0.205871347268,1
532.95,0.207657061554,1
532.8,0.20737560926,1
531.0,0.203997230882,1
526.7,0.195899302445,1
526.15,0.194855064739,1
523.85,0.199226441722,-1
527.05,0.193117822843,-1
527.1,0.193022955183,-1
526.95,0.193307531165,-1
525.3,0.196438758037,-1
521.8,0.203101617355,-1
519.95,0.206647037056,-1
515.5,0.215205552298,-1
518.9,0.208610013986,-1
520.55,0.205430210555,-1
517.4,0.211481502458,-1
523.7,0.199305236513,-1
519.3,0.207706993244,-1
519.45,0.207418142868,-1
519.2,0.207899421144,-1
519.5,0.207321609125,-1
518.5,0.20924653694,-1
519.3,0.207703624693,-1
518.15,0.209918144239,-1
519.3,0.207698709712,-1
518.5,0.209239245048,-1
517.6,0.210975021326,-1
521.6,0.203247046056,-1
528.3,0.190401954031,-1
529.5,0.188130517347,-1
531.4,0.184542226507,-1
529.7,0.187741323233,-1
529.35,0.188402074601,-1
525.75,0.181601281175,1
522.55,0.175514738142,1
521.7,0.173888099542,1
523.9,0.178105082483,1
523.55,0.177437016058,1
522.4,0.175240473225,1
517.15,0.165190702934,1
518.85,0.168477950348,1
522.15,0.174838170065,1
521.85,0.174263622521,1
519.75,0.170239477652,1
519.9,0.17052807794,1
520.85,0.172355352416,1
519.15,0.169091456861,1
520.3,0.171306616256,1
523.4,0.177264717352,1
526.4,0.182996471268,1
528.95,0.187840696192,1
529.75,0.189353126479,1
532.0,0.193600412935,1
530.8,0.191344773837,1
538.1,0.20509759976,1
538.75,0.206305553672,1
538.05,0.205006249728,1
536.5,0.202125476565,1
537.05,0.203150639659,1
536.7,0.202498931252,1
533.55,0.196629730582,1
533.7,0.19691086637,1
536.0,0.201220403563,1
537.25,0.203552493116,1
535.65,0.200574363753,1
535.1,0.199547573872,1
543.5,0.215245574245,1
543.9,0.215981544806,1
541.35,0.211293182975,1
542.15,0.212770969989,1
541.8,0.212125392197,1
539.4,0.207695713349,1
539.4,0.207695713349,1
539.35,0.207603017761,1
540.15,0.209086284656,1
537.65,0.204457940678,1
539.6,0.208084835498,1
540.05,0.208918786573,1
533.55,0.196882863973,1
529.5,0.189292197681,1
530.0,0.190236484745,1
525.5,0.181745918707,1
527.6,0.177749724606,-1
526.6,0.17964509989,-1
527.0,0.178885510069,-1
527.4,0.178126496786,-1
527.0,0.178884934405,-1
527.7,0.17755666116,-1
525.75,0.18125194257,-1
527.5,0.177923364348,-1
525.5,0.181714833542,-1
519.85,0.192466498623,-1
523.15,0.186118513628,-1
522.65,0.187074262457,-1
519.8,0.192527242463,-1
521.2,0.189833898869,-1
521.95,0.188394911916,-1
521.9,0.188490706532,-1
521.65,0.188969725501,-1
521.4,0.189448974039,-1
522.5,0.187339269398,-1
522.0,0.188296207197,-1
521.0,0.190211916009,-1
525.15,0.182246464954,-1
526.5,0.179675770866,-1
524.9,0.182714707239,-1
525.25,0.182047913564,-1
525.05,0.182428684625,-1
526.0,0.180619333135,-1
525.8,0.180999561272,-1
525.4,0.181760306802,-1
524.85,0.182807128272,-1
525.75,0.181092352621,-1
530.2,0.172628253715,-1
529.1,0.170553564918,1
530.3,0.172821567186,1
493.85,0.104086888702,1
489.2,0.113502703221,-1
488.05,0.115853479999,-1
488.4,0.115136340362,-1
486.7,0.118617093843,-1
486.3,0.119438955359,-1
486.45,0.119130503786,-1
486.85,0.118308219893,-1
487.8,0.116356900184,-1
487.7,0.116561902234,-1
485.95,0.120150173713,-1
488.0,0.11593163271,-1
482.2,0.127816878612,-1
482.4,0.127402112955,-1
482.05,0.128127651927,-1
482.95,0.126260625684,-1
483.1,0.125950034526,-1
484.4,0.123259080272,-1
485.15,0.121710773088,-1
483.95,0.124184234904,-1
485.05,0.121911272821,-1
485.1,0.121808190665,-1
485.25,0.12149897607,-1
484.95,0.122117214091,-1
487.0,0.11788997417,-1
486.6,0.118711329406,-1
488.5,0.114806684934,-1
490.0,0.111736060574,-1
492.4,0.10683810139,-1
491.05,0.109579774826,-1
489.7,0.112328985701,-1
488.0,0.10885747253,1
487.5,0.107832882366,1
486.3,0.105371343904,1
484.85,0.102389645364,1
486.95,0.106720881829,1
486.9,0.106618201882,1
484.35,0.101380986848,1
480.4,0.0932257272222,1
480.15,0.0927053275553,1
479.6,0.091559852183,1
479.95,0.0922896269953,1
480.2,0.0928105145878,1
479.3,0.0946847336632,-1
480.0,0.0932242704877,-1
480.05,0.093120103821,-1
480.4,0.0923910131013,-1
479.5,0.0942644519023,-1
477.7,0.0980183622256,-1
475.1,0.103461108719,-1
470.9,0.112301352878,-1
473.15,0.107523268359,-1
471.15,0.111750257686,-1
471.0,0.112068627632,-1
471.95,0.110051642494,-1
472.4,0.109098151658,-1
473.15,0.107510514063,-1
472.5,0.108884285594,-1
473.35,0.107085343795,-1
475.25,0.103071400624,-1
479.05,0.0950756089356,-1
476.8,0.0997724046771,-1
476.55,0.100296733536,-1
477.85,0.0975687931312,-1
476.1,0.101231030235,-1
476.55,0.100285850651,-1
476.0,0.101439979284,-1
475.15,0.103225693569,-1
476.25,0.100910635167,-1
476.1,0.101225595797,-1
476.5,0.100385436166,-1
477.15,0.09902132284,-1
477.65,0.0979734343353,-1
476.85,0.0996483008694,-1
476.0,0.0978657696751,1
476.35,0.0986010637928,1
475.35,0.0965017670572,1
480.0,0.106284032756,1
479.5,0.105242366089,1
479.25,0.104720989656,1
484.8,0.116301584335,1
484.0,0.114651419318,1
484.0,0.114651419318,1
482.8,0.112172080475,1
481.05,0.108547391163,1
479.45,0.105221333581,1
477.85,0.101884176421,1
484.6,0.116009948107,1
484.25,0.115287702956,1
483.5,0.113738916173,1
483.5,0.113738916173,1
486.0,0.11890954699,1
484.1,0.115000081969,1
484.8,0.116446064204,1
486.45,0.119849529551,1
486.35,0.119643958577,1
485.8,0.118513085749,1
487.4,0.121806622184,1
487.9,0.122832473641,1
483.9,0.114634072329,1
484.95,0.116803942137,1
486.4,0.119793941106,1
485.95,0.118868776632,1
486.35,0.119691906584,1
489.35,0.125860303828,1
488.65,0.124429834839,1
490.1,0.127397193889,1
489.7,0.126581033922,1
488.1,0.123313727408,1
489.15,0.125464925933,1
489.3,0.125771580333,1
491.05,0.129348118245,1
474.0,0.0946266031239,1
482.6,0.112770063039,1
476.95,0.101062644888,1
478.4,0.104102795847,1
479.85,0.107133732302,1
480.2,0.106404337699,-1
478.35,0.110256899132,-1
481.9,0.102835554928,-1
484.85,0.096713952936,-1
490.3,0.0854733630628,-1
490.85,0.0843516008764,-1
488.4,0.0893429424268,-1
489.3,0.087500190584,-1
503.7,0.0580703929139,-1
505.3,0.0612468868587,1
505.7,0.0620384958039,1
508.2,0.0669821382796,1
507.0,0.0646208631911,1
507.6,0.0658042951438,1
508.55,0.0676758475472,1
507.3,0.0652178788126,1
510.45,0.0714272223963,1
509.6,0.0697620250214,1
510.45,0.0714299999037,1
506.25,0.0632019658161,1
509.9,0.0704118423593,1
500.55,0.0520749135497,1
501.1,0.0531737048793,1
497.8,0.0465881930054,1
498.3,0.0475926124509,1
499.45,0.0499004591297,1
499.55,0.0501006793719,1
500.65,0.0523026611555,1
501.85,0.0546995452063,1
500.2,0.0514117101958,1
499.7,0.0504121100359,1
501.45,0.0539142112966,1
495.45,0.0419489106684,1
499.15,0.0494168690901,1
496.0,0.0431061408521,1
494.1,0.0469367860134,-1
488.25,0.0587764945744,-1
488.6,0.0580596486962,-1
490.4,0.0543756536082,-1
485.35,0.0646733697583,-1
482.6,0.0703393839749,-1
483.35,0.0687853019193,-1
483.25,0.0689921913369,-1
483.2,0.0690956574518,-1
477.6,0.0806850614253,-1
478.4,0.0790100195493,-1
472.0,0.0923879459707,-1
474.15,0.0878328612249,-1
474.3,0.0875165056412,-1
477.6,0.0805588838828,-1
480.65,0.0741727867304,-1
484.0,0.0672030582377,-1
479.35,0.0768104962543,-1
483.1,0.0689874024815,-1
480.85,0.0736448233053,-1
480.8,0.0737488058362,-1
476.5,0.0826922334569,-1
471.85,0.0924508903299,-1
483.7,0.06733697701,-1
478.95,0.0771571134582,-1
481.3,0.0722505470108,-1
479.8,0.0753671063293,-1
480.4,0.0741165852788,-1
480.15,0.0746369849458,-1
480.05,0.0748452531953,-1
479.95,0.0750535648295,-1
476.5,0.0822418136054,-1
477.6,0.0799333141301,-1
474.8,0.0857959606962,-1
475.0,0.0853747307047,-1
474.3,0.0868484149152,-1
474.4,0.0866375778922,-1
473.85,0.0877969370828,-1
475.75,0.0837872293693,-1
476.25,0.0827362572201,-1
475.95,0.08336617848,-1
476.2,0.082840913221,-1
476.7,0.0817909342206,-1
476.9,0.0813713831402,-1
475.35,0.0846215404059,-1
473.7,0.0880926669442,-1
472.8,0.089992603613,-1
473.0,0.0895695917687,-1
473.45,0.0886182175615,-1
471.0,0.0937929984254,-1
467.65,0.100905524965,-1
467.15,0.10197470063,-1
466.05,0.104329404687,-1
467.25,0.10175457366,-1
467.35,0.101540555468,-1
469.1,0.0977960385112,-1
466.95,0.102379283022,-1
464.65,0.107304863919,-1
466.25,0.103861411859,-1
466.0,0.104397604888,-1
470.5,0.0947409525275,-1
465.95,0.104411515758,-1
466.65,0.102909208644,-1
465.85,0.104623555585,-1
463.5,0.109668097819,-1
460.7,0.115709090268,-1
461.25,0.1145152548,-1
461.4,0.114190051548,-1
459.7,0.117874490213,-1
459.65,0.1179832568,-1
466.25,0.103624505576,-1
466.65,0.102766596729,-1
474.65,0.0856231273194,-1
471.65,0.0919435739643,-1
471.55,0.0921555955905,-1
472.5,0.0901409629959,-1
475.4,0.0840033968583,-1
476.8,0.0810585083434,-1
478.8,0.0852531392159,1
478.55,0.0847310005359,1
478.8,0.0852534119871,1
479.9,0.0875508221793,1
478.2,0.0840084175116,1
480.95,0.089759149423,1
481.05,0.0899670712444,1
476.0,0.079469202,1
477.7,0.0830406305714,1
477.1,0.0817846121498,1
476.35,0.080212614665,1
475.5,0.0784282124398,1
475.4,0.0782179074976,1
474.85,0.0770609870096,1
473.0,0.0731650198621,1
471.95,0.070945146712,1
471.75,0.0705213730071,1
473.3,0.0738070115869,1
474.9,0.0771875313418,1
469.0,0.0647638632011,1
469.15,0.0650836926254,1
469.1,0.0649771169034,1
467.2,0.0690274260059,-1
468.25,0.0667799944991,-1
468.0,0.0673138973288,-1
470.65,0.0616515041664,-1
469.7,0.0636699892402,-1
468.15,0.06696996795,-1
468.9,0.0653679173252,-1
468.7,0.0657944475022,-1
468.8,0.0655810914109,-1
471.4,0.0600350163256,-1
463.8,0.0761572055492,-1
463.3,0.0772352564332,-1
463.85,0.076048120668,-1
466.4,0.0705506538145,-1
469.0,0.0649760397493,-1
471.0,0.0607116474252,-1
476.6,0.0488220508223,-1
475.3,0.0515497050396,-1
473.75,0.0548108032934,-1
473.45,0.0554440486759,-1
473.3,0.0557608719941,-1
473.35,0.0556552307518,-1
472.75,0.0543876697504,1
469.6,0.0477245285553,1
471.65,0.0520899459318,1
474.35,0.0578145298393,1
473.35,0.0557063818474,1
472.35,0.0535937801784,1
470.7,0.0501006077427,1
471.35,0.0514815297737,1
470.6,0.0498903554871,1
469.2,0.0469154298602,1
469.0,0.0464891724007,1
467.3,0.0428644389253,1
464.0,0.0358025942858,1
464.15,0.0361258701479,1
464.85,0.0376340032945,1
464.55,0.0382793727685,-1
463.8,0.0398938383804,-1
464.35,0.038707982408,-1
464.3,0.0388156598065,-1
464.1,0.0392464157833,-1
463.6,0.0403237698018,-1
464.15,0.0391374022436,-1
465.05,0.0371983739122,-1
468.7,0.0293497554841,-1
470.15,0.02625609216,-1
469.85,0.0268941863852,-1
469.6,0.0274262710931,-1
468.15,0.030514005335,-1
469.35,0.0279507243354,-1
469.0,0.0286964364905,-1
467.15,0.0326409993903,-1
465.95,0.0352097674519,-1
466.0,0.0351024598009,-1
466.0,0.0351024598009,-1
465.4,0.0363900134489,-1
465.85,0.0354231032641,-1
465.95,0.0352084418925,-1
466.0,0.0351011342414,-1
464.05,0.0309165848852,1
465.15,0.0332870191057,1
465.15,0.0332870191057,1
464.75,0.0324270814511,1
464.45,0.0317815731133,1
461.2,0.0247840491603,1
460.8,0.0256513518489,-1
459.75,0.0279299976822,-1
462.3,0.0223835050232,-1
461.4,0.0243302928233,-1
460.25,0.0268227072143,-1
459.6,0.0282349831513,-1
459.6,0.0282349831513,-1
455.95,0.036176671576,-1
457.4,0.0329964983114,-1
459.2,0.02906121191,-1
458.55,0.0304767171365,-1
458.8,0.0299315203204,-1
458.55,0.0304764200589,-1
461.4,0.0242611763559,-1
461.25,0.0245862738851,-1
461.9,0.023177059793,-1
462.65,0.0215533317133,-1
461.5,0.0240390120332,-1
460.25,0.0267475710798,-1
459.6,0.0281598470168,-1
459.05,0.0293565397931,-1
457.3,0.0331687606841,-1
458.35,0.0308726749636,-1
459.5,0.0283636752908,-1
459.6,0.0281460474345,-1
459.65,0.0280372571821,-1
459.95,0.0273845866719,-1
460.75,0.0256452671807,-1
459.75,0.0278156415702,-1
459.65,0.0280331510863,-1
457.8,0.0320579525657,-1
454.75,0.0387202505124,-1
456.5,0.0348719822331,-1
454.0,0.0403484334927,-1
454.65,0.038916715431,-1
455.7,0.0366072466088,-1
456.5,0.0348517056828,-1
455.0,0.0381375764385,-1
455.0,0.0381375764385,-1
456.05,0.0358298841308,-1
456.55,0.0347335131189,-1
456.0,0.0359382004478,-1
450.0,0.0490960951846,-1
445.7,0.0586516507402,-1
451.75,0.0450774977224,-1
450.9,0.0469590693882,-1
452.3,0.0438541680797,-1
451.5,0.0456229056433,-1
451.1,0.0465088414129,-1
451.6,0.0454004397281,-1
451.8,0.0449575699319,-1
449.75,0.0494949758637,-1
450.35,0.0481609013779,-1
450.8,0.0471616785512,-1
450.8,0.0471616785512,-1
449.35,0.0503781825441,-1
449.1,0.0509345417296,-1
446.35,0.0570578995563,-1
448.35,0.0525771109375,-1
447.8,0.0538038311338,-1
448.3,0.0526872612365,-1
449.45,0.0501220147498,-1
450.45,0.0478970731545,-1
451.3,0.0460100712675,-1
451.6,0.045345324979,-1
453.0,0.0422452364051,-1
452.75,0.0427971127848,-1
457.4,0.0325265440382,-1
456.7,0.0340569331943,-1
448.2,0.0526687133563,-1
449.2,0.0548998601658,1
449.8,0.056235568091,1
449.75,0.0561244075752,1
449.9,0.0564579261967,1
450.6,0.0580138275081,1
450.1,0.0569041959058,1
449.15,0.0547935538262,1
448.4,0.0531237330537,1
446.15,0.0481058918404,1
445.2,0.0502352205416,-1
445.15,0.0503475296161,-1
444.8,0.0511337814414,-1
447.35,0.0454008677723,-1
445.9,0.0486421777086,-1
446.4,0.0475208500566,-1
446.35,0.0476328572251,-1
445.6,0.0493131529572,-1
446.35,0.0476300290792,-1
446.0,0.0484141670875,-1
446.2,0.0479657365943,-1
446.95,0.0462848759936,-1
446.9,0.0463967453302,-1
447.3,0.0455016905081,-1
452.6,0.0336528195043,-1
458.45,0.0207274991331,-1
457.85,0.0220362569039,-1
459.0,0.0195245172512,-1
459.3,0.0201781120224,1
464.0,0.0304110752273,1
465.4,0.0334283166066,1
466.2,0.0351472680462,1
466.95,0.036756019655,1
466.7,0.036220630427,1
468.85,0.040827444226,1
469.1,0.0413606638058,1
466.65,0.0361378968052,1
466.55,0.0359236034376,1
469.2,0.041603594864,1
470.6,0.0445873970805,1
471.8,0.0471373333321,1
469.7,0.0426862947565,1
466.8,0.0365121410413,1
465.65,0.0340485592076,1
471.9,0.04747065735,1
474.0,0.0519207527091,1
477.25,0.0587772927935,1
477.0,0.0582534583252,1
476.95,0.0581486365223,1
477.5,0.059301797231,1
475.6,0.0553227396393,1
475.2,0.0544816967461,1
474.85,0.0537451647596,1
477.45,0.059220578048,1
474.65,0.0533560896199,1
475.25,0.0546201789489,1
473.4,0.05072749089,1
472.6,0.0490375880594,1
472.3,0.0484028017708,1
469.5,0.0424743664542,1
470.65,0.0449237807247,1
469.9,0.043330239877,1
471.3,0.046309597187,1
469.75,0.0430208214603,1
470.25,0.0440852174156,1
469.5,0.0424903210839,1
469.35,0.042170832266,1
469.05,0.0415316504188,1
468.15,0.0434504224047,-1
469.65,0.0402463211551,-1
468.15,0.043440188929,-1
468.75,0.0421585484291,-1
468.7,0.0422652150958,-1
468.9,0.0418385029132,-1
466.75,0.046423702316,-1
467.9,0.0439598565742,-1
466.0,0.0480205533042,-1
463.95,0.0524196949351,-1
463.25,0.0539284782092,-1
461.0,0.0587854668762,-1
461.6,0.0574839484381,-1
463.95,0.0523929605698,-1
463.0,0.0544405950131,-1
463.95,0.05238875916,-1
464.45,0.0513110568214,-1
466.15,0.0476508135229,-1
461.5,0.0576261433523,-1
462.4,0.0556759808388,-1
464.55,0.0510263268595,-1
464.65,0.050811064778,-1
464.9,0.0502730253935,-1
463.85,0.0525315756193,-1
462.6,0.0552264123122,-1
463.1,0.0541455649279,-1
463.0,0.0543615010108,-1
461.95,0.0566293195853,-1
462.6,0.0552222408971,-1
463.1,0.0541413935128,-1
461.1,0.0584601151712,-1
457.5,0.0662675322174,-1
452.5,0.077196493966,-1
451.3,0.0798484276677,-1
450.8,0.0809563381485,-1
450.5,0.0816218217332,-1
450.3,0.0820657728986,-1
450.4,0.0818436987258,-1
449.8,0.0831758479265,-1
447.6,0.0880669106211,-1
446.4,0.0907478757685,-1
447.9,0.0873876607148,-1
446.15,0.0912947828402,-1
446.85,0.0897258037973,-1
450.7,0.0811099371754,-1
443.6,0.0968632098623,-1
442.25,0.0999064920986,-1
442.5,0.0993412009737,-1
443.75,0.0965163422166,-1
443.6,0.0968543703856,-1
442.0,0.100461223406,-1
441.75,0.101026834266,-1
442.6,0.0991026690142,-1
440.3,0.104299234762,-1
437.75,0.110090740554,-1
438.95,0.107349449863,-1
438.45,0.108488531763,-1
429.55,0.128787311555,-1
430.1,0.127506901824,-1
429.45,0.129018178271,-1
429.3,0.129367462239,-1
431.05,0.125291058792,-1
429.7,0.128422946044,-1
432.3,0.122372212974,-1
430.8,0.125842025604,-1
433.45,0.119690679272,-1
433.0,0.1207288613,-1
431.05,0.125232325503,-1
431.55,0.124072367261,-1
430.95,0.125462704418,-1
432.5,0.121865999464,-1
433.3,0.120016288481,-1
433.55,0.119439321022,-1
434.2,0.117940070648,-1
434.7,0.11678852758,-1
435.1,0.115868352747,-1
434.6,0.117017513859,-1
434.9,0.116327223937,-1
435.25,0.115522441229,-1
435.5,0.11494805869,-1
436.7,0.112192605188,-1
437.65,0.110017198731,-1
439.75,0.105218843881,-1
442.85,0.112268303801,1
442.2,0.110800538192,1
443.45,0.113627313407,1
444.85,0.116784377337,1
446.65,0.120830685082,1
446.3,0.120047073753,1
446.9,0.121391460936,1
447.3,0.122286515758,1
445.7,0.118709498097,1
441.85,0.110071400722,1
441.0,0.108147670949,1
438.7,0.102932251448,1
442.45,0.111480234124,1
443.25,0.113288348036,1
444.25,0.115544411205,1
442.4,0.111380089315,1
439.05,0.103807756584,1
440.75,0.10767975294,1
440.35,0.106772208981,1
440.15,0.106318024809,1
442.15,0.110861930296,1
442.1,0.110748846501,1
442.15,0.110861943085,1
444.05,0.115159127299,1
448.0,0.124054521961,1
449.75,0.127960771961,1
449.75,0.127960771961,1
449.75,0.127960771961,1
449.25,0.126849043223,1
450.45,0.129520161754,1
451.1,0.130963163197,1
450.7,0.130076441849,1
451.55,0.13196239703,1
451.55,0.13196239703,1
450.25,0.129083424602,1
