1577.0,0.0,0
1575.7,0.0,0
1579.0,0.0,0
1575.25,0.0,0
1570.85,0.0,0
1573.2,0.0,0
1575.0,0.0,0
1572.45,0.0,0
1570.6,0.0,0
1569.8,0.0,0
1568.7,0.0,0
1583.5,0.0,0
1592.0,0.0,0
1593.0,0.0,0
1594.0,0.0,0
1594.35,0.0,0
1597.9,0.0,0
1595.9,0.0,0
1595.0,0.0,0
1595.0,0.0,0
1594.5,0.0,0
1602.0,0.0,0
1604.0,0.0,0
1600.0,0.0,0
1593.75,0.0,0
1596.85,0.0,0
1597.2,0.0,0
1601.85,0.0,0
1595.0,0.0,0
1594.75,-0.000156739811912,1
1596.4,0.00087790511676,1
1592.2,-0.00175301445227,1
1589.5,-0.00344878131573,1
1587.0,-0.00502160295776,1
1592.2,-0.00174498039947,1
1590.65,-0.00271847619146,1
1591.05,-0.00246700666642,1
1584.85,-0.00636380437862,1
1585.95,-0.00566973238443,1
1587.9,-0.00444018542519,1
1587.6,-0.00425125665134,-1
1587.45,-0.004156774414,-1
1582.5,-0.00103856596649,-1
1587.9,-0.00445088824137,-1
1585.15,-0.00271904114772,-1
1584.45,-0.00227744256084,-1
1584.0,-0.00199343233647,-1
1585.85,-0.0031613616294,-1
1575.0,0.00368039515718,-1
1579.45,0.000854998331784,-1
1583.2,-0.00151924586715,-1
1574.8,0.00378646408738,-1
1582.45,-0.00107129562814,-1
1580.85,-6.02052303423e-05,-1
1581.55,-0.000503004989965,-1
1585.0,-0.00268440930851,-1
1585.1,-0.00274750079116,-1
1597.75,-0.0107280698404,-1
1597.1,-0.0103212477469,-1
1612.45,-0.0199324179929,-1
1599.75,-0.012056204777,-1
1610.6,-0.00527389504113,1
1598.0,-0.01309706653,1
1601.5,-0.0109068287328,1
1604.95,-0.00875259832377,1
1608.2,-0.00672761312174,1
1608.9,-0.00629234387662,1
1605.4,-0.00846774321779,1
1607.95,-0.00687935403129,1
1609.4,-0.00597758469767,1
1610.0,-0.00560477495491,1
1607.5,-0.00715756998597,1
1604.75,-0.00886830093464,1
1604.8,-0.00883714343347,1
1622.85,0.00241036404409,1
1621.5,0.00157849418551,1
1623.5,0.00281192002578,1
1621.7,0.00170320428818,1
1620.5,0.000963240053116,1
1619.0,3.75998186203e-05,1
1617.0,-0.00119773063228,1
1617.6,-0.000826673118361,1
1618.0,-0.00057939319749,1
1619.0,3.86537740796e-05,1
1618.0,-0.000579011451368,1
1617.4,-0.00094983963431,1
1621.0,0.00127595485067,1
1616.9,-0.00125334804878,1
1619.85,0.000571130892405,1
1619.95,0.000632865003588,1
1627.0,0.004984851176,1
1631.6,0.00781214066586,1
1635.0,0.00989598474529,1
1636.2,0.0106299296994,1
1635.75,0.0103549021967,1
1643.0,0.0147871198338,1
1648.1,0.0178911977401,1
1649.65,0.0188316746529,1
1650.15,0.0191347692487,1
1650.0,0.0190438684215,1
1659.5,0.0248014441791,1
1659.95,0.025072610193,1
1665.15,0.0282052346696,1
1661.0,0.0257129667058,1
1658.0,0.0239068258268,1
1657.0,0.023303689518,1
1656.9,0.0232433394878,1
1655.2,0.0222173270549,1
1657.3,0.0234860559095,1
1662.3,0.0265030111982,1
1658.8,0.0243974947451,1
1652.45,0.0205694262618,1
1650.9,0.019631425112,1
1649.25,0.0186319702692,1
1653.05,0.0209360478803,1
1654.7,0.021934202806,1
1655.9,0.0226594097922,1
1655.8,0.022599019672,1
1655.7,0.0225386259046,1
1654.15,0.0216024659723,1
1657.0,0.0233254052462,1
1654.35,0.0217261294466,1
1654.65,0.0219074695499,1
1655.55,0.0224513912252,1
1638.85,0.0123641090531,1
1641.0,0.0110522135166,-1
1644.65,0.00882796001266,-1
1641.0,0.0110472771926,-1
1639.5,0.0119613539751,-1
1640.95,0.0110769379946,-1
1643.7,0.00940107949797,-1
1643.45,0.00955317537922,-1
1641.0,0.0110439417548,-1
1640.25,0.0115009801461,-1
1640.0,0.0116533959363,-1
1641.2,0.0109216886193,-1
1645.8,0.00811886141965,-1
1639.05,0.0122202103077,-1
1651.1,0.0048683906561,-1
1650.4,0.00529235044048,-1
1647.55,0.00701920453646,-1
1642.05,0.0103574947249,-1
1631.9,0.016538792493,-1
1628.55,0.018591614357,-1
1630.95,0.0171179107557,-1
1628.8,0.0184361608553,-1
1639.0,0.0121738818769,-1
1644.0,0.00912324124239,-1
1640.05,0.0115259176414,-1
1655.6,0.00204449939197,-1
1653.0,0.0036149270315,-1
1658.85,7.59070677987e-05,-1
1657.9,0.000648592964655,-1
1655.0,-0.00110060783153,1
1654.65,-0.00131208819407,1
1656.15,-0.000405552068606,1
1659.4,0.00155683056582,1
1658.85,0.00122538546518,1
1658.9,0.00125552682817,1
1658.0,0.000712998646846,1
1662.0,0.00312554388207,1
1662.1,0.00318571235379,1
1675.75,0.01139821461,1
1679.35,0.0135465064196,1
1679.5,0.0136358266923,1
1686.2,0.0176251092169,1
1687.75,0.0185443358804,1
1685.85,0.0174185767336,1
1685.8,0.0173889181044,1
1684.0,0.0163211757862,1
1687.55,0.0184292517957,1
1686.95,0.0180737067749,1
1696.0,0.0234384182364,1
1693.0,0.0216695503118,1
1647.0,-0.00550115258243,1
1650.45,-0.00340643491394,1
1656.0,-4.37156555606e-05,1
1647.9,-0.00493502000339,1
1646.4,-0.00584526941172,1
1648.4,-0.00463049778879,1
1645.7,-0.0062684497422,1
1646.75,-0.00563042337044,1
1640.45,-0.00180470604844,-1
1639.15,-0.00101224056641,-1
1636.25,0.000756969084932,-1
1646.8,-0.00569070089215,-1
1647.7,-0.00623721534442,-1
1648.0,-0.00641928732354,-1
1655.0,-0.0106668601391,-1
1654.75,-0.0105158027373,-1
1653.05,-0.00948845721679,-1
1653.8,-0.00994216400122,-1
1650.85,-0.00815839329134,-1
1646.25,-0.00537194994398,-1
1644.0,-0.00400520734716,-1
1644.0,-0.00400520734716,-1
1643.05,-0.00342734846639,-1
1642.1,-0.00284915547165,-1
1652.25,-0.00903026502649,-1
1640.2,-0.00173717983962,-1
1644.15,-0.00414542273683,-1
1644.9,-0.0046015854957,-1
1645.5,-0.00496634931113,-1
1650.85,-0.00821764071192,-1
1645.95,-0.00524947279842,-1
1644.1,-0.0041255018394,-1
1645.35,-0.00488579622539,-1
1648.1,-0.00655717313608,-1
1645.3,-0.00825609917212,1
1646.25,-0.00883350146957,-1
1646.6,-0.00862089706562,1
1639.65,-0.0128417157222,1
1645.9,-0.0166535048236,-1
1645.5,-0.0164104766931,-1
1637.5,-0.0115487325424,-1
1643.6,-0.0152739233821,-1
1645.0,-0.0161257121384,-1
1644.9,-0.0160649218649,-1
1644.45,-0.0157913490033,-1
1645.0,-0.0161258073328,-1
1644.95,-0.0160954121961,-1
1640.75,-0.0135421430997,-1
1634.95,-0.0100071743355,-1
1650.0,-0.0192123488056,-1
1554.8,0.0384846208913,-1
1616.35,-0.0011024642643,-1
1611.0,0.00220746242237,-1
1616.35,-0.00111345626168,-1
1623.25,-0.00538233367066,-1
1641.9,-0.0168716298358,-1
1639.85,-0.0156230763307,-1
1645.75,-0.0192209663816,-1
1659.8,-0.0277581075027,-1
1658.6,-0.0270351288305,-1
1655.7,-0.0252866662717,-1
1644.45,-0.0184919570853,-1
1652.65,-0.0234784267256,-1
1651.0,-0.0224800302109,-1
1644.15,-0.0266290308166,1
1644.95,-0.0261424572071,1
1647.05,-0.024865822659,1
1648.0,-0.0242890338548,1
1646.8,-0.0250171891946,1
1651.8,-0.0219809977931,1
1649.0,-0.0236761182677,1
1648.75,-0.0238277253023,1
1644.9,-0.0261628276525,1
1658.0,-0.0181988176823,1
1650.7,-0.0226017127366,1
1667.0,-0.0127271140815,1
1659.5,-0.0172262142614,1
1660.0,-0.0169249186905,1
1655.4,-0.0196960030278,1
1655.25,-0.0197866155686,1
1656.15,-0.0192428910557,1
1660.65,-0.0165257458696,1
1667.6,-0.0123406376288,1
1667.2,-0.012580503304,1
1674.0,-0.00850180848639,1
1668.0,-0.0120860378771,1
1689.7,0.000923554449067,1
1686.7,-0.000851908650892,1
1686.1,-0.00120763284607,1
1681.05,-0.00420271024361,1
1680.25,-0.00467860328665,1
1676.5,-0.0069104140291,1
1675.0,-0.00780513517434,1
1675.8,-0.00732752323404,1
1675.2,-0.00768556118607,1
1674.05,-0.00837204638186,1
1677.0,-0.00660985289899,1
1676.0,-0.00720615582088,1
1677.0,-0.00660949710966,1
1682.0,-0.00362798250024,1
1664.0,-0.0143295282791,1
1663.0,-0.0149304898175,1
1657.0,-0.01853842728,1
1661.0,-0.016124426073,1
1658.0,-0.0179305669519,1
1656.95,-0.0185638600762,1
1651.0,-0.0221547952281,1
1633.45,-0.0115248739683,-1
1633.0,-0.0112493834421,-1
1626.4,-0.00720774229084,-1
1619.7,-0.0030882144994,-1
1626.45,-0.00725565291392,-1
1661.85,-0.0290208470484,-1
1658.9,-0.0272457169223,-1
1659.65,-0.0276978237401,-1
1663.25,-0.029866955786,-1
1659.0,-0.0273117175476,-1
1646.8,-0.0199578899406,-1
1645.4,-0.0191077563482,-1
1645.15,-0.0189558176099,-1
1654.0,-0.0243352662924,-1
1648.4,-0.0209495347325,-1
1666.15,-0.031717552204,-1
1668.5,-0.0331279894396,-1
1670.0,-0.0340270005274,-1
1676.2,-0.0377395753777,-1
1667.65,-0.0326387520869,-1
1663.8,-0.0303301141833,-1
1660.95,-0.0320430604508,1
1644.8,-0.0417664115451,1
1646.5,-0.0407328512338,1
1649.0,-0.0392144789289,1
1650.8,-0.03812290828,1
1654.6,-0.0358209940566,1
1653.95,-0.0362138382486,1
1650.4,-0.038360215104,1
1649.35,-0.0389964245078,1
1663.75,-0.0302657124091,1
1658.95,-0.0331507612445,1
1650.35,-0.0383347631735,1
1655.85,-0.0350021367609,1
1655.95,-0.0349417448172,1
1656.0,-0.0349719389655,-1
1647.85,-0.030050441381,-1
1639.0,-0.0246798069179,-1
1641.0,-0.0259000631717,-1
1633.0,-0.0210249869987,-1
1636.75,-0.0233213740164,-1
1634.15,-0.0217328601933,-1
1634.0,-0.021641069354,-1
1601.15,-0.00153703018633,-1
1610.5,-0.00737658300773,-1
1615.05,-0.01020179257,-1
1622.3,-0.0146908176776,-1
1622.0,-0.0145058950369,-1
1622.75,-0.0149682871454,-1
1622.0,-0.0145061087445,-1
1622.05,-0.0145369348851,-1
1627.0,-0.0175886287293,-1
1625.0,-0.0163593724294,-1
1621.75,-0.0143593724294,-1
1622.15,-0.0146060195698,-1
1618.0,-0.0120476864933,-1
1616.95,-0.0113987371732,-1
1615.45,-0.0104710647034,-1
1621.1,-0.0139685421864,-1
1620.1,-0.0133516770948,-1
1625.0,-0.016376181755,-1
1629.0,-0.0188377202166,-1
1627.55,-0.0179476035806,-1
1628.2,-0.0183469768718,-1
1627.25,-0.0177635104671,-1
1629.6,-0.0192076647151,-1
1629.8,-0.0193303942193,-1
1639.6,-0.0253434019503,-1
1633.35,-0.0291553072931,1
1630.15,-0.0311144709751,1
1631.05,-0.0305623745422,1
1627.7,-0.0326162662071,1
1626.1,-0.0335992483291,1
1620.7,-0.0369200773064,1
1624.5,-0.0345754114213,1
1634.65,-0.0283273350901,1
1623.6,-0.0350871919402,1
1621.3,-0.0365037970154,1
1621.05,-0.0366579942645,1
1617.15,-0.0390638423259,1
1630.0,-0.0311177643492,1
1628.05,-0.0323140833676,1
1628.95,-0.031761274793,1
1627.4,-0.0327128079892,1
1628.0,-0.0323441217412,1
1631.45,-0.030224957122,1
1629.95,-0.0311443846252,1
1629.35,-0.0315124940764,1
1631.25,-0.0303463848917,1
1629.5,-0.0314191818266,1
1629.0,-0.0311123392368,-1
1635.0,-0.0347955804891,-1
1617.0,-0.0458047548011,1
1611.3,-0.0422797084189,-1
1613.95,-0.0439243431858,-1
1617.7,-0.0462478352395,-1
1618.65,-0.0468350887476,-1
1618.5,-0.0467424189301,-1
1616.0,-0.0451977788313,-1
1616.8,-0.0456928283362,-1
1618.95,-0.0470226155703,-1
1617.95,-0.0464049312687,-1
1613.1,-0.0434073108231,-1
1614.85,-0.0444921784692,-1
1610.35,-0.0417055419395,-1
1615.9,-0.045151997679,-1
1622.0,-0.0489269837548,-1
1616.75,-0.0456902389953,-1
1618.0,-0.0464633950182,-1
1615.1,-0.0446710588006,-1
1613.75,-0.043835197244,-1
1613.55,-0.0437112623099,-1
1617.55,-0.0461902682285,-1
1616.9,-0.0457884259362,-1
1619.4,-0.0473345945304,-1
1620.05,-0.0477359777587,-1
1620.1,-0.0477668410037,-1
1619.0,-0.0470878705698,-1
1619.0,-0.0470878705698,-1
1620.65,-0.0481070181918,-1
1626.0,-0.0514081627942,-1
1627.1,-0.0507316560292,1
1641.4,-0.0419430136593,1
1647.05,-0.0385008301574,1
1644.0,-0.040352625792,1
1638.65,-0.0436068836996,1
1639.5,-0.0430881640218,1
1637.15,-0.0445215278522,1
1627.4,-0.0504769992507,1
1624.8,-0.0520746396587,1
1634.8,-0.0459200360152,1
1627.8,-0.050201905357,1
1628.8,-0.0495875792727,1
1624.05,-0.0525038366401,1
1621.0,-0.054381857637,1
1621.65,-0.053980870592,1
1617.15,-0.0567558220303,1
1616.0,-0.0574669496313,1
1624.95,-0.0519285832947,1
1628.5,-0.0497439006891,1
1626.8,-0.0507878061235,1
1629.1,-0.0493739875841,1
1635.0,-0.0457523560084,1
1640.25,-0.042541346834,1
1646.0,-0.0390357836577,1
1647.9,-0.0378814701705,1
1644.1,-0.0401874353382,1
1653.25,-0.0346220804328,1
1658.75,-0.0312952998491,1
1657.9,-0.0318077339109,1
1655.15,-0.0334664588039,1
1654.2,-0.0340404249096,1
1655.0,-0.0335568074511,1
1655.0,-0.0335568074511,1
1644.75,-0.0397501609254,1
1644.25,-0.0400541584934,1
1648.5,-0.0374693934029,1
1660.95,-0.0299170731118,1
1653.3,-0.0345228709985,1
1660.0,-0.03047036994,1
1653.5,-0.0343860325906,1
1653.55,-0.0343557937034,1
1652.6,-0.0349303151875,1
1654.0,-0.034083165242,1
1651.1,-0.035836490514,1
1641.9,-0.0414085333945,1
1644.75,-0.0396727394972,1
1643.0,-0.0407367309853,1
1642.6,-0.040980188076,1
1647.0,-0.0383015079347,1
1641.95,-0.0413676888698,1
1643.95,-0.0401496249823,1
1648.0,-0.0426132035583,-1
1643.8,-0.040064659869,-1
1644.5,-0.0404905024289,-1
1643.75,-0.0400344367554,-1
1644.4,-0.0404298740178,-1
1643.45,-0.0398521557011,-1
1644.05,-0.0402172413441,-1
1634.4,-0.0343475901778,-1
1639.2,-0.0372844477402,-1
1640.35,-0.0379860094776,-1
1637.8,-0.0364314631918,-1
1638.05,-0.0365841069822,-1
1642.55,-0.039331275872,-1
1643.2,-0.0397270020295,-1
1645.0,-0.0408224255933,-1
1639.45,-0.037448565411,-1
1644.85,-0.0407423529617,-1
1638.75,-0.0370338081095,-1
1629.9,-0.0316333504436,-1
1631.8,-0.0327990661317,-1
1626.95,-0.0298268881687,-1
1637.35,-0.0362192173737,-1
1632.6,-0.0333181882718,-1
1630.95,-0.0323075304254,-1
1632.2,-0.0330739549019,-1
1629.5,-0.0314197458589,-1
1628.3,-0.0306833236435,-1
1630.0,-0.0317273572983,-1
1629.8,-0.0316046579117,-1
1629.85,-0.0316353365226,-1
1628.65,-0.0308990724492,-1
1628.7,-0.0309297727225,-1
1630.0,-0.0317279553221,-1
1636.65,-0.0358077099233,-1
1645.0,-0.0409095948712,-1
1647.55,-0.0424597468469,-1
1650.35,-0.0441592400338,-1
1651.05,-0.0445833924863,-1
1648.5,-0.0430389207865,-1
1649.95,-0.0421593332827,1
1645.0,-0.0451594241945,1
1649.1,-0.0426670229787,1
1648.0,-0.0433340534802,1
1648.0,-0.0433340534802,1
1647.95,-0.043364393286,1
1650.0,-0.0421204235054,1
1649.45,-0.0424537568387,1
1641.7,-0.0471522927143,1
1638.0,-0.0494060540593,1
1643.0,-0.0463535510067,1
1631.6,-0.0532920780913,1
1630.15,-0.0541807763017,1
1630.5,-0.0539660721334,1
1630.25,-0.0541193993336,1
1620.9,-0.0598547160028,1
1623.15,-0.0584665982905,1
1630.0,-0.0626867874289,-1
1642.5,-0.0703554990853,-1
1641.05,-0.0694726984765,-1
1641.4,-0.0696859765606,-1
1642.9,-0.0705998305877,-1
1643.25,-0.0708128685084,-1
1643.15,-0.0707520134955,-1
1642.0,-0.0700521382559,-1
1640.65,-0.0692299701682,-1
1638.5,-0.0679195139465,-1
1636.9,-0.0669430110475,-1
1637.0,-0.0670041021344,-1
1637.0,-0.0670041021344,-1
1638.0,-0.0676149756835,-1
1655.0,-0.077993486062,-1
1677.6,-0.0916490751859,-1
1675.05,-0.0931691037982,1
1678.0,-0.0914079623398,1
1679.95,-0.0902458646044,1
1681.9,-0.0890851157725,1
1679.55,-0.0904823450965,1
1719.0,-0.0669939106944,1
1684.0,-0.0873545855054,1
1679.5,-0.0900267945315,1
1675.5,-0.0924084557402,1
1674.15,-0.0932141853732,1
1678.0,-0.0909145109115,1
1677.85,-0.091003903045,1
1680.0,-0.089722501251,1
1680.35,-0.0895141679177,1
1677.0,-0.0915078001967,1
1679.0,-0.0903151943529,1
1677.45,-0.0912383629056,1
1675.55,-0.0923710345203,1
1675.3,-0.092520239259,1
1675.0,-0.092699311664,1
1674.7,-0.0928784161416,1
1673.55,-0.093565106295,1
1675.15,-0.0926090547877,1
1675.0,-0.0926985990077,1
1687.0,-0.0855344199032,1
1698.4,-0.0787768621083,1
1702.55,-0.0763333858954,1
1706.0,-0.074307013689,1
1685.5,-0.0863234263502,1
1684.9,-0.0866794038049,1
1689.9,-0.0837118686397,1
1682.85,-0.0878837131275,1
1678.8,-0.0902903447346,1
1692.5,-0.0821297538363,1
1691.1,-0.082956932566,1
1690.0,-0.0836073967609,1
1688.0,-0.0847908287136,1
1676.6,-0.091544383216,1
1677.05,-0.0912759828819,1
1683.0,-0.0877280862778,1
1688.0,-0.084757200954,1
1696.9,-0.0794846891056,1
1705.0,-0.0747112787691,1
1700.0,-0.0776438300888,1
1695.0,-0.0805850065594,1
1693.0,-0.0817649475623,1
1693.25,-0.0816172806988,1
1692.0,-0.0823555060051,1
1690.0,-0.083537539102,1
1708.0,-0.0728866515281,1
1706.05,-0.0740283377107,1
1708.75,-0.0724457346217,1
1704.95,-0.0746695824637,1
1705.4,-0.0744056451049,1
1703.45,-0.0755490718669,1
1702.2,-0.0762828767922,1
1704.0,-0.0752254217341,1
1702.55,-0.0760763607012,1
1703.4,-0.0755771095779,1
1703.95,-0.0752542259334,1
1701.8,-0.0765160000465,1
1704.5,-0.0749294446346,1
1703.5,-0.0755161269461,1
1704.6,-0.0748703975654,1
1704.0,-0.0752223863018,1
1704.95,-0.0746648745647,1
1703.6,-0.0754566866413,1
1703.9,-0.0752805889658,1
1703.05,-0.0757794445324,1
1701.8,-0.0765134218085,1
1700.5,-0.0772773188587,1
1698.55,-0.0784240404111,1
1693.9,-0.0811616695654,1
1700.0,-0.0775605124723,1
1705.65,-0.0742369830606,1
1704.35,-0.0749991558393,1
1704.9,-0.0746764521692,1
1700.7,-0.0771399397638,1
1703.45,-0.0787569210068,-1
1702.0,-0.0779057072935,-1
1699.15,-0.076231206706,-1
1699.05,-0.0761723537501,-1
1699.3,-0.0763194947995,-1
1703.5,-0.0787911007549,-1
1699.55,-0.0764723452515,-1
1693.0,-0.0726183839088,-1
1710.0,-0.0826597306306,-1
1708.5,-0.0817825376481,-1
1713.7,-0.08482614315,-1
1714.5,-0.0843593169844,1
1713.5,-0.0849425774102,1
1707.85,-0.0882399220265,1
1705.0,-0.0899086868477,1
1704.2,-0.0903778950589,1
1704.35,-0.0902898772206,1
1697.95,-0.0940449744718,1
1679.9,-0.104675440622,1
1675.6,-0.107235116793,1
1682.15,-0.111144164299,-1
1689.0,-0.115216333844,-1
1689.35,-0.115423557053,-1
1698.15,-0.120632661146,-1
1691.95,-0.11698162914,-1
1695.0,-0.118784282883,-1
1684.75,-0.112737085243,-1
1685.0,-0.112885475212,-1
1681.6,-0.110867671058,-1
1679.45,-0.109589126814,-1
1680.0,-0.10991661498,-1
1679.9,-0.10985709117,-1
1681.5,-0.110809528815,-1
1691.15,-0.116548452396,-1
1691.0,-0.116459755355,-1
1700.05,-0.121811618158,-1
1700.05,-0.121811618158,-1
1706.25,-0.125458569718,-1
1704.5,-0.124432928693,-1
1698.0,-0.120619493668,-1
1686.6,-0.113905712749,-1
1683.7,-0.112186277198,-1
1688.95,-0.115304409882,-1
1689.0,-0.115334014074,-1
1684.9,-0.112906542197,-1
1675.1,-0.118722911121,1
1661.0,-0.127140319037,1
1666.1,-0.130210758532,-1
1672.9,-0.134292146203,-1
1675.0,-0.135547451362,-1
1676.15,-0.136234018526,-1
1676.0,-0.136144527729,-1
1676.45,-0.136413024149,-1
1675.5,-0.135846350523,-1
1669.25,-0.132116120741,-1
1665.1,-0.129629974268,-1
1667.0,-0.130771046876,-1
1678.0,-0.13736972714,-1
1671.7,-0.133615257533,-1
1681.85,-0.13968692111,-1
1684.15,-0.141054462805,-1
1680.0,-0.138590311749,-1
1675.1,-0.135673645083,-1
1668.0,-0.13143509216,-1
1662.7,-0.128257634127,-1
1659.0,-0.126032337922,-1
1664.5,-0.129347588073,-1
1666.25,-0.130398954849,-1
1680.5,-0.138951092884,-1
1676.0,-0.136273318412,-1
1679.85,-0.13857045445,-1
1671.9,-0.133837889042,-1
1668.2,-0.131624838023,-1
1669.95,-0.132673872911,-1
1664.95,-0.129679771291,-1
1671.1,-0.13337357591,-1
1673.5,-0.134809755671,-1
1677.35,-0.137110323344,-1
1673.5,-0.134815036135,-1
1672.1,-0.133978466072,-1
1671.1,-0.133380415716,-1
1676.6,-0.136671661004,-1
1676.0,-0.136313793892,-1
1678.85,-0.134613316565,1
1679.9,-0.133987888444,1
1676.1,-0.136249927852,1
1675.7,-0.136488577097,1
1676.0,-0.136309547438,1
1676.0,-0.136309547438,1
1674.3,-0.137323867247,1
1674.0,-0.137503046605,1
1673.95,-0.137532915183,1
1667.0,-0.141684771571,1
1664.0,-0.143484411643,1
1661.95,-0.144716382797,1
1653.1,-0.150041452745,1
1666.65,-0.158238174056,-1
1659.8,-0.154128132956,-1
1657.0,-0.152441182721,-1
1653.1,-0.150087531544,-1
1651.8,-0.149301130237,-1
1650.95,-0.148786540093,-1
1649.7,-0.148029400265,-1
1654.0,-0.150635934786,-1
1652.9,-0.149970880373,-1
1664.0,-0.156686350153,-1
1665.0,-0.157287311692,-1
1669.85,-0.160200224604,-1
1654.0,-0.150708354077,-1
1653.3,-0.150285137632,-1
1644.95,-0.145234632582,-1
1650.95,-0.148882159862,-1
1651.35,-0.149124444607,-1
1649.75,-0.148155540377,-1
1651.0,-0.148913230937,-1
1649.3,-0.147883551954,-1
1650.75,-0.14876271281,-1
1652.0,-0.149519944372,-1
1650.0,-0.148309290619,-1
1650.95,-0.148885048194,-1
1668.0,-0.159212435456,-1
1671.9,-0.161550564953,-1
1676.0,-0.164002864731,-1
1676.2,-0.163883532989,1
1675.7,-0.164181826749,1
1677.1,-0.163346355006,1
1676.4,-0.163763742162,1
1678.95,-0.162242625483,1
1676.0,-0.163999676021,1
1676.0,-0.163999676021,1
1667.6,-0.169011609195,1
1672.0,-0.166373086768,1
1680.35,-0.161379067629,1
1700.0,-0.149685075306,1
1698.5,-0.150567428247,1
1701.7,-0.14868341294,1
1707.05,-0.145539498031,1
1710.05,-0.143782080263,1
1709.4,-0.144162186108,1
1712.0,-0.142641184587,1
1717.0,-0.13972062384,1
1707.45,-0.145282650631,1
1706.25,-0.145985453055,1
1700.5,-0.149355416425,1
1699.9,-0.149708253826,1
1707.0,-0.145531537549,1
1698.85,-0.150305995662,1
1698.25,-0.150659175755,1
1701.0,-0.149039861755,1
1702.0,-0.148451972278,1
1707.0,-0.145514251949,1
1705.25,-0.146539442342,1
1697.6,-0.151025588068,1
1704.35,-0.147049386372,1
1702.2,-0.148310864354,1
1705.0,-0.146665934264,1
1700.45,-0.149334555965,1
1705.0,-0.146658793667,1
1718.9,-0.138506300998,1
1720.3,-0.137691826625,1
1730.0,-0.132053275209,1
1746.5,-0.122515702955,1
1749.0,-0.121084268658,1
1742.0,-0.125086555679,1
1740.0,-0.126234661305,1
1742.95,-0.124539259006,1
1742.95,-0.124539259006,1
1745.0,-0.123363092162,1
1748.1,-0.121586587864,1
1750.0,-0.120499693522,1
1762.65,-0.113271122093,1
1758.0,-0.115909195449,1
1748.35,-0.121398387713,1
1742.0,-0.125030383594,1
1738.15,-0.127240486924,1
1745.5,-0.123011853032,1
1748.75,-0.121149922353,1
1750.0,-0.12043512607,1
1745.9,-0.122777983213,1
1750.85,-0.119942769283,1
1743.95,-0.123883712253,1
1745.75,-0.12285157257,1
1737.0,-0.127863744989,1
1748.5,-0.121243134742,1
1751.5,-0.119527378379,1
1749.25,-0.120811991568,1
1742.0,-0.124956624982,1
1735.45,-0.128716670906,1
1725.1,-0.134680541948,1
1702.0,-0.148071070034,1
1697.6,-0.145485876144,-1
1699.85,-0.14681127671,-1
1700.0,-0.14689951979,-1
1695.35,-0.144164225672,-1
1689.05,-0.140448178838,-1
1693.5,-0.143082795931,-1
1709.9,-0.152766882143,-1
1710.35,-0.153030055428,-1
1705.85,-0.150399014997,-1
1711.9,-0.153945633985,-1
1719.45,-0.158355938325,-1
1718.95,-0.158065147665,-1
1718.6,-0.157861534995,-1
1712.0,-0.154021199838,-1
1704.2,-0.149465125072,-1
1702.25,-0.148320893174,-1
1704.95,-0.149907029171,-1
1715.05,-0.155830956559,-1
1716.8,-0.156851334973,-1
1728.95,-0.163928455197,-1
1724.95,-0.161614912295,-1
1731.95,-0.165673000935,-1
1736.9,-0.16853105111,-1
1738.0,-0.169164363333,-1
1739.45,-0.168330071043,1
1741.2,-0.167324005908,1
1744.05,-0.165687203702,1
1744.15,-0.165629865896,1
1752.0,-0.161129106214,1
1757.65,-0.157904220369,1
1747.0,-0.163963447178,1
1739.1,-0.168485484957,1
1741.15,-0.167306714328,1
1729.95,-0.173739244553,1
1728.25,-0.174721931914,1
1725.0,-0.176602446885,1
1724.95,-0.176631432393,1
1720.0,-0.179501080788,1
1709.9,-0.185373173812,1
1706.8,-0.18718614533,1
1719.95,-0.179481669118,1
1718.15,-0.180528211168,1
1713.55,-0.183205509425,1
1722.9,-0.177749001007,1
1723.0,-0.177690959333,1
1724.7,-0.178677610523,-1
1729.8,-0.181634646529,-1
1729.3,-0.181345595772,-1
1732.85,-0.183398449527,-1
1736.65,-0.185591368707,-1
1733.4,-0.183719949595,-1
1733.0,-0.18348918924,-1
1734.65,-0.184441295414,-1
1734.0,-0.184066580054,-1
1725.55,-0.179193454333,-1
1733.0,-0.18351091833,-1
1714.0,-0.172547271475,-1
1708.05,-0.169075859573,-1
1703.75,-0.166558368867,-1
1703.0,-0.166118163438,-1
1703.7,-0.16652920278,-1
1700.9,-0.164885720946,-1
1694.05,-0.160858441271,-1
1693.95,-0.160799411136,-1
1694.25,-0.160976511995,-1
1697.7,-0.163012811243,-1
1698.65,-0.163572391852,-1
1691.0,-0.159068815482,-1
1712.35,-0.171694480769,-1
1719.3,-0.17575323044,-1
1724.0,-0.17848690112,-1
1729.5,-0.181677156341,-1
1732.55,-0.183440671808,-1
1730.9,-0.18248831834,-1
1731.95,-0.183094939173,-1
1731.0,-0.182546424493,-1
1736.15,-0.185521583361,-1
1718.85,-0.175557006568,-1
1730.0,-0.182043901875,-1
1727.0,-0.183778005922,1
1733.1,-0.180245869269,1
1744.8,-0.173494960492,1
1740.9,-0.175730173697,1
1748.05,-0.171623102642,1
1750.0,-0.17050757391,1
1754.65,-0.167850431053,1
1754.5,-0.167935918187,1
1751.5,-0.169645807044,1
1752.15,-0.169274696568,1
1756.0,-0.167077396108,1
1753.35,-0.168586507726,1
1759.8,-0.16490783547,1
1760.0,-0.164794186191,1
1742.9,-0.174510095282,1
1743.65,-0.174079777995,1
1744.6,-0.173534943883,1
1753.6,-0.168376168232,1
1764.2,-0.162331460203,1
1765.0,-0.161877996877,1
1764.25,-0.162302926055,1
1767.8,-0.160290739574,1
1770.0,-0.159046254903,1
1770.0,-0.159046254903,1
1768.15,-0.160091452643,1
1769.65,-0.159243108329,1
1747.25,-0.171900978529,1
1765.6,-0.161398760758,1
1763.25,-0.162729753056,1
1765.0,-0.161737267588,1
1770.0,-0.158904406399,1
1773.0,-0.157209491144,1
1776.85,-0.155038030343,1
1775.75,-0.155657103422,1
1780.0,-0.153263748502,1
1778.95,-0.153853636142,1
1776.0,-0.155511917713,1
1767.5,-0.160297953749,1
1766.35,-0.160948590241,1
1779.85,-0.153305710857,1
1782.8,-0.151648267814,1
1788.65,-0.148366912642,1
1788.85,-0.148255096468,1
1790.0,-0.14761222535,1
1790.15,-0.147528426467,1
1792.15,-0.146411201654,1
1802.0,-0.140915009929,1
1800.0,-0.142024887842,1
1800.1,-0.141969332286,1
1801.7,-0.141080492778,1
1805.5,-0.138971373612,1
1803.5,-0.140079100004,1
1807.25,-0.137999809735,1
1798.2,-0.14300741798,1
1794.4,-0.145120642315,1
1798.6,-0.142780027068,1
1792.7,-0.146060356212,1
1796.9,-0.143717521382,1
1795.4,-0.144552292377,1
1796.05,-0.144190256062,1
1790.4,-0.147336048217,1
1785.4,-0.150128720245,1
1774.15,-0.156429829241,1
1792.9,-0.145861388015,1
1808.05,-0.137411390804,1
1798.0,-0.142969865404,1
1800.7,-0.141468196883,1
1798.85,-0.142495575125,1
1799.35,-0.142217619765,1
1789.95,-0.14744172847,1
1781.55,-0.152134596986,1
1781.3,-0.151994269743,-1
1785.95,-0.154604722783,-1
1777.25,-0.149733365802,-1
1776.15,-0.149114432056,-1
1776.6,-0.149367789036,-1
1772.05,-0.146806717326,-1
1793.0,-0.158629182832,-1
1789.9,-0.156900236932,-1
1793.5,-0.158911522478,-1
1789.25,-0.156541854232,-1
1783.05,-0.153076715207,-1
1773.6,-0.147776807745,-1
1762.15,-0.141321011624,-1
1762.5,-0.141519632627,-1
1756.15,-0.137916795748,-1
1761.85,-0.14116253216,-1
1761.0,-0.140680084732,-1
1766.0,-0.143519380587,-1
1779.95,-0.151418587835,-1
1780.5,-0.151727585279,-1
1771.0,-0.146392005385,-1
1775.95,-0.149187036441,-1
1774.3,-0.148257956231,-1
1749.25,-0.134139712416,-1
1768.0,-0.144858591936,-1
1772.5,-0.147403840805,-1
1767.05,-0.144329087631,-1
1775.75,-0.149252547635,-1
1786.85,-0.155503427545,-1
1778.25,-0.150690488574,-1
1780.0,-0.151674602169,-1
1769.75,-0.145916175203,-1
1787.65,-0.156030598144,-1
1784.55,-0.15429647793,-1
1781.1,-0.152363217444,-1
1777.85,-0.150538502381,-1
1770.0,-0.146123056758,-1
1762.6,-0.150303847719,1
1775.55,-0.142956746845,1
1777.7,-0.141745854445,1
1778.0,-0.141577097062,1
1777.55,-0.141830190426,1
1776.0,-0.142702177149,1
1781.85,-0.13940825823,1
1782.0,-0.13932407606,1
1785.95,-0.13710746551,1
1781.8,-0.139431158782,1
1784.5,-0.137915837197,1
1782.1,-0.139260751739,1
1781.5,-0.139597433182,1
1761.85,-0.150627464055,1
1770.9,-0.145490817916,1
1772.5,-0.144587322519,1
1771.5,-0.145151497413,1
1777.35,-0.141849211215,1
1789.45,-0.148657099363,-1
1785.5,-0.150864481519,1
1778.65,-0.147028021144,-1
1772.35,-0.143486008944,-1
1769.05,-0.145347943663,1
1768.0,-0.144754404758,-1
1763.0,-0.141926350459,-1
1756.15,-0.138040927884,-1
1756.95,-0.138496469837,-1
1754.0,-0.136817423763,-1
1741.95,-0.12994741236,-1
1754.95,-0.137410313132,-1
1761.95,-0.14139903076,-1
1769.5,-0.145684055874,-1
1755.75,-0.137913499219,-1
1759.1,-0.139821515737,-1
1759.7,-0.140162599245,-1
1767.4,-0.144538345111,-1
1766.2,-0.143859381662,-1
1763.05,-0.142075891683,-1
1758.0,-0.139211537297,-1
1752.0,-0.135798568014,-1
1755.9,-0.138024595411,-1
1754.0,-0.136942529235,-1
1759.85,-0.140277762986,-1
1766.35,-0.143971259591,-1
1744.0,-0.131318048166,-1
1741.0,-0.12959786468,-1
1745.7,-0.132297462612,-1
1749.95,-0.134732016086,-1
1747.4,-0.133274831595,-1
1749.95,-0.134734142572,-1
1750.0,-0.134762714817,-1
1749.5,-0.134477000531,-1
1750.05,-0.134791376067,-1
1750.0,-0.134762805454,-1
1749.0,-0.134191376883,-1
1747.9,-0.133562446065,-1
1754.05,-0.137080953989,-1
1758.0,-0.139332885234,-1
1760.0,-0.140470541662,-1
1758.9,-0.139845541662,-1
1759.5,-0.140186663954,-1
1760.0,-0.140470835594,-1
1754.7,-0.137459471957,-1
1757.15,-0.138855722029,-1
1754.95,-0.137603694598,-1
1754.9,-0.137575203758,-1
1741.95,-0.130195865904,-1
1749.0,-0.134243054399,-1
1741.05,-0.138788508945,1
1737.15,-0.136548481375,-1
1725.85,-0.130043573912,-1
1723.8,-0.128855753418,-1
1721.85,-0.127724531698,-1
1719.8,-0.126533951799,-1
1719.75,-0.126504878651,-1
1718.55,-0.125807102811,-1
1719.25,-0.126214422936,-1
1719.25,-0.126214422936,-1
1717.95,-0.125458279268,-1
1715.55,-0.124061265385,-1
1717.35,-0.125110491581,-1
1724.9,-0.129506799847,-1
1716.0,-0.124347080443,-1
1713.9,-0.123123304219,-1
1703.3,-0.116938579323,-1
1709.0,-0.120285024458,-1
1704.95,-0.117915217554,-1
1699.05,-0.114454705515,-1
1701.2,-0.11572011854,-1
1704.95,-0.117924444898,-1
1711.05,-0.121502262429,-1
1707.35,-0.119339847538,-1
1715.45,-0.124084041757,-1
1708.3,-0.119916039192,-1
1711.15,-0.121584364428,-1
1707.25,-0.119305195448,-1
1712.0,-0.122087447608,-1
1709.25,-0.120481139197,-1
1716.0,-0.124430239679,-1
1704.5,-0.117728607978,-1
1691.35,-0.110013735581,-1
1690.2,-0.109333805348,-1
1687.2,-0.107558867471,-1
1684.9,-0.10619566216,-1
1685.55,-0.106581441732,-1
1683.15,-0.105157574151,-1
1697.8,-0.1138614924,-1
1712.15,-0.122313606901,-1
1699.1,-0.114691611164,-1
1691.7,-0.110336364269,-1
1691.0,-0.109922579319,-1
1693.0,-0.11110531143,-1
1695.0,-0.112286646339,-1
1693.95,-0.111667177312,-1
1690.05,-0.109364866146,-1
1687.0,-0.107560185811,-1
1695.1,-0.112361608455,-1
1696.5,-0.113187518431,-1
1704.0,-0.11760838492,-1
1694.3,-0.111915896657,-1
1670.5,-0.0978687975605,-1
1673.15,-0.0994551489523,-1
1663.9,-0.0939266547946,-1
1671.25,-0.098343987567,-1
1666.9,-0.095741145383,-1
1669.0,-0.0970009690077,-1
1670.0,-0.097600130182,-1
1669.8,-0.097480369703,-1
1669.2,-0.097121045233,-1
1652.1,-0.0868766167643,-1
1657.0,-0.0898425389239,-1
1687.0,-0.107947547976,-1
1685.5,-0.107058395635,-1
1682.15,-0.105070854846,-1
1656.65,-0.0899116835473,-1
1657.05,-0.0901531346685,-1
1661.2,-0.092657585349,-1
1662.0,-0.09313916493,-1
1662.3,-0.0933196703451,-1
1670.05,-0.0979818853485,-1
1670.0,-0.0979519461251,-1
1666.55,-0.0958860778616,-1
1667.1,-0.0962161009632,-1
1679.95,-0.103924096884,-1
1655.9,-0.0896081946253,-1
1646.0,-0.0836295727278,-1
1642.1,-0.0812601924119,-1
1642.0,-0.0811992947808,-1
1644.1,-0.0824782229173,-1
1654.0,-0.0884997544543,-1
1654.0,-0.0884997544543,-1
1651.55,-0.0870184968968,-1
1657.05,-0.0903487018558,-1
1657.9,-0.0908616616337,-1
1660.8,-0.0926108624299,-1
1662.55,-0.0936645714858,-1
1643.55,-0.0822363437633,-1
1638.2,-0.0789811948479,-1
1640.0,-0.0800799617872,-1
1649.0,-0.0855677666652,-1
1668.3,-0.0972718297338,-1
1670.0,-0.0982908311124,-1
1665.7,-0.095715980813,-1
1657.75,-0.0909432126074,-1
1650.0,-0.0862682012969,-1
1669.35,-0.0979954740242,-1
1657.25,-0.0907471438358,-1
1673.6,-0.100612885275,-1
1671.25,-0.0992087265751,-1
1666.35,-0.102140663748,1
1656.0,-0.108351843872,1
1660.7,-0.105513679621,1
1661.1,-0.105272817334,1
1660.0,-0.105935029121,1
1660.0,-0.105935029121,1
1660.05,-0.105904908639,1
1660.2,-0.105814549915,1
1660.0,-0.105935017329,1
1660.0,-0.105935017329,1
1660.0,-0.105935017329,1
1660.0,-0.105935017329,1
1650.5,-0.111657908895,1
1651.0,-0.111354970392,1
1651.7,-0.110930984928,1
1652.9,-0.110204460741,1
1659.0,-0.106513977348,1
1657.0,-0.107719522858,1
1659.85,-0.109439498718,-1
1662.2,-0.110855289301,-1
1662.8,-0.111216256694,-1
1660.5,-0.109833047649,-1
1660.05,-0.109562044939,-1
1658.1,-0.108387381525,-1
1664.5,-0.1122472211,-1
1660.35,-0.109753979887,-1
1660.25,-0.109693751622,-1
1660.15,-0.109633519729,-1
1660.05,-0.109573284208,-1
1660.45,-0.109814240806,-1
1661.05,-0.109452892978,1
1651.1,-0.115443079908,1
1652.85,-0.114383180447,1
1652.1,-0.113929418763,-1
1655.15,-0.115775553985,-1
1653.55,-0.114808874228,-1
1653.0,-0.114476256526,-1
1655.0,-0.115686177881,-1
1657.3,-0.117075905978,-1
1659.1,-0.118162009882,-1
1659.65,-0.118493514915,-1
1659.65,-0.118493514915,-1
1658.75,-0.119035797926,1
1659.0,-0.119186513827,-1
1658.5,-0.118885127449,-1
1656.4,-0.117618923048,-1
1656.5,-0.117679294939,-1
1656.85,-0.117890583801,-1
1656.5,-0.117679339572,-1
1657.5,-0.118283022035,-1
1655.25,-0.116925555972,-1
1655.2,-0.116895349055,-1
1655.0,-0.116774517735,-1
1655.0,-0.116774517735,-1
1655.0,-0.116774517735,-1
1663.0,-0.121608354593,-1
1661.0,-0.120405708772,-1
1663.4,-0.118960796069,1
1658.0,-0.12220715894,1
1661.0,-0.120397750014,1
1663.45,-0.118922734963,1
1676.65,-0.110987419805,1
1665.75,-0.117488478463,1
1666.8,-0.116858131772,1
1659.25,-0.121387769401,1
1662.25,-0.119579723598,1
1667.8,-0.116240875651,1
1670.85,-0.114412119205,1
1683.3,-0.106960821961,1
1680.0,-0.108921256821,1
1684.8,-0.106064113964,1
1698.0,-0.0982293561292,1
1711.3,-0.0903966117241,1
1712.5,-0.0896953904303,1
1708.0,-0.0923231276566,1
1677.0,-0.110473010561,1
1678.0,-0.109876707639,1
1677.7,-0.110055491906,1
1686.55,-0.104780412928,1
1687.4,-0.104276425499,1
1686.95,-0.104543107969,1
1689.95,-0.102764750578,1
1687.8,-0.104036977567,1
1688.95,-0.103355617216,1
1690.65,-0.10234907469,1
1691.15,-0.102053330449,1
1690.0,-0.102733341093,1
1697.0,-0.0985913292588,1
1688.05,-0.103865342223,1
1683.35,-0.10664961994,1
1682.5,-0.107154565435,1
1687.5,-0.104182797233,1
1689.3,-0.103116130567,1
1689.45,-0.103027336391,1
1689.0,-0.103293695266,1
1689.9,-0.102760835585,1
1689.85,-0.102790423135,1
1691.5,-0.10181400511,1
1693.75,-0.103144185423,-1
1696.0,-0.104472598707,-1
1698.8,-0.106123542103,-1
1698.0,-0.105652621453,-1
1697.2,-0.105181478933,-1
1699.0,-0.104120908582,1
1702.9,-0.101825440659,1
1703.0,-0.101766717305,1
1702.5,-0.102060316835,1
1701.15,-0.102853268377,1
1701.7,-0.102529957676,1
1701.05,-0.102911928646,1
1701.8,-0.102471024498,1
1700.5,-0.103234921549,1
1687.5,-0.110879731898,1
1672.5,-0.119768620787,1
1676.8,-0.117197619293,1
1678.1,-0.116422333033,1
1678.0,-0.116481924237,1
1679.0,-0.117077871794,-1
1679.0,-0.117077871794,-1
1678.0,-0.116482279179,-1
1682.75,-0.119313030073,-1
1682.85,-0.119372456607,-1
1683.85,-0.119966686634,-1
1681.8,-0.118749238524,-1
1686.0,-0.121246562819,-1
1671.45,-0.112616669581,-1
1676.6,-0.11569782666,-1
1675.45,-0.115011914695,-1
1675.1,-0.114803015593,-1
1680.3,-0.117907307874,-1
1680.0,-0.117728768328,-1
1681.05,-0.118353768328,-1
1680.1,-0.117788645339,-1
1681.5,-0.118621929072,-1
1678.6,-0.116897278463,-1
1679.05,-0.117165359006,-1
1687.85,-0.122406417938,-1
1673.2,-0.113726736687,-1
1665.3,-0.109005244935,-1
1660.8,-0.106303029118,-1
1659.0,-0.105219214089,-1
1650.75,-0.100246338863,-1
1635.1,-0.0907657997139,-1
1642.0,-0.0949857251007,-1
1651.0,-0.100466845685,-1
1653.35,-0.101890225455,-1
1650.45,-0.100136210879,-1
1650.0,-0.0998635579659,-1
1651.5,-0.100772648875,-1
1650.0,-0.0998643836616,-1
1611.05,-0.0762583230555,-1
1605.8,-0.0729995787583,-1
1602.3,-0.0708199798045,-1
1608.0,-0.0743773660618,-1
1611.0,-0.0762430377036,-1
1616.2,-0.079470846518,-1
1621.5,-0.0827501436347,-1
1623.1,-0.0837368843069,-1
1622.0,-0.0830591688242,-1
1622.2,-0.0831824733864,-1
1622.0,-0.0830591840263,-1
1622.0,-0.0830591840263,-1
1606.55,-0.073533906591,-1
1606.75,-0.0736583969586,-1
1611.1,-0.0763657254167,-1
1607.9,-0.074379504822,-1
1607.7,-0.0742551189771,-1
1607.0,-0.0738197143619,-1
1614.4,-0.0784245681266,-1
1611.05,-0.0763494937956,-1
1612.8,-0.0774357418947,-1
1613.1,-0.0776217537994,-1
1618.8,-0.081155322704,-1
1618.1,-0.0807229036282,-1
1618.0,-0.0806611027506,-1
1610.0,-0.075716726978,-1
1603.4,-0.0716173480961,-1
1603.3,-0.0715549806269,-1
1606.35,-0.0734573070786,-1
1610.5,-0.0760408038259,-1
1611.85,-0.0768790528169,-1
1620.6,-0.0823075976567,-1
1632.2,-0.089465440431,-1
1625.0,-0.0850542163163,-1
1630.5,-0.0884388317009,-1
1630.35,-0.088530828021,1
1615.65,-0.0975472968774,1
1620.25,-0.0947001455761,1
1612.1,-0.0997302335255,1
1608.1,-0.102211469181,1
1616.25,-0.0971433764005,1
1617.5,-0.0963699811956,1
1617.45,-0.0964008930967,1
1618.95,-0.095473507397,1
1618.0,-0.0960603074834,1
1618.1,-0.0959985027863,1
1613.0,-0.0991503475425,1
1617.6,-0.0962985186522,1
1618.05,-0.0960203287412,1
1618.05,-0.0960203287412,1
1611.5,-0.10006841131,1
1614.75,-0.0980516567333,1
1604.8,-0.104213601307,1
1606.2,-0.103341218455,1
1607.1,-0.103901547181,-1
1607.0,-0.1038393233,-1
1610.0,-0.105706155907,-1
1611.05,-0.10635832982,-1
1612.75,-0.107413542259,-1
1613.0,-0.107568556986,-1
1614.15,-0.108281514208,-1
1620.85,-0.112432305647,-1
1625.05,-0.115023538642,-1
1628.85,-0.11736192823,-1
1625.4,-0.115243869477,-1
1621.85,-0.113059791711,-1
1623.95,-0.111764974065,1
1622.85,-0.112442334821,1
1622.05,-0.112935294737,1
1620.0,-0.114199127541,1
1622.5,-0.112655917665,1
1618.15,-0.11533696543,1
1609.95,-0.120404480803,1
1612.3,-0.118944808142,1
1604.1,-0.12403071027,1
1584.15,-0.136467590763,1
1584.0,-0.13637290276,-1
1568.4,-0.126524417912,-1
1575.05,-0.13076440771,-1
1577.3,-0.132192933789,-1
1574.45,-0.130386048605,-1
1578.0,-0.132640804234,-1
1580.0,-0.133908231357,-1
1580.0,-0.133908231357,-1
1578.0,-0.132642408572,-1
1580.55,-0.134258378154,-1
1580.0,-0.133910398021,-1
1579.7,-0.133720524603,-1
1572.4,-0.129099394009,-1
1575.0,-0.130752917285,-1
1578.35,-0.132879901412,-1
1578.0,-0.13265815085,-1
1581.55,-0.134907833993,-1
1580.0,-0.133927782777,-1
1581.0,-0.13456069417,-1
1577.45,-0.132315279875,-1
1574.0,-0.1301282058,-1
1574.5,-0.130445867807,-1
1572.45,-0.129143867172,-1
1571.3,-0.128412524363,-1
1572.65,-0.129271685567,-1
1569.05,-0.126982555755,-1
1562.65,-0.122903654509,-1
1561.65,-0.122263715943,-1
1572.4,-0.1291474607,-1
1562.2,-0.122660561692,-1
1562.0,-0.122532537111,-1
1566.25,-0.12525340779,-1
1560.0,-0.121262984805,-1
1552.0,-0.116134779677,-1
1559.65,-0.121063903388,-1
1554.65,-0.117858055922,-1
1550.0,-0.114867029003,-1
1556.15,-0.118834770939,-1
1556.0,-0.118738379203,-1
1551.2,-0.115653546298,-1
1554.8,-0.117974330207,-1
1556.4,-0.11900340147,-1
1559.0,-0.120673923187,-1
1558.0,-0.120032486369,-1
1560.15,-0.121412460695,-1
1577.0,-0.132212704261,-1
1577.0,-0.132212704261,-1
1581.7,-0.135193046683,-1
1575.0,-0.13095709802,-1
1572.95,-0.129655510719,-1
1574.6,-0.130704495111,-1
1577.0,-0.12918029849,1
1556.75,-0.142021135522,1
1554.65,-0.14337009971,1
1552.55,-0.144720886061,1
1549.0,-0.14700744688,1
1545.25,-0.149428363601,1
1537.35,-0.154540804953,1
1545.0,-0.159516900182,-1
1543.3,-0.158416576558,-1
1545.0,-0.159518112228,-1
1539.35,-0.155861154299,-1
1530.0,-0.14978716203,-1
1529.85,-0.149689122814,-1
1535.2,-0.15318619769,-1
1545.0,-0.159569730781,-1
1545.0,-0.159569730781,-1
1547.0,-0.160864229163,-1
1546.5,-0.160541022957,-1
1547.95,-0.161478623992,-1
1542.85,-0.158183943931,-1
1546.3,-0.160420065394,-1
1538.1,-0.155117084084,-1
1546.5,-0.160578367486,-1
1569.0,-0.175127349057,-1
1571.4,-0.176656985768,-1
1578.05,-0.180888880894,-1
1590.1,-0.188524887357,-1
1595.85,-0.192141012129,-1
1598.0,-0.190793767714,1
1592.0,-0.194548461081,1
1595.45,-0.192381375654,1
1590.0,-0.195797339802,1
1586.0,-0.198313063072,1
1596.05,-0.191976366981,1
1595.5,-0.192320967714,1
1576.45,-0.204260798489,1
1584.0,-0.199471556838,1
1594.05,-0.193126859868,1
1586.0,-0.198176889667,1
1590.05,-0.19562329572,1
1587.45,-0.197258464425,1
1582.35,-0.200471164038,1
1576.5,-0.204168196932,1
1572.5,-0.206705463027,1
1580.0,-0.20193598767,1
1585.3,-0.19858155729,1
1589.0,-0.196247614188,1
1584.25,-0.199236915635,1
1580.15,-0.201824891018,1
1585.85,-0.198217638542,1
1586.05,-0.198091523209,1
1582.95,-0.200046064365,1
1588.0,-0.196855818305,1
1586.0,-0.195596372462,-1
1583.95,-0.194303812563,-1
1583.0,-0.193704046156,-1
1583.7,-0.194146244513,-1
1584.0,-0.19433567433,-1
1585.0,-0.194966987461,-1
1585.0,-0.194966987461,-1
1590.5,-0.198437019007,-1
1590.9,-0.198688512248,-1
1588.3,-0.197054217195,-1
1590.25,-0.198281944954,-1
1588.0,-0.199696816829,1
1586.1,-0.200893290381,1
1589.45,-0.198781191522,1
1585.1,-0.201517987269,1
1585.75,-0.201107918504,1
1589.6,-0.198680045258,1
1590.1,-0.198365500718,1
1592.0,-0.197170607315,1
1590.0,-0.198426888722,1
1607.5,-0.187420599414,1
1604.2,-0.189473476552,1
1608.45,-0.186824180953,1
1599.85,-0.192170943364,1
1604.5,-0.189264420878,1
1600.75,-0.191601597569,1
1600.1,-0.192007657228,1
1604.1,-0.189507813468,1
1601.05,-0.191409191188,1
1601.05,-0.191409191188,1
1598.65,-0.192908207458,1
1601.15,-0.191344387986,1
1608.75,-0.186597799596,1
1604.95,-0.188959881958,1
1603.8,-0.189676415184,1
1601.9,-0.190861101553,1
1604.05,-0.189518945364,1
1603.25,-0.190017682934,1
1605.0,-0.188926150111,1
1603.7,-0.189736118958,1
1604.2,-0.189424339947,1
1607.5,-0.187367239835,1
1608.65,-0.186651843256,1
1607.4,-0.187428892335,1
1610.25,-0.185655842689,1
1609.2,-0.186307915349,1
1618.0,-0.180839359545,1
1616.9,-0.181519211213,1
1612.8,-0.184054927708,1
1613.0,-0.183930919771,1
1611.55,-0.184829865835,1
1615.0,-0.182689069707,1
1610.1,-0.185723125434,1
1605.0,-0.188890630558,1
1600.95,-0.191413995044,1
1607.0,-0.187634988829,1
1613.0,-0.183901323614,1
1642.0,-0.16592240235,1
1643.2,-0.165191586272,1
1646.55,-0.163152881306,1
1642.65,-0.165521470173,1
1643.95,-0.16473006604,1
1637.0,-0.168957688534,1
1638.95,-0.167766485113,1
1640.0,-0.167125831036,1
1645.8,-0.16358924567,1
1644.05,-0.164652558345,1
1643.0,-0.165291225052,1
1640.0,-0.167117153232,1
1646.7,-0.163031787379,1
1633.5,-0.171047819443,1
1636.7,-0.169088835666,1
1638.0,-0.16829455449,1
1644.7,-0.1642042004,1
1645.05,-0.163991395633,1
1645.5,-0.163717847716,1
1642.45,-0.165571387674,1
1641.95,-0.165875810944,1
1642.65,-0.165449488583,1
1645.1,-0.163957996178,1
1642.2,-0.165720806949,1
1643.0,-0.165233655567,1
1667.2,-0.15050450158,1
1673.6,-0.146665729987,1
1668.35,-0.149802680274,1
1662.15,-0.153518926865,1
1661.35,-0.1540002312,1
1659.95,-0.154842919375,1
1660.95,-0.154240491591,1
1670.0,-0.148791802588,1
1668.4,-0.14974988642,1
1663.05,-0.152956551488,1
1667.75,-0.15013041878,1
1669.1,-0.149320944938,1
1670.0,-0.148781732189,1
1677.85,-0.144081133387,1
1676.0,-0.14518373493,1
1656.95,-0.156550083379,1
1653.0,-0.158933981505,1
1652.6,-0.159175965776,1
1642.9,-0.165045504684,1
1638.05,-0.167997601586,1
1637.5,-0.168333366673,1
1639.9,-0.166867717818,1
1643.95,-0.164398055034,1
1643.8,-0.164489298685,1
1644.0,-0.164610967987,-1
1627.65,-0.154665712513,-1
1631.5,-0.157031085904,-1
1619.6,-0.149737184586,-1
1621.0,-0.150601595552,-1
1624.25,-0.152606530777,-1
1625.0,-0.153068282355,-1
1625.65,-0.153468282355,-1
1623.75,-0.152299519091,-1
1625.0,-0.153069342031,-1
1628.0,-0.154915495878,-1
1622.7,-0.151659967622,-1
1627.75,-0.154772064744,-1
1630.95,-0.156737968599,-1
1620.0,-0.150024090185,-1
1619.1,-0.149468534629,-1
1619.3,-0.149592060045,-1
1623.5,-0.152185773377,-1
1622.15,-0.151354236574,-1
1629.0,-0.155577027315,-1
1623.3,-0.152077948125,-1
1624.4,-0.15275558011,-1
1625.9,-0.153678997987,-1
1623.7,-0.15232590124,-1
1625.05,-0.153157335619,-1
1633.35,-0.158264870771,-1
1642.65,-0.163958690222,-1
1632.0,-0.157475264051,-1
1632.2,-0.157597813071,-1
1633.95,-0.158669985599,-1
1640.45,-0.154691895694,1
1634.35,-0.158410387571,1
1633.5,-0.158930472008,1
1639.75,-0.155104331819,1
1636.0,-0.157391265802,1
1637.7,-0.156352145998,1
1641.45,-0.154062349332,1
1638.95,-0.155585392982,1
1639.1,-0.155493870971,1
1651.2,-0.148111771038,1
1651.0,-0.148232895069,1
1650.85,-0.148323749097,1
1651.95,-0.147657425688,1
1652.5,-0.147324485829,1
1659.3,-0.143209508522,1
1662.6,-0.141220718068,1
1665.5,-0.139476462084,1
1666.5,-0.138876041789,1
1665.0,-0.139776131798,1
1659.0,-0.143379735402,1
1655.9,-0.145248330942,1
1655.0,-0.145791842023,1
1652.45,-0.147332627522,1
1656.25,-0.1450330118,1
1657.5,-0.144278294818,1
1658.95,-0.143403483355,1
1659.6,-0.143011669256,1
1655.0,-0.145783421486,1
1648.65,-0.149620279492,1
1648.75,-0.149559623804,1
1640.1,-0.154806022591,1
1639.1,-0.15541574151,1
1645.0,-0.151816205179,1
1646.8,-0.150721980255,1
1647.0,-0.150600532599,1
1648.4,-0.149750502241,1
1641.35,-0.145473627696,-1
1642.0,-0.145869643171,-1
1641.5,-0.145565136472,-1
1643.0,-0.146478934827,-1
1644.0,-0.147087577554,-1
1644.45,-0.147361300181,-1
1644.0,-0.147087652457,-1
1649.45,-0.150402737615,-1
1645.0,-0.147704868629,-1
1649.8,-0.150622801759,-1
1652.0,-0.151956296729,-1
1648.5,-0.149837652661,-1
1646.0,-0.148321122482,-1
1644.1,-0.147166808995,-1
1640.55,-0.145007572938,-1
1644.1,-0.147171481384,-1
1647.55,-0.149269893889,-1
1646.85,-0.148845020592,-1
1647.95,-0.149512962421,-1
1646.0,-0.148329674093,-1
1647.1,-0.148997960848,-1
1646.75,-0.149210455536,1
1650.0,-0.147236871203,1
1656.05,-0.143570204537,1
1663.85,-0.138860201819,1
1673.25,-0.133210654084,1
1672.0,-0.13395770324,1
1675.0,-0.132163444866,1
1685.25,-0.126044041881,1
1691.1,-0.122572746821,1
1689.9,-0.123282344125,1
1687.0,-0.124998421999,1
1689.05,-0.123783247133,1
1679.9,-0.129200493514,1
1674.0,-0.13271260733,1
1704.95,-0.11422395739,1
1708.45,-0.112171111265,1
1713.5,-0.10921521557,1
1711.95,-0.110119796837,1
1712.5,-0.109798525771,1
1718.0,-0.106586846939,1
1715.0,-0.10833306347,1
1717.95,-0.106612946852,1
1715.15,-0.108242796382,1
1716.55,-0.107426541244,1
1715.05,-0.108300387039,1
1705.0,-0.114160274506,1
1705.1,-0.11410162348,1
1699.0,-0.117679126266,1
1694.15,-0.120533746631,1
1690.2,-0.122865299327,1
1684.4,-0.126296845889,1
1688.25,-0.124011165528,1
1690.0,-0.122974589192,1
1685.1,-0.125873997476,1
1675.7,-0.131452301434,1
1665.55,-0.137509471572,1
1663.5,-0.136278646919,-1
1670.4,-0.140426527893,-1
1676.0,-0.143779018315,-1
1685.2,-0.149268278458,-1
1690.0,-0.152116605066,-1
1670.5,-0.140578143527,-1
1667.85,-0.138991792136,-1
1665.6,-0.137642749956,-1
1665.0,-0.137282519408,-1
1664.5,-0.136982219108,-1
1659.15,-0.133768040676,-1
1664.3,-0.136872039711,-1
1664.95,-0.137262594299,-1
1664.8,-0.137172501503,-1
1657.5,-0.132787590403,-1
1662.1,-0.135562854355,-1
1620.5,-0.11053427605,-1
1601.7,-0.0989329184444,-1
1603.65,-0.100150374897,-1
1605.0,-0.100992204473,-1
1606.0,-0.101615257433,-1
1606.5,-0.101926589936,-1
1611.15,-0.104821081066,-1
1608.0,-0.102865955845,-1
1608.0,-0.102865955845,-1
1608.9,-0.103425657337,-1
1608.05,-0.102897346068,-1
1616.2,-0.107965596434,-1
1599.9,-0.0978802109617,-1
1625.8,-0.114068722744,-1
1623.3,-0.112531018229,-1
1624.85,-0.113485863298,-1
1623.75,-0.11280887773,-1
1624.55,-0.113301564412,-1
1624.8,-0.113455453181,-1
1625.0,-0.113578545254,-1
1624.75,-0.1134246991,-1
1625.2,-0.113701664787,-1
1627.0,-0.11480922078,-1
1627.15,-0.114901415003,-1
1630.35,-0.116868043771,-1
1633.0,-0.118493461626,-1
1616.25,-0.10823626628,-1
1611.1,-0.105049878035,-1
1609.65,-0.105949884242,1
1612.5,-0.104179313,1
1614.75,-0.102783964163,1
1614.0,-0.103248432347,1
1614.0,-0.103248432347,1
1622.8,-0.0977961399058,1
1621.45,-0.0986280353951,1
1618.7,-0.100324048223,1
1629.0,-0.0939609173156,1
1617.9,-0.100774913632,1
1607.1,-0.107450233491,1
1609.7,-0.105832412572,1
1597.0,-0.0979427436894,-1
1599.1,-0.0992577092498,-1
1605.9,-0.10351010122,-1
1605.15,-0.103043073385,-1
1607.55,-0.104538260751,-1
1608.75,-0.10528473831,-1
1614.0,-0.108548141574,-1
1612.75,-0.107773668215,-1
1613.0,-0.107928682942,-1
1618.5,-0.111338478354,-1
1612.5,-0.107631342117,-1
1618.0,-0.11104219483,-1
1627.25,-0.116759129317,-1
1633.85,-0.120815051886,-1
1630.75,-0.118917692887,-1
1633.3,-0.117353995202,1
1640.8,-0.112762064754,1
1638.5,-0.114163819996,1
1635.55,-0.115964247216,1
1637.65,-0.114680275463,1
1641.0,-0.112634661321,1
1618.55,-0.126315343832,1
1627.65,-0.120693027561,1
1615.2,-0.128342092163,1
1620.9,-0.124813117423,1
1622.5,-0.123826011494,1
1620.0,-0.125366843544,1
1615.05,-0.128422399099,1
1616.65,-0.127431717696,1
1619.45,-0.125699741078,1
1620.15,-0.125267495562,1
1622.0,-0.124125625982,1
1621.15,-0.124649670372,1
1621.9,-0.124187035823,1
1622.0,-0.12412537974,1
1620.6,-0.124988511676,1
1622.85,-0.126376886352,-1
1624.0,-0.127085516232,-1
1623.1,-0.12653132904,-1
1620.0,-0.124621403588,-1
1620.35,-0.124837452971,-1
1627.95,-0.12952779765,-1
1630.8,-0.131278465668,-1
1621.0,-0.125269145089,-1
1620.05,-0.1246830871,-1
1627.0,-0.12897307815,-1
1625.8,-0.12823552437,-1
1630.0,-0.130818867954,-1
1620.55,-0.125021321942,-1
1609.6,-0.118264356714,-1
1607.5,-0.116959684746,-1
1608.25,-0.11649312176,1
1611.2,-0.118327413692,-1
1613.0,-0.119444593434,-1
1613.2,-0.119568585994,-1
1612.0,-0.118824722865,-1
1609.25,-0.11711876753,-1
1615.65,-0.121095775453,-1
1609.3,-0.117165468766,-1
1617.8,-0.122447268306,-1
1621.0,-0.124425263113,-1
1618.65,-0.12297554072,-1
1620.45,-0.124087578529,-1
1627.35,-0.128345654989,-1
1628.0,-0.128745077363,-1
1627.0,-0.128130826749,-1
1627.9,-0.128683992084,-1
1626.0,-0.127516844225,-1
1629.1,-0.12942336329,-1
1629.9,-0.128932294602,1
1628.0,-0.13009801029,1
1639.5,-0.123034128226,1
1628.0,-0.130048461864,1
1630.4,-0.12857426039,1
1631.1,-0.128144917897,1
1634.0,-0.126366976631,1
1644.05,-0.120216425835,1
1644.0,-0.120246838535,1
1645.05,-0.119608152404,1
1646.0,-0.119030662358,1
1645.1,-0.119577442431,1
1646.85,-0.11851367731,1
1646.95,-0.118452955326,1
1646.0,-0.119029779152,1
1645.55,-0.119303169188,1
1661.45,-0.10964074629,1
1657.2,-0.112198752851,1
1662.0,-0.109302301004,1
1668.55,-0.105361266107,1
1669.0,-0.105091570862,1
1670.9,-0.103953164631,1
1671.45,-0.103624000707,1
1671.0,-0.103893228025,1
1674.2,-0.101978207079,1
1671.55,-0.103561052617,1
1671.9,-0.10335166612,1
1675.0,-0.101497488238,1
1672.15,-0.103198980776,1
1665.15,-0.107385208088,1
1672.15,-0.103181382607,1
1667.0,-0.106261249844,1
1661.0,-0.109860529987,1
1660.9,-0.109920734683,1
1662.05,-0.109228338994,1
1661.2,-0.109739755618,1
1656.6,-0.112508838209,1
1658.0,-0.111663733779,1
1658.0,-0.111663733779,1
1658.0,-0.111663733779,1
1658.0,-0.111663733779,1
1673.0,-0.102616689146,1
1670.55,-0.104081124293,1
1666.0,-0.106804778179,1
1660.8,-0.109926026679,1
1666.5,-0.113358107604,-1
1666.45,-0.113328104603,-1
1666.5,-0.113358108504,-1
1664.65,-0.112247997493,-1
1666.15,-0.113149087812,-1
1665.0,-0.112458873846,-1
1664.45,-0.112128543515,-1
1657.0,-0.107652590498,-1
1660.0,-0.109463091403,-1
1661.35,-0.110276344415,-1
1659.45,-0.109132696177,-1
1657.0,-0.107656303397,-1
1650.0,-0.103431801284,-1
1650.0,-0.103431801284,-1
1645.25,-0.100553013405,-1
1646.75,-0.10146472895,-1
1651.5,-0.10434919836,-1
1653.7,-0.105681320673,-1
1648.6,-0.102597327204,-1
1654.05,-0.105903162458,-1
1659.0,-0.108895816851,-1
1652.95,-0.105249041686,-1
1654.5,-0.1061867591,-1
1655.95,-0.107063156803,-1
1655.85,-0.107002768506,-1
1654.95,-0.106459241013,-1
1657.0,-0.107697949131,-1
1651.55,-0.104408872487,-1
1657.0,-0.107708802855,-1
1654.3,-0.10607935204,-1
1657.9,-0.108255499051,-1
1655.8,-0.106988836406,-1
1650.5,-0.103787966735,-1
1645.25,-0.100607112449,-1
1644.9,-0.100394378822,-1
1643.0,-0.0992392934061,-1
1641.8,-0.0985089221341,-1
1640.6,-0.0977780170299,-1
1641.1,-0.0980827835787,-1
1639.35,-0.0970164256481,-1
1638.2,-0.0963149281033,-1
1639.95,-0.0973831737388,-1
1641.05,-0.0980539258959,-1
1638.3,-0.0963781695204,-1
1639.4,-0.0970495972198,-1
1654.0,-0.105955294426,-1
1640.05,-0.0975211952725,-1
1639.0,-0.0968809708891,-1
1639.05,-0.0969114772955,-1
1639.25,-0.0970334991984,-1
1638.35,-0.0964844676291,-1
1638.0,-0.0962708380628,-1
1638.05,-0.0963013630933,-1
1639.0,-0.09688132097,-1
1639.0,-0.09688132097,-1
1640.05,-0.0975219555033,-1
1639.0,-0.0968817311199,-1
1642.45,-0.0989866731577,-1
1641.3,-0.0982864996364,-1
1639.9,-0.0974335172444,-1
1638.75,-0.0967322549723,-1
1638.35,-0.0964881664903,-1
1640.05,-0.0975257958125,-1
1642.4,-0.0989586789563,-1
1644.65,-0.100328625376,-1
1646.0,-0.101149468717,-1
1642.5,-0.103275835667,1
1644.4,-0.102119062455,1
1643.0,-0.102970436817,1
1649.0,-0.0993185804564,1
1647.0,-0.100531436733,1
1661.45,-0.091757909107,1
1663.55,-0.0904939529241,1
1662.05,-0.0913956390772,1
1658.0,-0.0938323888742,1
1663.4,-0.0905754528066,1
1667.9,-0.0878701504139,1
1663.6,-0.0904482426257,1
1661.1,-0.0919510077135,1
1665.3,-0.0894225627071,1
1663.05,-0.0907736706156,1
1663.75,-0.0903527572336,1
1659.0,-0.093207753477,1
1648.65,-0.0994464514879,1
1653.45,-0.0965349784645,1
1650.85,-0.0981074481491,1
1649.55,-0.098894921269,1
1649.35,-0.0990161664571,1
1650.5,-0.0983189220881,1
1655.0,-0.0955924755567,1
1667.45,-0.0880698169464,1
1660.6,-0.0921778861539,1
1653.85,-0.0962426820108,1
1676.1,-0.0827892249258,1
1672.25,-0.0850862239116,1
1670.0,-0.0864317165114,1
1658.65,-0.093228123697,1
1652.7,-0.0968153783921,1
1662.0,-0.0911882228285,1
1659.35,-0.0927826873291,1
1660.75,-0.0919389834691,1
1659.7,-0.0913067390013,-1
1661.65,-0.0924816501298,-1
1664.75,-0.0906160346271,1
1660.55,-0.0931389359637,1
1663.25,-0.0915129686637,1
1659.9,-0.093527097628,1
1660.0,-0.093466853035,1
1672.0,-0.0862379373723,1
1671.1,-0.0867762148843,1
1676.05,-0.0838140941255,1
1679.2,-0.0819346752538,1
1693.0,-0.0737164761113,1
1690.0,-0.075488478474,1
1692.6,-0.0739500169355,1
1692.0,-0.074304501161,1
1688.9,-0.0761366524612,1
1691.75,-0.0744491635631,1
1691.0,-0.074892491478,1
1680.0,-0.0813975180895,1
1677.45,-0.0829153752323,1
1684.6,-0.0786529531035,1
1685.0,-0.0784155080127,1
1684.9,-0.0784748551937,1
1686.95,-0.0772581657759,1
1705.0,-0.0665583821427,1
1694.5,-0.072716739914,1
1697.0,-0.0712413784504,1
1688.8,-0.0760734350209,1
1684.5,-0.0786196216623,1
1682.4,-0.0798662823924,1
1681.0,-0.0806984269478,1
1674.7,-0.0844461961329,1
1665.0,-0.0902382782968,1
1665.0,-0.0902382782968,1
1665.0,-0.0902382782968,1
1667.7,-0.0886166566752,1
1672.9,-0.0917347234738,-1
1676.65,-0.0939763398286,-1
1674.5,-0.0926940209189,-1
1668.0,-0.0888122651709,-1
1673.5,-0.0921096272812,-1
1676.4,-0.0938425224112,-1
1675.0,-0.0930073995288,-1
1671.15,-0.0907088920661,-1
1676.1,-0.0936709241997,-1
1671.35,-0.0908369644121,-1
1684.3,-0.0985851918929,-1
1686.7,-0.100010116194,-1
1685.55,-0.0993283114863,-1
1680.0,-0.0960356177069,-1
1681.45,-0.096898712945,-1
1682.6,-0.0975826464547,-1
1682.05,-0.0972557713804,-1
1685.0,-0.0990095836928,-1
1683.75,-0.0982677439302,-1
1682.0,-0.0993070906265,1
1671.5,-0.105549658998,1
1680.95,-0.0998960544507,1
1675.9,-0.102900307998,1
1672.25,-0.105078242242,1
1677.95,-0.101669660989,1
1678.2,-0.101520669661,1
1680.6,-0.100090565978,1
1677.3,-0.102054150412,1
1678.2,-0.101517573771,1
1676.5,-0.10253056388,1
1681.8,-0.0993692158331,1
1684.05,-0.098031363532,1
1690.0,-0.0944982142787,1
1699.0,-0.0891727704917,1
1695.8,-0.0910562313511,1
1699.65,-0.0887859164554,1
1696.0,-0.0909334174115,1
1696.85,-0.0904322381662,1
1686.15,-0.0967380400933,1
1685.0,-0.0974200671965,1
1688.25,-0.0954912838137,1
1693.55,-0.0923519383376,1
1693.95,-0.0921157480864,1
1690.7,-0.0940343407249,1
1685.5,-0.0971099898643,1
1689.85,-0.0945291533173,1
1690.0,-0.0944403880423,1
1693.0,-0.0926652401133,1
1689.0,-0.0950279099301,1
1687.95,-0.0956495795571,1
1692.0,-0.0932502193865,1
1688.7,-0.0952005739965,1
1684.05,-0.0979541714383,1
1674.0,-0.10392192774,1
1676.55,-0.102398630249,1
1679.0,-0.100937295961,1
1683.0,-0.10331966642,-1
1694.5,-0.110152702665,-1
1699.95,-0.113368990655,-1
1684.9,-0.104515789091,-1
1698.05,-0.112320406575,-1
1693.0,-0.109346406988,-1
1692.0,-0.108755739533,-1
1696.0,-0.111119805727,-1
1687.95,-0.106373343463,-1
1681.0,-0.102255922923,-1
1682.15,-0.102940039521,-1
1678.2,-0.100591854163,-1
1675.0,-0.0986850492525,-1
1673.9,-0.0980283328346,-1
1676.75,-0.0997309435043,-1
1674.0,-0.0980908659733,-1
1671.05,-0.0963286198563,-1
1677.8,-0.100367996296,-1
1675.0,-0.098699144228,-1
1672.05,-0.0969379501982,-1
1668.0,-0.0945157738279,-1
1667.55,-0.0942459896552,-1
1664.5,-0.0924169590414,-1
1669.7,-0.0955410203211,-1
1670.05,-0.0957506388154,-1
1665.5,-0.0930261694882,-1
1674.7,-0.0985500361949,-1
1670.0,-0.0957435633938,-1
1677.1,-0.0999950603997,-1
1683.45,-0.103781358176,-1
1683.0,-0.103514049969,-1
1679.0,-0.10113734171,-1
1684.0,-0.104115304783,-1
1677.45,-0.10022575609,-1
1672.6,-0.0973344627578,-1
1672.35,-0.0971849948635,-1
1677.6,-0.100324289868,-1
1677.0,-0.0999666360764,-1
1678.5,-0.100861090459,-1
1681.2,-0.0992525113707,1
1686.0,-0.0963974078732,1
1682.0,-0.098769887114,1
1683.75,-0.0977294590522,1
1683.75,-0.0977294590522,1
1681.6,-0.0990063707077,1
1678.5,-0.100849853105,1
1665.35,-0.108684229036,1
1677.9,-0.101148275633,1
1680.0,-0.0998967111776,1
1679.5,-0.100194330225,1
1680.0,-0.0998966225741,1
1680.0,-0.0998966225741,1
1675.0,-0.10287281305,1
1667.85,-0.107141469767,1
1667.3,-0.107471235633,1
1666.75,-0.107141360985,-1
1666.25,-0.106841375985,-1
1666.25,-0.106841375985,-1
1667.8,-0.107771608543,-1
1669.0,-0.108491119275,-1
1667.55,-0.107622335573,-1
1669.05,-0.108521858825,-1
1672.1,-0.110349245662,-1
1673.6,-0.111246321196,-1
1672.1,-0.110350049685,-1
1689.65,-0.12084583343,-1
1694.75,-0.123864210017,-1
1697.75,-0.125634382609,-1
1700.0,-0.126959666072,-1
1699.95,-0.126989077837,1
1697.55,-0.128400884067,1
1697.9,-0.128194704573,1
1700.35,-0.126751745623,1
1700.0,-0.126957585598,1
1699.5,-0.127251703245,1
1699.5,-0.127251703245,1
1699.0,-0.127545907422,1
1700.0,-0.126957325904,1
1724.65,-0.112457325904,1
1730.0,-0.109355247221,1
1729.8,-0.109470854158,1
1730.15,-0.109268518627,1
1727.5,-0.110800177732,1
1727.65,-0.110713347052,1
1726.75,-0.1112342859,1
1724.1,-0.112768960867,1
1719.95,-0.115176013822,1
1717.0,-0.116891179961,1
1715.4,-0.117823037852,1
1719.0,-0.115724401966,1
1731.45,-0.108481819069,1
1721.1,-0.11445946786,1
1723.6,-0.11300690845,1
1724.5,-0.112484745536,1
1723.45,-0.113093617673,1
1720.6,-0.114747277483,1
1725.5,-0.111899433707,1
1725.5,-0.111899433707,1
1725.0,-0.112189204788,1
1724.5,-0.112479059861,1
1724.9,-0.11224710857,1
1722.0,-0.113928365455,1
1729.0,-0.109863324804,1
1735.1,-0.106335273908,1
1734.4,-0.106738708869,1
1735.0,-0.106392767909,1
1741.0,-0.102934554653,1
1743.45,-0.101527317433,1
1752.5,-0.0963364602242,1
1758.0,-0.0931980864724,1
1758.1,-0.0931412036511,1
1756.0,-0.0943356749553,1
1756.5,-0.0940509369143,1
1755.0,-0.0949049078793,1
1765.55,-0.0888935118679,1
1760.55,-0.0917254905714,1
1757.0,-0.0937419058962,1
1765.0,-0.0891886901876,1
1780.0,-0.0806901066182,1
1790.0,-0.0750721290901,1
1776.9,-0.0823905648443,1
1777.55,-0.0820247592277,1
1779.6,-0.0808714864647,1
1779.95,-0.0806748130549,1
1779.45,-0.080955719822,1
1781.05,-0.0800565655889,1
1780.0,-0.0806461054671,1
1780.0,-0.0806461054671,1
1786.0,-0.0772753189502,1
1793.0,-0.0733559460499,1
1796.0,-0.0716827725976,1
1791.8,-0.0740213026644,1
1787.5,-0.076421124073,1
1787.95,-0.0761693758213,1
1785.25,-0.0776794851644,1
1781.6,-0.0797240167426,1
1778.45,-0.0814920903843,1
1760.35,-0.0916694920543,1
1751.3,-0.0968105151463,1
1750.0,-0.097552820862,1
1702.0,-0.124981392291,1
1694.1,-0.120339794171,-1
1697.6,-0.122405787914,-1
1693.0,-0.119696080091,-1
1700.1,-0.123889819016,-1
1693.6,-0.120066514504,-1
1685.0,-0.114988574023,-1
1682.0,-0.113208158592,-1
1680.25,-0.11216773053,-1
1678.0,-0.110828644085,-1
1688.5,-0.117086093429,-1
1675.0,-0.109090831363,-1
1677.0,-0.110284861213,-1
1664.0,-0.102532923229,-1
1665.55,-0.103464413613,-1
1662.0,-0.101332985557,-1
1666.2,-0.103860061369,-1
1663.25,-0.10208956563,-1
1672.95,-0.107921521139,-1
1669.95,-0.106128281652,-1
1671.7,-0.107176217219,-1
1672.45,-0.10762486231,-1
1682.05,-0.113364944226,-1
1675.95,-0.109738417072,-1
