16934.95,0.0,0
16963.4,0.0,0
17038.95,0.0,0
17045.0,0.0,0
17120.0,0.0,0
17469.95,0.0,0
17405.05,0.0,0
17390.0,0.0,0
17475.0,0.0,0
17400.15,0.0,0
17367.7,0.0,0
17970.0,0.0,0
17818.4,0.0,0
17833.0,0.0,0
17820.15,0.0,0
17571.3,0.0,0
17580.0,0.0,0
17641.1,0.0,0
17669.95,0.0,0
17666.6,0.0,0
17673.05,0.0,0
17555.9,0.0,0
17515.0,0.0,0
17460.2,0.0,0
17634.3,0.0,0
17483.0,0.0,0
17436.45,0.0,0
17198.8,0.0,0
17204.9,0.0,0
17249.45,0.00258937860726,1
17239.1,0.00198935947621,1
17225.0,0.00117145134876,1
17195.0,-0.000570203223085,1
17198.85,-0.000794105520265,-1
17167.0,0.00105776248254,-1
17147.05,0.00221987583956,-1
17290.9,-0.00616932230239,-1
17356.15,-0.00994298359244,-1
17450.0,-0.015350288784,-1
17461.0,-0.0159806612768,-1
17473.0,-0.016667907139,-1
17446.4,-0.0151455583723,-1
17420.35,-0.0136524136548,-1
17400.0,-0.0124842396514,-1
17400.0,-0.0124842396514,-1
17349.55,-0.00958481436406,-1
17340.0,-0.00903436781069,-1
17435.15,-0.0145216803828,-1
17480.0,-0.0170940700668,-1
17255.0,-0.00422221651993,-1
17268.0,-0.00497562133013,-1
17273.4,-0.00528833849482,-1
17269.0,-0.00503361157366,-1
17104.8,0.00447475602145,-1
17129.95,0.00300440851666,-1
17191.45,-0.000585794607112,-1
17183.35,-0.00105695905223,1
17198.7,-0.000163652450198,1
17120.0,0.00441227480012,-1
17098.0,0.00569732152909,-1
17069.4,0.0073700317876,-1
17278.85,-0.00490046395332,-1
17248.65,-0.00315266245032,-1
17219.7,-0.00147427022832,-1
17224.6,-0.00175882803131,-1
17220.15,-0.0015004766037,-1
17190.05,0.000247475649914,-1
17200.0,-0.000331347564678,-1
17268.0,-0.00428483593677,-1
17312.75,-0.00687633466274,-1
17285.0,-0.00527346972216,-1
17265.3,-0.00413375320495,-1
17205.7,-0.000681742524566,-1
17210.0,-0.000931659703176,-1
17038.05,0.00905962443395,-1
17197.0,-0.000269494802109,-1
17335.0,-0.00829415026527,-1
17385.05,-0.0111813726477,-1
17375.0,-0.0117594555408,1
17315.1,-0.0152069375552,1
17275.45,-0.0174968463631,1
17229.85,-0.0201364302813,1
17260.75,-0.0183430310352,1
17316.05,-0.0151392305051,1
17317.1,-0.0150785931196,1
17195.0,-0.0221294272662,1
17360.0,-0.0125336145299,1
17344.0,-0.0134552735161,1
17280.5,-0.0171164820032,1
17271.8,-0.0176199396578,1
17285.5,-0.0168267391807,1
17252.0,-0.0187647797349,1
17036.05,-0.0312821690231,1
17129.0,-0.0258260920569,1
17085.0,-0.0283948351242,1
17170.9,-0.0334226372899,-1
17125.05,-0.0307524219837,-1
17089.5,-0.028676515636,-1
17070.05,-0.0275383898863,-1
17124.95,-0.0307545491828,-1
17205.5,-0.0354582125512,-1
17210.0,-0.0357197568248,-1
17057.9,-0.0268818718742,-1
16859.0,-0.015221585438,-1
16842.1,-0.0142191535026,-1
16882.1,-0.0165941542447,-1
16790.3,-0.0111564421118,-1
16918.0,-0.018762023906,-1
16981.3,-0.0225036009246,-1
17101.5,-0.0295819753718,-1
17105.55,-0.0298187967032,-1
16856.0,-0.0152299644237,-1
16799.25,-0.0118632107454,-1
16881.0,-0.016729499419,-1
16904.0,-0.0180919779452,-1
16881.0,-0.016731353241,-1
16913.75,-0.0186714041858,-1
16963.0,-0.0215832362751,-1
16982.5,-0.0227327970839,-1
16990.05,-0.023177372382,-1
16984.95,-0.022877196691,-1
17004.65,-0.0240370470291,-1
17020.0,-0.0249397412921,-1
16948.05,-0.0207123617386,-1
16980.0,-0.0225975343691,-1
17017.05,-0.0247795131677,-1
16930.0,-0.0196640554356,-1
16887.0,-0.0171241853824,-1
16911.35,-0.0185661229676,-1
16925.0,-0.0193732731951,-1
16837.9,-0.0142270398125,-1
16945.7,-0.0206292633677,-1
16972.0,-0.019077247222,1
16952.25,-0.0202409285795,1
16585.95,-0.041848679763,1
16283.0,-0.0235832201421,-1
16097.35,-0.0121817584949,-1
15737.05,0.0102008075796,-1
15742.95,0.00982589614448,-1
15820.0,0.00493164189098,-1
15862.3,0.0022578112968,-1
15725.0,0.0109135547892,-1
15720.05,0.0112283401628,-1
15771.15,0.00797771436967,-1
15546.05,0.0222506114,-1
15770.0,0.00784502284214,-1
15646.2,0.0156953716056,-1
15502.5,0.0248797102949,-1
15250.0,0.0411674058279,-1
15263.05,0.0403116681229,-1
15280.0,0.0392011430313,-1
15208.9,0.0438542843926,-1
15300.05,0.0378610830433,-1
15298.9,0.0379362461964,-1
15400.0,0.0313279279513,-1
15708.0,0.0113279279513,-1
15800.0,0.00547103974147,-1
15782.55,0.00657547012122,-1
15850.0,0.00230176276721,-1
15715.0,0.0108191129249,-1
15875.0,0.000637757532003,-1
15306.55,0.0364456315478,-1
15386.95,0.0311929782719,-1
15439.4,0.0277842455471,-1
15402.95,0.030145088585,-1
15427.0,0.0285836993706,-1
15296.2,0.0370623407137,-1
15309.45,0.0361961125002,-1
15325.0,0.0351803999827,-1
15254.2,0.0398003021034,-1
15225.45,0.0416850289328,-1
15144.0,0.0470346245112,-1
15325.0,0.0350826963549,-1
15700.0,0.0106128758002,-1
15800.0,0.00424344904862,-1
15837.5,0.0018700313271,-1
15780.05,-0.0017574351291,1
15800.0,-0.000493180579839,1
15750.0,-0.00365773754186,1
15721.55,-0.00546408674821,1
15646.05,-0.0102664122187,1
15651.25,-0.00993405996362,1
15835.0,0.00180621637213,1
15816.0,0.000606342674626,1
15771.85,-0.00218513431071,1
15480.0,-0.0206896217361,1
15775.0,-0.00163277419087,1
15858.0,0.00362871550802,1
15900.9,0.0063339746832,1
16240.2,0.0276723894899,1
16235.7,0.0273952993063,1
16319.0,0.032525968141,1
16339.2,0.0337637890859,1
16317.15,0.0324142738098,1
16365.0,0.0353467712128,1
16375.0,0.0359578314023,1
16418.0,0.0385837856007,1
16490.0,0.0429692162257,1
16549.9,0.0466017207739,1
16617.05,0.0506591471027,1
16666.0,0.0536049166587,1
16650.6,0.0526808796972,1
16600.0,0.0496419501691,1
16550.0,0.0466299019764,1
16590.4,0.0490709895897,1
16599.75,0.0496345685269,1
16589.85,0.0490381740029,1
16645.0,0.052362495802,1
16585.65,0.0487968604761,1
16606.0,0.0500238247495,1
16418.5,0.0387327251469,1
16265.8,0.029432240937,1
16280.0,0.0303052382688,1
16311.0,0.032209415173,1
16288.55,0.0308330433994,1
16289.8,0.030909784423,1
16333.9,0.0336169999812,1
16397.45,0.0375076813249,1
16371.1,0.0359007241456,1
16370.0,0.0358335325702,1
16330.8,0.0382281568829,-1
16310.15,0.0394926387209,-1
16332.1,0.0381468509753,-1
16180.0,0.0474597990958,-1
16269.8,0.0419097372911,-1
16102.0,0.052223324428,-1
15997.95,0.0586852546231,-1
16047.85,0.055566104982,-1
16014.15,0.0576660747599,-1
15975.0,0.0601107877169,-1
15959.9,0.0610560146339,-1
15961.3,0.0609682947861,-1
16000.1,0.0585374150958,-1
15993.95,0.0589217876935,-1
15989.8,0.0591812608067,-1
15935.0,0.0626084456371,-1
16162.75,0.0483160076076,-1
16102.4,0.0520499019016,-1
15976.9,0.0598437711384,-1
16102.0,0.0520137164971,-1
16170.4,0.0477657969839,-1
16205.0,0.0456260849175,-1
16207.1,0.0454964952846,-1
16181.15,0.0470976453978,-1
16237.1,0.0436399183513,-1
16235.1,0.0437630930561,-1
16298.9,0.0398333359249,-1
16295.3,0.0400542097262,-1
16625.0,0.0198213818556,-1
16681.15,0.0231988254647,1
16681.95,0.0232467837889,1
16706.65,0.0247274260399,1
16762.95,0.0280973416125,1
16922.5,0.0376153560431,1
16933.7,0.0382771967877,1
16926.9,0.0378756306799,1
16931.95,0.0381739723727,1
16951.95,0.0393551712304,1
17044.0,0.0447852250001,1
17052.2,0.0452663327213,1
17083.35,0.0470930764845,1
17315.9,0.0607057461307,1
17220.0,0.055167483609,1
17128.0,0.0498248587542,1
17129.6,0.0499182730465,1
17114.9,0.0490601094,1
17243.0,0.0565448157085,1
17225.0,0.0555009138353,1
17275.0,0.058403671455,1
17323.6,0.0612169854927,1
17293.2,0.0594621539334,1
17289.7,0.0592597622419,1
17318.0,0.0608965749107,1
17130.0,0.0500408178949,1
17212.65,0.0548656865464,1
17100.0,0.0483210812706,1
16931.65,0.0384760520308,1
16882.1,0.0355495800095,1
16890.65,0.0360560335905,1
16936.0,0.0387409509856,1
16895.7,0.0363614044575,1
16900.0,0.0366159070824,1
16900.0,0.0366159070824,1
16900.0,0.0366159070824,-1
16932.8,0.0346750786801,-1
16635.0,0.0522622467799,-1
16969.85,0.0321330012133,-1
16944.5,0.0336268270279,-1
17044.7,0.0277134037932,-1
17000.0,0.0303359198833,-1
17005.0,0.0300418022362,-1
17000.0,0.0303358334035,-1
17049.0,0.0274534804623,-1
17279.0,0.0139629531587,-1
17172.4,0.0201322916621,-1
17137.05,0.022190827452,-1
17128.55,0.0226868288058,-1
16963.9,0.0322994346598,-1
17050.0,0.0272239508383,-1
17165.0,0.0204790828031,-1
17196.65,0.0186352144664,-1
17349.1,0.027500313192,1
17204.95,0.0191915248399,1
17197.75,0.0187730406246,1
17248.0,0.0216949344769,1
17911.0,0.060134173809,1
18175.15,0.0748820940815,1
18379.0,0.0860979574994,1
18192.05,0.0759260221384,1
18020.0,0.0664685943059,1
18100.05,0.0709108806544,1
18416.9,0.0884163571586,1
18375.0,0.086141272861,1
18395.65,0.0872650823849,1
18444.4,0.0899151654208,1
18453.0,0.0903814316046,1
18421.0,0.0886472962336,1
18400.0,0.0875072929765,1
18436.5,0.0894909886286,1
18488.9,0.0923331766795,1
18765.0,0.107266460974,1
18849.95,0.111793506005,1
18578.0,0.097366412034,1
18320.0,0.0834790183425,1
18320.05,0.0834817476002,1
18270.0,0.0807497681569,1
18254.9,0.0799232766407,1
18215.0,0.0777375621203,1
18019.6,0.0670101396662,1
18036.5,0.0679480073215,1
18042.45,0.0682778939403,1
18170.05,0.0753501041999,1
18225.3,0.0783908223047,1
18122.95,0.0727750025377,1
18217.0,0.0779645550112,1
18183.0,0.0798309435494,-1
18199.95,0.0788987541417,-1
18025.0,0.0885114179128,-1
17873.0,0.096944150229,-1
17900.05,0.095430694178,-1
17901.0,0.0953776217005,-1
17980.0,0.0909644604246,-1
17991.9,0.0903026139285,-1
17937.35,0.093334533848,-1
17950.0,0.0926293014698,-1
17895.0,0.0956933683222,-1
17936.95,0.0933491380902,-1
17945.65,0.0928641057966,-1
17859.0,0.0976925739769,-1
17790.05,0.101553372454,-1
17820.0,0.0998698471124,-1
17799.9,0.10099779324,-1
17742.0,0.104250620503,-1
17710.05,0.106051432137,-1
17794.9,0.101260367177,-1
17744.05,0.104117927489,-1
17730.55,0.104878745904,-1
17690.0,0.107165758997,-1
17646.95,0.10959933729,-1
17678.95,0.107785992774,-1
17620.05,0.111117638602,-1
17788.0,0.101585883584,-1
17609.8,0.11160387324,-1
17469.1,0.119593742517,-1
17680.15,0.107512410337,-1
17678.95,0.107580283064,-1
17539.9,0.115445569181,-1
17513.5,0.116950708891,-1
17687.05,0.107041210504,-1
17631.35,0.110190407233,-1
18179.4,0.0791065707709,-1
17992.05,0.0894121914185,-1
18007.45,0.0885562578256,-1
18010.0,0.0884146497689,-1
18524.95,0.0598222011293,-1
18573.0,0.0624160003028,1
18577.1,0.0626367508547,1
18635.55,0.0657830977011,1
18689.25,0.0686646869217,1
18716.5,0.0701227443611,1
18707.05,0.0696178422694,1
18716.1,0.070101617103,1
18691.0,0.0687605257431,1
18804.75,0.0748463424463,1
18875.2,0.0785927363096,1
18786.9,0.0739146401835,1
18761.25,0.0725493271196,1
18814.4,0.0753822940061,1
18804.95,0.0748800191528,1
18849.25,0.0772357818642,1
18774.7,0.0732807173391,1
18799.7,0.0746122965388,1
18768.85,0.072971312906,1
18799.65,0.0746123298037,1
18798.0,0.0745245622123,1
18782.05,0.0736760676916,1
18769.75,0.0730211871008,1
18705.45,0.0695954621977,1
18675.0,0.0679675943838,1
18604.9,0.0642139129916,1
18540.0,0.060725584648,1
18775.75,0.0734413343783,1
19139.95,0.0928386953359,1
19090.0,0.0902289706501,1
19010.1,0.0860435332483,1
18949.85,0.082874165386,1
18899.95,0.0802408991596,1
18939.55,0.0823361427978,1
18942.95,0.0825156613186,1
18974.2,0.0841653515727,1
18801.0,0.0750371669852,1
18885.9,0.0795528842343,1
18720.0,0.0707685530666,1
18753.2,0.0725420573401,1
18758.55,0.0728273419849,1
18706.1,0.0700312836541,1
18646.15,0.0668264467293,1
18670.0,0.0681055311515,1
18680.0,0.0686411497911,1
18678.0,0.0687482161722,-1
18650.0,0.0702473060105,-1
18570.0,0.0745368502465,-1
18680.0,0.068613317667,-1
18640.0,0.0707546452902,-1
18783.0,0.0630829714704,-1
18712.15,0.066854999368,-1
18742.85,0.0652143541188,-1
18756.9,0.0644647349307,-1
18650.05,0.0701613052594,-1
18459.9,0.0803569883809,-1
18500.0,0.0781847122581,-1
18515.35,0.0773549825284,-1
18500.0,0.0781840243774,-1
18510.0,0.0776434838369,-1
18594.2,0.0730945913463,-1
18637.7,0.0707551521664,-1
18729.2,0.065845748109,-1
18773.0,0.0635071538284,-1
18818.0,0.0611100942215,-1
18803.9,0.0618593768233,-1
18799.9,0.0620720986523,-1
18785.9,0.0628167834644,-1
18815.0,0.0643658175804,1
18820.0,0.0646315629963,1
18971.0,0.07265494238,1
18942.25,0.071139471398,1
18949.9,0.071543330496,1
18950.0,0.0715486075687,1
18880.0,0.0678546761703,1
18953.5,0.0717476846449,1
18946.1,0.0713572554365,1
18925.0,0.0702435697704,1
19016.55,0.0750810862829,1
18974.2,0.0728540787553,1
18980.8,0.0732019195074,1
18972.1,0.0727435615878,1
18968.95,0.0725775283074,1
18990.0,0.0736872365411,1
18959.1,0.0720600643452,1
18978.4,0.0730780451566,1
18990.0,0.0736892663343,1
18878.3,0.0678072231537,1
18884.95,0.068159479448,1
18867.0,0.0672089871247,1
18878.8,0.0678344177708,1
18839.0,0.0657262329285,1
18859.8,0.0668303255025,1
18848.5,0.066231167505,1
18950.85,0.0716613078345,1
19290.0,0.0895576027236,1
19280.6,0.0890703036049,1
19190.0,0.0843712797156,1
19040.0,0.0765547085848,1
19133.0,0.0814391623663,1
18953.9,0.0720783721087,1
18949.9,0.0718673337472,1
18947.4,0.0717354069296,1
18980.0,0.0734559596176,1
18969.4,0.0728974770043,1
18900.0,0.0692389532766,1
18911.0,0.0698209638586,1
18884.4,0.0684143751008,1
18903.45,0.0694231442436,1
18850.0,0.0665956180512,1
18773.2,0.0706698886083,-1
18925.0,0.0625838936793,-1
18981.0,0.0596248448022,-1
18826.0,0.0677909055998,-1
18836.75,0.067219886796,-1
18899.95,0.0638647432601,-1
18850.0,0.0665076073947,-1
18820.2,0.0680885092515,-1
18824.0,0.0678865985385,-1
18870.05,0.0654402534471,-1
18869.1,0.0654905977758,-1
18971.1,0.0600849345487,-1
18960.0,0.0606700350436,-1
18870.0,0.0654168704867,-1
18865.0,0.0656818413399,-1
18743.8,0.0721064371522,-1
18749.95,0.0717783286577,-1
18760.15,0.071234327207,-1
18751.5,0.0716954109403,-1
18740.0,0.0723086952109,-1
18797.5,0.069240392116,-1
18939.95,0.0616622567256,-1
19349.0,0.0400650508196,-1
19175.0,0.0490577636213,-1
19133.95,0.0469169552771,1
19014.95,0.0406976435302,1
18854.25,0.0322463985887,1
19264.0,0.0539788992185,1
19264.0,0.0539788992185,1
19264.0,0.0539788992185,1
19264.0,0.0539788992185,1
19257.0,0.0536155271255,1
19250.0,0.0532520229452,1
19271.2,0.0543533216465,1
19249.9,0.0532480453793,1
19220.0,0.0516947905572,1
19218.5,0.0516167468527,1
19199.95,0.050651531045,1
19179.7,0.0495968407985,1
19180.3,0.0496281238738,1
19260.75,0.0538225316776,1
19326.65,0.0572439976122,1
19302.0,0.0559685567055,1
19332.0,0.0575227997891,1
19330.5,0.0574452082311,1
19338.0,0.0578331961259,1
19285.95,0.0551416044411,1
19311.35,0.0564586253812,1
19340.0,0.0579422088697,1
19305.0,0.0561324880837,1
19325.0,0.0571684891197,1
19328.95,0.0573728875674,1
19350.15,0.0584696879626,1
19334.45,0.0576583247432,1
19339.45,0.0579169304962,1
19335.95,0.0577359532708,1
19325.95,0.057218781888,1
19323.75,0.0571049453108,1
19315.1,0.0566573096293,1
19330.0,0.0574287268107,1
19327.35,0.0572916342085,1
19333.0,0.0575839660595,1
19326.0,0.0572218908513,1
19325.0,0.0571701470864,1
19325.0,0.0571701470864,1
19166.5,0.0489683359609,1
19181.45,0.0497483427436,1
19229.3,0.0522429403887,1
19249.0,0.0532674186588,1
19258.0,0.0527998619026,-1
19286.75,0.0513069758293,-1
19267.15,0.0523232175497,-1
19250.15,0.0532055483563,-1
19260.0,0.0526938640317,-1
19275.05,0.0519124517783,-1
19250.0,0.0532120593021,-1
19253.6,0.053025046315,-1
19356.5,0.0476805912521,-1
19371.2,0.0469211564369,-1
19388.35,0.0460358215067,-1
19669.8,0.0315193721957,-1
19585.05,0.0272107366223,1
19617.95,0.0288905893672,1
19590.1,0.0274709711094,1
19650.15,0.0305362949209,1
19650.15,0.0305362949209,1
19600.05,0.0279866960629,1
19595.55,0.0277571048118,1
19600.0,0.0279841971874,1
19993.45,0.0480581767792,1
19963.1,0.0465401796352,1
19931.0,0.0449322129366,1
19890.0,0.042875115952,1
19883.65,0.0425558600445,1
19923.8,0.0445751070138,1
19934.55,0.045114662721,1
19921.7,0.0444700532365,1
19886.1,0.0426830571468,1
19900.0,0.0433820378419,1
19904.6,0.0436131936207,1
19881.85,0.0424702417403,1
19925.0,0.0446405629126,1
19947.0,0.0457447034396,1
19951.3,0.0459602747034,1
19930.0,0.0448926750984,1
19900.0,0.0433874066589,1
19883.7,0.0425683111815,1
19894.95,0.0431341012507,1
19883.7,0.0425686311188,1
19844.55,0.0405996816779,1
19830.0,0.0398664828903,1
19857.95,0.0412759634752,1
19839.95,0.0403695254995,1
19830.3,0.0398831331447,1
19770.0,0.0368423319465,1
19940.0,0.0454412191494,1
19995.25,0.0482120315867,1
20085.05,0.052703098215,1
20051.1,0.0510127862666,1
19949.9,0.0560598909142,-1
19974.95,0.0573155363059,1
20000.0,0.0585696070295,1
20027.9,0.0599646070295,1
20028.05,0.0599720965816,1
20024.9,0.0598148171659,1
20016.75,0.0594078238726,1
19975.45,0.0573445518629,1
20200.0,0.068585850557,1
20195.45,0.0683606030323,1
20186.45,0.0679149580974,1
20164.9,0.0668474103116,1
20160.15,0.0666118524859,1
19869.9,0.0522146381795,1
19877.0,0.0525719625747,1
19892.05,0.0533291190872,1
19900.0,0.0537287762367,1
19898.7,0.0536634496035,1
19880.0,0.0527236897197,1
19850.05,0.0512171504843,1
19800.65,0.0487284917656,1
19751.55,0.0462487751906,1
19713.95,0.0481524232587,-1
19765.5,0.0455375236572,-1
19731.0,0.0472829892411,-1
19700.0,0.0488541209628,-1
19625.55,0.0526333087801,-1
19600.0,0.0539351831224,-1
19600.0,0.0539351831224,-1
19567.1,0.055613754551,-1
19560.0,0.0559766085253,-1
19566.0,0.055669860059,-1
19516.0,0.0582253133964,-1
19130.0,0.078003956561,-1
19148.0,0.0770630260853,-1
19088.0,0.0801965126113,-1
19002.25,0.0846888638268,-1
18881.0,0.0910696871503,-1
18850.45,0.0926877158564,-1
18817.35,0.0944436421075,-1
18760.0,0.0974913613666,-1
18806.0,0.0950393357803,-1
18761.95,0.0973816733321,-1
18825.0,0.09402114844,-1
18688.55,0.101269488413,-1
18695.0,0.100924357304,-1
18690.3,0.101175761422,-1
18520.0,0.110287439673,-1
18399.65,0.116785819802,-1
18222.0,0.126440894763,-1
18270.2,0.123795740554,-1
18201.0,0.127583329086,-1
18060.0,0.135330156183,-1
18073.75,0.134568805131,-1
18131.0,0.131401227844,-1
18154.5,0.130105105181,-1
18127.05,0.131617126994,-1
18045.05,0.136140753287,-1
18153.75,0.130116940662,-1
18150.0,0.130323509553,-1
18323.3,0.120775300187,-1
18222.3,0.126287407722,-1
18240.0,0.125316070405,-1
18154.35,0.130011794089,-1
18204.0,0.127276912366,-1
18126.0,0.131561684944,-1
18130.0,0.131341007464,-1
18124.35,0.131652645633,-1
18114.0,0.132223700595,-1
18279.05,0.123111963816,-1
18470.0,0.112665578474,-1
18530.0,0.109417067374,-1
18471.85,0.112555221719,-1
18425.2,0.115080686142,-1
18406.8,0.11607931845,-1
18406.95,0.116071169287,-1
18421.0,0.116834467933,1
18400.8,0.115737893371,1
18348.95,0.112920081102,1
18270.0,0.108617382582,1
18250.0,0.107522691833,1
18259.85,0.10806241786,1
18379.9,0.114636951605,1
18283.2,0.109375769553,1
18300.5,0.110321993408,1
18340.0,0.112480404381,1
18366.8,0.113941691186,1
18316.9,0.111224832506,1
18345.0,0.112758934892,1
18298.95,0.110248714124,1
18269.5,0.108639332164,1
18176.5,0.103548880866,1
18025.0,0.0952139428965,1
18104.45,0.0996217098868,1
18206.05,0.0940098299347,-1
18199.5,0.0943696004505,-1
18119.7,0.0987543362949,-1
18070.05,0.101494447886,-1
18065.9,0.101724109675,-1
18060.95,0.101998106542,-1
18054.9,0.102333083384,-1
18099.0,0.0998905331621,-1
18180.0,0.0954151477817,-1
18246.25,0.0917710333702,-1
18534.95,0.0759486041039,-1
18520.0,0.0767551884217,-1
18479.9,0.0789204152035,-1
18565.95,0.0742640047251,-1
18609.85,0.0766285484194,1
18580.0,0.0750245591341,1
18618.0,0.0770697690372,1
18552.45,0.0735489827014,1
18530.0,0.0723388999361,1
18497.0,0.0705580040915,1
18505.15,0.0709986160826,1
18519.05,0.0717497583322,1
18500.0,0.0707210878551,1
18420.0,0.0663967635307,1
18400.0,0.0653109872007,1
18397.7,0.0651859872007,1
18348.9,0.0625334817244,1
18360.0,0.0631384226201,1
18294.5,0.0595708844937,1
18230.2,0.0560561669557,1
18390.0,0.0648218414957,1
18323.0,0.061178557102,1
18348.6,0.0625757082236,1
18381.0,0.0643415105191,1
18361.1,0.0632588708368,1
18375.0,0.0640159060907,1
18408.6,0.0621873346621,-1
18501.0,0.0571679415524,-1
18642.95,0.0494953833123,-1
18744.65,0.0440402380697,-1
18687.05,0.0471131148639,-1
18737.05,0.0444374651493,-1
18735.0,0.0445468740477,-1
18750.0,0.0453475145601,1
18687.0,0.0419875145601,1
18687.65,0.0420222980994,1
18700.0,0.0426831623601,1
18679.75,0.0416002746595,1
18625.0,0.0386692932492,1
18550.55,0.0346719778129,1
18698.65,0.042655568596,1
18685.0,0.0419255693714,1
18636.0,0.0393031449668,1
18601.0,0.0374250595408,1
18759.95,0.045970299044,1
18700.0,0.042774661529,1
18695.2,0.042517977037,1
18700.05,0.0427774019161,1
18645.0,0.03983355952,1
18666.7,0.0409974104183,1
18689.0,0.0421920511422,1
18715.4,0.0436046467867,1
18663.0,0.0408048134943,1
19283.9,0.0740738484833,1
19055.0,0.0622038429347,1
19213.85,0.0705402375817,1
19170.0,0.0682580296952,1
19101.05,0.0646612639154,1
19042.25,0.0615828991134,1
19263.0,0.0731755417896,1
19405.0,0.0805471869124,1
19310.4,0.0756721547042,1
19061.1,0.0627620130189,1
19115.0,0.0655897616798,1
19098.95,0.0647501069583,1
19181.05,0.0690487725918,1
19235.0,0.0718614444737,1
19428.65,0.0819290296049,1
19380.0,0.0794249956139,1
19368.9,0.0788522401959,1
19390.0,0.0799416154315,1
19402.2,0.0805708057358,1
19403.65,0.0806455395289,1
19410.0,0.0809727975447,1
19440.0,0.0825183925988,1
19440.0,0.0825183925988,1
19468.95,0.0840075901297,1
19430.05,0.0820095368192,1
19535.25,0.0874238306578,1
19340.0,0.0774290775833,1
19249.9,0.0727703392172,1
19250.0,0.0727755340494,1
19182.65,0.0692768327507,1
19088.3,0.0643583256622,1
19109.85,0.0654872894778,1
19096.9,0.064809628481,1
18923.0,0.0557034384711,1
18945.45,0.0545170515345,-1
18867.6,0.0586262175876,-1
18770.05,0.0637964565157,-1
18832.4,0.0604746752738,-1
18719.0,0.0664962126243,-1
18888.4,0.0574465839048,-1
18890.0,0.05736187583,-1
18870.0,0.0584206370794,-1
18884.25,0.0576654701477,-1
18889.95,0.0573636313138,-1
18926.0,0.0554552091104,-1
19040.0,0.0494317493197,-1
19165.05,0.0428639972188,-1
19139.95,0.0441736729045,-1
19060.75,0.0483116147487,-1
19033.05,0.0497648629157,-1
19180.0,0.0420440824838,-1
19129.95,0.0446535715349,-1
19033.0,0.0497215408709,-1
18970.0,0.053031581327,-1
19051.1,0.0487564100038,-1
19100.0,0.046189629083,-1
19161.0,0.0429959118055,-1
19112.95,0.0404882138775,1
19049.5,0.0371684751663,1
18980.0,0.0335200854448,1
19030.0,0.0361544373942,1
18974.9,0.033259009123,1
18890.0,0.0287846772425,1
18800.0,0.0240202516205,1
18899.3,0.0293021665141,1
19030.0,0.0362177665628,1
18976.05,0.0333827691902,1
19050.0,0.0372797867465,1
19055.0,0.0375422539381,1
19054.0,0.037489774274,1
19019.85,0.035697499686,1
19015.0,0.0359524964394,-1
19025.1,0.0354213368286,-1
19022.95,0.035534345433,-1
19040.1,0.0346328028226,-1
19165.0,0.028072963326,-1
19222.95,0.0250492221311,-1
19076.0,0.0326937303881,-1
19107.65,0.0310345775259,-1
19068.2,0.0289699594279,1
19060.85,0.0285845009158,1
19022.2,0.0265567844184,1
19124.95,0.0319583678315,1
19047.5,0.0279086840414,1
19130.5,0.032266211276,1
19140.05,0.0327654141196,1
19197.0,0.0357408504429,1
19394.55,0.0460315208602,1
19398.95,0.0462583887174,1
19459.1,0.0493590720018,1
19473.35,0.0500913771958,1
19424.95,0.0476059291347,1
19495.0,0.0512121160232,1
19494.05,0.0511633855795,1
19495.05,0.0512146832832,1
19551.1,0.0540897720878,1
19562.7,0.0546830890878,1
19499.95,0.0514754541499,1
19560.05,0.0545575133347,1
19593.0,0.0562420693557,1
19577.4,0.0554458666303,1
19799.95,0.0668135661205,1
19925.2,0.0731393396704,1
19942.05,0.0739850024492,1
19927.95,0.0732779537757,1
19903.05,0.0720284524472,1
19913.1,0.0725334001813,1
19888.95,0.0713206306979,1
19892.05,0.0714764961408,1
19905.0,0.072127509988,1
19865.75,0.0701556436228,1
19899.95,0.0718771995671,1
19900.0,0.0718797121362,1
19907.9,0.0722766970608,1
19974.95,0.0756447067454,1
20186.3,0.0862254591378,1
20249.95,0.0893785877448,1
20280.4,0.0908822951614,1
20227.95,0.0882960542588,1
20164.35,0.0851518898724,1
20225.05,0.0881621530349,1
20192.0,0.0865280408819,1
20210.0,0.0874194830372,1
20250.0,0.089398701246,1
20250.05,0.0894011703818,1
20289.45,0.09134684459,1
20266.7,0.0902255722046,1
20436.25,0.0985915123922,1
20428.05,0.0981902646095,1
20389.95,0.0963251820392,1
20339.7,0.0938607326413,1
20404.9,0.0970662863122,1
20420.0,0.0978063046411,1
20420.0,0.0978063046411,1
20431.6,0.0983743751602,1
20450.0,0.0992749409505,1
20461.05,0.0998152832488,1
20547.5,0.104040384111,1
20460.0,0.0997819585119,1
20690.9,0.111067393507,1
20650.0,0.109090679106,1
20589.15,0.106143947871,1
20659.1,0.109541368357,1
20680.0,0.110553029078,1
20629.9,0.108130398517,1
20650.0,0.109104712498,1
20628.0,0.108039337196,1
20638.0,0.108524115167,1
20600.0,0.106682851479,1
20553.2,0.104411006819,1
20393.85,0.096657956199,1
20206.15,0.0874542011454,1
20200.0,0.0871498383647,1
20235.0,0.0888825116321,1
20214.2,0.0878545897146,1
20216.0,0.0879436360286,1
20270.0,0.0852724844655,-1
20337.85,0.081925173168,-1
20323.6,0.0826258372008,-1
20313.3,0.0831326371772,-1
20264.9,0.0855153125672,-1
20180.0,0.089704822508,-1
20156.1,0.0908891634397,-1
20133.25,0.092022815287,-1
20069.9,0.0951693514895,-1
20038.45,0.0967363747433,-1
19973.3,0.0999876242162,-1
19955.85,0.100861290561,-1
19974.0,0.0999517828224,-1
19967.95,0.100254676584,-1
19970.0,0.100152012064,-1
19974.6,0.0999216665461,-1
19970.85,0.100109404974,-1
19956.05,0.100850485098,-1
19935.0,0.101905303061,-1
19950.0,0.101152857613,-1
19991.0,0.0990977197683,-1
19960.1,0.100643415331,-1
19871.8,0.105067240863,-1
19888.75,0.104214273341,-1
19901.0,0.103598347253,-1
19880.0,0.104653570608,-1
19900.15,0.103639989119,-1
20015.0,0.0978686758377,-1
20279.95,0.0846311040166,-1
20250.0,0.0861079321153,-1
20221.0,0.0875400308807,-1
20160.0,0.0905566967232,-1
20150.0,0.0910527284692,-1
20165.05,0.0903058302062,-1
20142.25,0.0891751610533,1
20110.05,0.0875765313074,1
20105.05,0.0873278994045,1
20080.45,0.0861043262226,1
20110.0,0.0875759067898,1
20087.0,0.0864321971925,1
20098.55,0.087007195948,1
20100.0,0.0870793404559,1
20098.1,0.0869848130927,1
20079.2,0.0860444256929,1
20101.55,0.087157517848,1
20146.15,0.0893762522242,1
20143.55,0.0892471953076,1
20204.05,0.092250638097,1
20134.9,0.0888280569808,1
20152.0,0.0896773286434,1
20152.0,0.0896773286434,1
20138.7,0.0890173445228,1
20215.1,0.0928110352774,1
20243.25,0.0942035586881,1
20222.8,0.0931933454071,1
20151.95,0.0896898740777,1
20170.3,0.0906004559321,1
20250.0,0.0945518101509,1
20215.0,0.0928234150892,1
20189.85,0.0915792894399,1
20092.0,0.0867327947904,1
20101.05,0.0871832228214,1
20150.0,0.0896184189928,1
20133.45,0.0887970790424,1
20120.0,0.0881290365559,1
20023.05,0.0833104480867,1
20037.6,0.0840371106082,1
20000.0,0.082160638376,1
20079.15,0.078203138376,-1
20001.0,0.082095235402,-1
19870.0,0.0886449079184,-1
19999.95,0.0821048978529,-1
20069.65,0.0786198891404,-1
20057.8,0.0792103329199,-1
20020.0,0.0810948865599,-1
20060.0,0.0790968845619,-1
20106.3,0.0767888087892,-1
20108.3,0.0766893374793,-1
20018.0,0.0811800204311,-1
19935.0,0.0853262887896,-1
19917.3,0.0862141744178,-1
19810.0,0.0916014508057,-1
19900.0,0.0870582907855,-1
20081.05,0.0779603008358,-1
20066.05,0.0787072737281,-1
20094.95,0.0772670301326,-1
20051.05,0.0794516586089,-1
20107.1,0.0766562937776,-1
20170.0,0.0735280455469,-1
20039.05,0.0800203608667,-1
19972.75,0.0833289009422,-1
19921.95,0.0858723664139,-1
19917.3,0.0861057772999,-1
19967.05,0.0836079487789,-1
19949.0,0.0845119381014,-1
20029.9,0.0804565969815,-1
20015.0,0.0812004848691,-1
19950.0,0.0844480491959,-1
19974.25,0.0832325103487,-1
19851.15,0.0893954451273,-1
19890.95,0.087390523498,-1
19681.05,0.0979430612099,-1
19713.0,0.0963196722139,-1
19700.05,0.0969765991149,-1
19662.0,0.098908066294,-1
19779.9,0.0929117281798,-1
19799.25,0.0919334623645,-1
19700.0,0.0969462785066,-1
19824.9,0.0906061769837,-1
19861.35,0.0887675800677,-1
19875.55,0.0880526236322,-1
19862.9,0.0886890840069,-1
19855.0,0.0890868104215,-1
19879.0,0.0878780468858,-1
19806.5,0.0915251116275,-1
19614.95,0.101196179206,-1
19598.6,0.102029727087,-1
19727.85,0.0954348682705,-1
19553.05,0.10429543848,-1
19625.0,0.10061570565,-1
19695.0,0.0970488266693,-1
19788.95,0.0922785804139,-1
19806.0,0.0914169884649,-1
19830.0,0.0902052344509,-1
20100.0,0.0765895007142,-1
20197.0,0.0717636300674,-1
20125.0,0.0753285159415,-1
20134.9,0.0758204414074,1
20105.05,0.0743379408735,1
20170.0,0.0775684725061,1
20196.9,0.0789021363633,1
20148.0,0.0764809727194,1
20249.0,0.081493877226,1
20377.9,0.0878596236826,1
20366.2,0.0872854722735,1
20350.5,0.0865145871796,1
20350.85,0.0865317857742,1
20351.0,0.0865391564737,1
20360.0,0.0869813951843,1
20372.0,0.087570786147,1
20430.0,0.0904178311107,1
20430.0,0.0904178311107,1
20449.9,0.0913918888689,1
20495.0,0.0935972786263,1
20469.8,0.0923677104389,1
20332.05,0.0856382846507,1
20310.2,0.08456362666,1
20250.95,0.0816463732602,1
20170.1,0.0776539679657,1
20169.95,0.0776465312152,1
20164.15,0.0773589747265,1
20162.15,0.077259788795,1
20200.0,0.0791370687478,1
20196.65,0.0789712271636,1
20196.05,0.0789415192665,1
20234.95,0.0808676384829,1
20185.2,0.0784090210907,1
20235.0,0.0759418669382,-1
20086.75,0.0832682815663,-1
20041.45,0.0855234995583,-1
20099.95,0.0826045490831,-1
20065.0,0.0843433593787,-1
20098.85,0.0826563421846,-1
20050.0,0.085086829501,-1
20014.2,0.0868723656606,-1
19975.2,0.0888209821429,-1
19995.95,0.0877821940456,-1
20020.0,0.0865794504901,-1
20019.0,0.08662940054,-1
19981.65,0.0884951280988,-1
20077.15,0.083715743013,-1
20150.0,0.0800872399635,-1
20175.6,0.0788167684995,-1
20197.4,0.0777362554045,-1
20199.9,0.0776124770964,-1
20145.45,0.0803080349952,-1
20070.0,0.0840532975731,-1
20033.6,0.0858669497903,-1
20080.1,0.0835458492393,-1
20041.0,0.0854930506974,-1
19895.25,0.0927656418855,-1
19805.95,0.0972541504491,-1
19716.5,0.10177047004,-1
19125.0,0.131770723635,-1
19124.9,0.131775952393,-1
19084.0,0.133914525666,-1
18939.95,0.141462733589,-1
19014.2,0.137542448689,-1
18997.95,0.138397073127,-1
19029.0,0.136762686259,-1
19068.7,0.134676396912,-1
19026.95,0.136865848736,-1
18952.05,0.140802370354,-1
19051.95,0.135531172779,-1
19020.05,0.137205542069,-1
19050.0,0.135630887954,-1
19048.0,0.135735874831,-1
19005.05,0.137990704734,-1
18968.0,0.139940186582,-1
18960.0,0.140361949552,-1
18920.0,0.142471654193,-1
18936.85,0.141581062227,-1
18912.0,0.142893318489,-1
18949.7,0.140899875173,-1
18940.0,0.141411756627,-1
19049.9,0.135609222308,-1
19070.0,0.134554098659,-1
19035.0,0.136389442131,-1
18954.25,0.140631627579,-1
18913.0,0.142807920494,-1
18913.0,0.142807920494,-1
18920.0,0.142437804701,-1
18925.05,0.142170891382,-1
18958.15,0.140421886756,-1
18937.0,0.14153750194,-1
18950.0,0.140851015168,-1
18904.0,0.143278455801,-1
18830.0,0.147192971247,-1
18712.0,0.153459567105,-1
18622.65,0.158234577793,-1
18544.7,0.162420340829,-1
18480.0,0.165909208269,-1
18580.85,0.160451957186,-1
18564.05,0.161356113885,-1
18541.15,0.162589680914,-1
18468.0,0.166534959389,-1
18500.85,0.164756206953,-1
18590.0,0.159937509433,-1
18527.95,0.163275325463,-1
18533.3,0.162986572525,-1
18614.15,0.158624154607,-1
18760.0,0.150788717588,-1
18699.0,0.154040316735,-1
18496.75,0.164856403156,-1
18535.0,0.162788472304,-1
18514.0,0.163921463941,-1
18516.0,0.163813437583,-1
18558.2,0.161534327624,-1
18523.95,0.163379872989,-1
18472.3,0.166168155186,-1
18395.25,0.170339265443,-1
18395.0,0.170352855908,-1
18340.2,0.173331926307,-1
18330.1,0.173882629135,-1
18250.0,0.178252490729,-1
18225.0,0.179622353743,-1
18214.85,0.18017928104,-1
18193.0,0.18137885172,-1
18205.0,0.180719257371,-1
18226.7,0.179527277146,-1
18280.0,0.176602995734,-1
18275.4,0.176854636872,-1
18339.65,0.173338981948,-1
18325.0,0.174137797629,-1
18320.0,0.174410648925,-1
18302.1,0.175387723161,-1
18260.0,0.177688005642,-1
18288.1,0.176149122838,-1
18300.0,0.175498426483,-1
18390.05,0.170577661456,-1
18397.85,0.170153519053,-1
18426.85,0.168577247913,-1
18418.75,0.169016823857,-1
18399.95,0.170037522873,-1
18323.95,0.17416796888,-1
18300.15,0.175466815472,-1
18397.95,0.170122596982,-1
18378.95,0.171155320736,-1
18365.0,0.170396300226,1
18284.8,0.166029297776,1
18250.0,0.164126077615,1
18210.0,0.161934296793,1
18175.3,0.16002875039,1
18178.0,0.160177303646,1
18165.0,0.159462153465,1
18152.85,0.158793284761,1
18120.0,0.160602917959,-1
18189.95,0.156742542683,-1
18180.1,0.157284050494,-1
18227.0,0.154704306708,-1
18230.8,0.154495824786,-1
18179.95,0.157285060584,-1
18185.0,0.157007282043,-1
18316.0,0.149803542697,-1
18319.65,0.149604263379,-1
18338.5,0.14857531359,-1
18360.0,0.14740291672,-1
18360.4,0.147381130227,-1
18435.0,0.14331803792,-1
18389.95,0.145761759102,-1
18325.0,0.149293579472,-1
18431.0,0.143509131996,-1
18405.0,0.142098465184,1
18457.9,0.144972684146,1
18538.05,0.149314998278,1
18614.7,0.153449737368,1
18612.55,0.153334237253,1
18591.6,0.152208652634,1
18638.65,0.154739365429,1
18618.35,0.153650230754,1
18623.8,0.153942952719,1
18587.0,0.151966986483,1
18550.85,0.150022078752,1
18571.85,0.151154102352,1
18580.4,0.15161447652,1
18527.4,0.148762008328,1
18490.1,0.146748773875,1
18400.0,0.141875895956,1
18532.0,0.149049809,1
18508.25,0.147768241981,1
18542.0,0.149591753118,1
18513.05,0.148030432872,1
18580.15,0.151654903178,1
18590.0,0.152185038833,1
18507.1,0.147725652066,1
18559.0,0.150529981216,1
18560.0,0.150583863429,1
18700.0,0.158126966877,1
18748.9,0.160741940139,1
18749.85,0.160792609779,1
18771.95,0.161971285875,1
18650.0,0.155474890988,1
18724.9,0.159490976779,1
18773.6,0.162091791736,1
18615.0,0.153643758328,1
18668.6,0.156523156662,1
18687.9,0.157556978159,1
18690.0,0.157669350336,1
18663.1,0.156230077998,1
18690.0,0.157671424827,1
18740.0,0.160346652221,1
18711.95,0.158849853929,1
18620.0,0.153935881841,1
18818.55,0.164599147147,1
18657.65,0.156049072885,1
18648.05,0.155534538633,1
18526.05,0.148992299632,1
18520.0,0.148665732447,1
18521.7,0.148757525103,1
18576.85,0.151735113554,1
18553.8,0.150494321923,1
18575.0,0.149351698849,-1
18553.8,0.150493017826,-1
18560.35,0.150139990414,-1
18484.9,0.15420510772,-1
18593.75,0.148316517574,-1
18643.85,0.145622063792,-1
18608.35,0.147526176945,-1
18630.0,0.146362720754,-1
18625.0,0.146631105081,-1
18584.05,0.148829762799,-1
18639.6,0.145840640406,-1
18784.7,0.138056138593,-1
18789.8,0.137784641044,-1
18755.05,0.139634048702,-1
18740.0,0.140436499242,-1
18716.85,0.139201173735,1
18680.1,0.137237702317,1
18729.95,0.139906317582,1
18715.05,0.139110800242,1
18825.0,0.14498575115,1
18860.0,0.146844980898,1
18877.0,0.147746359477,1
18888.0,0.148329079189,1
18860.1,0.146851950853,1
18855.2,0.146592143111,1
18848.85,0.146255365989,1
18870.6,0.14740928254,1
18909.3,0.149460091736,1
18835.0,0.145530808261,1
18852.1,0.146438692519,1
18854.8,0.146581912638,1
18814.0,0.144418007426,1
18818.0,0.144630615058,1
18849.8,0.146320486458,1
18850.0,0.14633109665,1
18852.2,0.146447807526,1
18839.65,0.145782102727,1
18842.0,0.145906839652,1
18723.9,0.13963892754,1
18741.5,0.140578902652,1
18805.5,0.143993784065,1
18690.3,0.137867916633,1
18924.0,0.150371728771,1
18950.0,0.15174564549,1
18991.25,0.153922426493,1
18994.95,0.154117253058,1
18999.85,0.154375216359,1
19000.0,0.154383111158,1
19000.0,0.154383111158,1
19000.0,0.154383111158,1
19000.0,0.154383111158,1
19003.45,0.154564690105,1
18996.4,0.154193704837,1
18982.2,0.153446194782,1
18959.0,0.152223997144,1
18974.75,0.153054737162,1
18935.0,0.150959847902,1
18916.05,0.149959055718,1
18925.85,0.150477134281,1
18915.0,0.14990384431,1
18937.5,0.151093376427,1
18995.0,0.154129680057,1
18953.85,0.151963320489,1
18987.45,0.153736047402,1
18930.15,0.150718264603,1
18725.0,0.139881055178,1
18854.15,0.14677825144,1
18871.55,0.147701125184,1
18758.4,0.141705327276,1
18808.45,0.139037189269,-1
18821.75,0.138330060292,-1
18810.0,0.138954338056,-1
18800.0,0.139485970167,-1
18782.05,0.140440757401,-1
18761.35,0.141542873517,-1
18785.7,0.140244992501,-1
18756.0,0.141825982296,-1
18749.95,0.142148545743,-1
18837.65,0.137471199936,-1
18823.95,0.138198466873,-1
18808.5,0.139019229784,-1
18789.0,0.140055995076,-1
18781.15,0.140473792723,-1
18790.0,0.140002575572,-1
18799.9,0.139475699574,-1
18794.05,0.139786871442,-1
18769.8,0.141077173426,-1
18777.9,0.140645629137,-1
18775.0,0.140800066002,-1
18640.3,0.147974500089,-1
18630.0,0.148527066303,-1
18545.1,0.153084232165,-1
18524.05,0.154219302884,-1
18485.05,0.15632467401,-1
18496.0,0.155732303419,-1
18607.05,0.149728302554,-1
18601.55,0.150023889441,-1
18653.4,0.147236487316,-1
18592.2,0.15051739053,-1
18550.0,0.152787159573,-1
18530.0,0.153865326689,-1
18564.85,0.151984592744,-1
18671.05,0.146264104832,-1
18601.4,0.149994478861,-1
18538.4,0.153381320711,-1
18457.05,0.157769509552,-1
18399.85,0.16086859635,-1
18420.1,0.1597680439,-1
18361.6,0.162943922424,-1
18329.95,0.164667628419,-1
18397.9,0.160960580664,-1
18398.25,0.160941556754,-1
18416.1,0.159971355784,-1
18432.1,0.159102550771,-1
18479.7,0.156520099504,-1
18423.9,0.159539629041,-1
18405.2,0.160554615011,-1
18370.8,0.162423652022,-1
18370.0,0.162467199391,-1
18384.0,0.161705087251,-1
18407.15,0.16044584008,-1
18485.0,0.156216505283,-1
18580.1,0.151071793355,-1
18550.05,0.152689115113,-1
18553.15,0.15252199966,-1
18551.25,0.152624408146,-1
18562.05,0.152042237134,-1
18630.1,0.148376154993,-1
18779.9,0.140335403736,-1
18605.9,0.131070178681,1
18597.6,0.130624083625,1
18586.7,0.130037986494,1
18602.2,0.130871916132,1
18600.8,0.130796656217,1
18651.05,0.133498152927,1
18695.25,0.135867992694,1
18645.35,0.13319886551,1
18634.3,0.132606224449,1
18622.95,0.131997132613,1
18634.6,0.132622704824,1
18653.15,0.133618164882,1
18612.2,0.131422825221,1
18657.65,0.133864771901,1
18590.75,0.130279111327,1
18579.95,0.129698177261,1
18562.6,0.128764374963,1
18566.0,0.128947538959,1
18571.1,0.12922223464,1
18650.0,0.133470771344,1
18863.95,0.14494262121,1
18765.1,0.139702467372,1
18760.05,0.139433350767,1
18790.0,0.141029828389,1
18810.1,0.142099546324,1
18863.6,0.144943762994,1
18738.75,0.138325196019,1
18732.0,0.137964979889,1
18704.95,0.136520926932,1
18690.05,0.135724346347,1
18717.35,0.137185016597,1
18684.0,0.135403247276,1
18719.95,0.137327353463,1
18731.25,0.137930987554,1
18728.2,0.137768158058,1
18756.0,0.139252550578,1
18751.25,0.138999298286,1
18725.05,0.137602058102,1
18650.15,0.133602068783,1
18659.2,0.134087319572,1
18655.1,0.133867588822,1
18694.85,0.135998373433,1
18668.0,0.134562149019,1
18701.0,0.136329879895,1
18701.15,0.136337900856,1
18655.0,0.133870138179,1
18646.05,0.134349902317,-1
18673.3,0.132888466785,-1
18674.95,0.132800105328,-1
18638.25,0.134765304699,-1
18748.35,0.128858097746,-1
18720.8,0.130327560392,-1
18719.95,0.130372964434,-1
18735.05,0.129566338348,-1
18729.9,0.129841224191,-1
18730.0,0.129835885134,-1
18730.05,0.12983321562,-1
18733.0,0.129675714705,-1
18800.0,0.133252290801,1
18786.0,0.13250760995,1
18800.0,0.133252845764,1
18800.0,0.133252845764,1
18688.0,0.127295398955,1
18761.6,0.13123375512,1
18732.5,0.129682714697,1
18788.5,0.132672171523,1
18770.95,0.131738089505,1
18756.0,0.130941646064,1
18750.0,0.130621748431,1
18731.65,0.129643081765,1
18746.0,0.130409164838,1
18694.0,0.127635239734,1
18742.0,0.130202908505,1
18770.0,0.131696879266,1
18787.7,0.132639873405,1
18784.15,0.132450919994,1
18690.0,0.127438715556,1
18664.0,0.126047597311,1
18664.8,0.126090460577,1
18666.5,0.12599938004,-1
18650.1,0.126877959313,-1
18665.0,0.126079035983,-1
18698.5,0.124284232876,-1
18685.0,0.125006215923,-1
18662.25,0.12622377011,-1
18650.0,0.126880175421,-1
18708.0,0.12377025585,-1
18623.0,0.128313766647,-1
18218.1,0.150055698667,-1
18200.0,0.151049216103,-1
18140.15,0.154337677641,-1
18124.15,0.155219699014,-1
18100.0,0.156552175295,-1
18051.5,0.159231733306,-1
18185.75,0.151794678214,-1
18235.0,0.149086513854,-1
18269.35,0.147202773794,-1
18423.0,0.138792512893,-1
18419.45,0.138985206808,-1
18690.0,0.124296928928,-1
18653.35,0.126257870608,-1
18530.6,0.132838458009,-1
18568.7,0.130782399382,-1
18616.3,0.128218945828,-1
18630.05,0.127480345784,-1
18637.9,0.127058983522,-1
18656.35,0.12606906513,-1
18710.0,0.123193368652,-1
18719.05,0.122709670095,-1
18659.2,0.119512392455,1
18718.85,0.122709206895,1
18720.8,0.122813379961,1
18725.0,0.123037729348,1
18827.0,0.128484992366,1
18836.85,0.129008177153,1
18874.55,0.131009573353,1
18867.4,0.130630756374,1
19000.1,0.1376640519,1
19083.0,0.142027186831,1
19165.1,0.146329445386,1
19146.6,0.145364149092,1
19120.35,0.143993148496,1
19127.95,0.14439063076,1
19250.0,0.150771345892,1
19113.45,0.143677839398,1
19217.15,0.149103338196,1
19181.05,0.147224807821,1
19170.0,0.146648718399,1
19188.0,0.147587685535,1
19175.1,0.146915390351,1
19179.4,0.147139639507,1
19178.0,0.147066644523,1
19157.5,0.145997711371,1
19131.5,0.14464054055,1
19150.0,0.14560753216,1
19093.05,0.142633641821,1
19210.15,0.148766763559,1
19284.5,0.152637113348,1
19250.0,0.150848111818,1
19244.6,0.150567592338,1
19245.0,0.150588377389,1
19197.0,0.148094223063,1
19233.7,0.150005980109,1
19239.0,0.150281538114,1
19230.0,0.149813738332,1
19213.55,0.148958304115,1
19223.7,0.14948657713,1
19246.5,0.150672613117,1
19331.0,0.155063021763,1
19281.0,0.1524765027,1
19242.0,0.150453786036,1
19300.0,0.15346802572,1
19299.95,0.153465435047,1
19300.0,0.153468025727,1
19325.0,0.154763362515,1
19336.05,0.155335160703,1
19359.4,0.156542749637,1
19338.0,0.155437343478,1
19202.05,0.148407143871,1
19220.0,0.149341939895,1
19104.55,0.143335176107,1
19296.95,0.153406075448,1
19519.95,0.164962305837,1
19562.5,0.167142126994,1
19509.25,0.164420082266,1
19500.0,0.163945948201,1
19499.95,0.163943384099,1
19499.95,0.163943384099,1
19482.15,0.163030561245,1
19488.15,0.163338535468,1
19485.55,0.16320512106,1
19495.0,0.163690095823,1
19490.0,0.163433619803,1
19399.95,0.158813301692,1
19402.4,0.158939590677,1
19376.8,0.157620166276,1
19383.5,0.157965940604,1
19400.0,0.15881718006,1
19395.15,0.15856718006,1
19374.45,0.157499902931,1
19361.05,0.156808270395,1
19365.0,0.157012288255,1
19340.0,0.155721299358,1
19389.2,0.15826524972,1
19400.0,0.158822260839,1
19468.25,0.162340302077,1
19423.95,0.160064802224,1
19324.55,0.154947408491,1
19329.9,0.155224258405,1
19325.0,0.155477751698,-1
19320.1,0.155731309266,-1
19332.0,0.155115370425,-1
19352.2,0.154070470776,-1
19377.05,0.152786379045,-1
19420.0,0.150569839376,-1
19547.1,0.1440250402,-1
19600.0,0.141318756403,-1
19615.0,0.140553450281,-1
19531.95,0.136319445693,1
19435.0,0.13135578359,1
19429.95,0.131095943096,1
19445.05,0.131873093835,1
19435.0,0.131356252788,1
19435.0,0.131356252788,1
19440.4,0.131634102029,1
19437.5,0.131484928144,1
19490.5,0.134211616247,1
19442.0,0.131723224466,1
19446.0,0.131928964616,1
19450.1,0.132139804892,1
19450.05,0.132137234211,1
19545.55,0.137047247296,1
19545.0,0.137019107899,1
19540.0,0.136763287996,1
19510.0,0.135227975816,1
19519.55,0.135717468383,1
19519.0,0.135689291504,1
19550.0,0.137277487621,1
19549.65,0.137259584808,1
19543.0,0.136919425265,1
19564.85,0.138037472648,1
19525.0,0.136000656623,1
19550.0,0.137281066354,1
19624.85,0.141109710856,1
19575.55,0.138597589744,1
19550.0,0.137292390145,1
19550.0,0.137292390145,1
19549.15,0.137248911885,1
19555.0,0.137548157632,1
19572.4,0.138437955637,1
19580.1,0.138831366767,1
19560.0,0.137804814298,1
19580.0,0.138827309186,1
19585.0,0.139082671801,1
19735.3,0.146756912291,1
19636.65,0.141758255062,1
19540.0,0.1368363361,1
19517.75,0.135697646233,1
19478.55,0.133689218007,1
19490.05,0.134279611029,1
19490.1,0.134282176441,1
19500.0,0.134790126631,1
19500.0,0.134790126631,1
19430.0,0.138379870221,-1
19500.0,0.134777193947,-1
19500.0,0.134777193947,-1
19500.0,0.134777193947,-1
19523.75,0.133559245229,-1
19534.8,0.132993267894,-1
19486.35,0.135473457094,-1
19498.0,0.134875602699,-1
19499.95,0.134775592441,-1
19639.85,0.127601215071,-1
19659.35,0.126608335798,-1
19691.9,0.124952635075,-1
19679.0,0.125607726763,-1
19676.25,0.12546798389,1
19737.05,0.128558003583,1
19735.55,0.128482004384,1
19811.15,0.132312655164,1
19835.0,0.133516522683,1
19830.0,0.133264443026,1
19726.0,0.128019864105,1
19789.95,0.13126177833,1
19825.1,0.133037932388,1
19921.3,0.137890366928,1
19898.4,0.136740843553,1
19927.35,0.138195734399,1
19950.0,0.139332363203,1
19950.3,0.139347400797,1
19959.0,0.139783484465,1
19994.95,0.141584676909,1
19952.15,0.139444136423,1
19962.85,0.13998041948,1
19953.15,0.139494516916,1
19950.0,0.139336647106,1
19907.0,0.137181258635,1
19839.95,0.133813096682,1
19830.25,0.133324184159,1
19840.0,0.133815857235,1
19873.05,0.135481683847,1
19860.1,0.134830047586,1
19727.1,0.12813320316,1
19686.45,0.126072586039,1
19630.1,0.123210211157,1
19568.1,0.120051796273,1
19620.15,0.117391854838,-1
19640.0,0.116380139841,-1
19728.75,0.111861300737,-1
19820.0,0.10723607106,-1
19726.6,0.111948482765,-1
19710.4,0.112769708927,-1
19744.4,0.11104473125,-1
19769.4,0.109778549446,-1
19830.05,0.106710676876,-1
19827.0,0.10686448385,-1
19764.7,0.110006663706,-1
19830.0,0.106702793675,-1
19820.0,0.10720708011,-1
19825.0,0.106954809676,-1
19825.45,0.106932111063,-1
19805.0,0.107963613501,-1
19840.7,0.106161038393,-1
19831.2,0.106639852145,-1
19850.0,0.105691851015,-1
19830.3,0.104699407691,1
19782.25,0.102276348029,1
19750.15,0.100653681245,1
19835.15,0.104957446026,1
19846.05,0.105506975523,1
19849.15,0.105663177891,1
19821.1,0.104250019141,1
19874.5,0.106944117854,1
19776.45,0.102010660408,1
19750.15,0.100680795847,1
19726.15,0.0994656152031,1
19702.3,0.0982565602177,1
19659.1,0.0960639228099,1
19685.0,0.0947464667718,-1
19739.05,0.0920007212803,-1
19754.35,0.0912256079896,-1
19744.9,0.0917039836385,-1
19752.45,0.0913216064171,-1
19758.05,0.0910380972827,-1
19809.95,0.0884113198427,-1
19792.6,0.089287142346,-1
19848.0,0.0864881164474,-1
19848.0,0.0864881164474,-1
19823.75,0.0877099020178,-1
19800.0,0.0889079599029,-1
19835.0,0.0871402831352,-1
19850.0,0.0863840441637,-1
19898.95,0.0839180492015,-1
19924.85,0.0852196254153,1
19934.8,0.0857190018221,1
19975.0,0.0877355758535,1
19965.0,0.0872349500713,1
19969.0,0.0874353006848,1
19941.95,0.0860807010554,1
19885.05,0.0832274194054,1
19900.0,0.0839792404971,1
19862.0,0.0820696927584,1
19903.35,0.084151557626,1
19936.0,0.0857919849913,1
19994.95,0.0887489472706,1
20011.45,0.0895741556357,1
20034.95,0.0907484833331,1
20016.85,0.0898450620617,1
20062.05,0.0921031596146,1
20095.75,0.0937829480709,1
20125.1,0.0952434558897,1
20099.0,0.0939465679239,1
20126.0,0.0952899183394,1
20200.0,0.098966754273,1
20205.75,0.0992514077383,1
20209.95,0.0994592693619,1
20153.9,0.0966858829854,1
20179.95,0.0979784367839,1
20170.0,0.0974853731242,1
20173.35,0.097651461374,1
20153.3,0.0966575758766,1
20153.5,0.0966674998096,1
20139.15,0.0959554646793,1
20369.85,0.107410764431,1
20607.1,0.119057880144,1
20620.0,0.11968387798,1
20835.0,0.130110648106,1
20929.95,0.134667883527,1
20836.15,0.13018626747,1
20868.0,0.131714860804,1
20864.05,0.131525575774,1
20879.85,0.132282859235,1
20863.25,0.131487834367,1
20948.2,0.13555958733,1
20910.05,0.133738428471,1
20845.0,0.130627484212,1
21170.1,0.146223550415,1
21796.25,0.175800642635,1
21829.9,0.177344486186,1
21889.95,0.180095300436,1
21811.1,0.176493190792,1
21800.0,0.175984275607,1
21775.0,0.174837486616,1
21785.0,0.175296728866,1
21786.3,0.175356402954,1
21994.0,0.184889917135,1
22025.0,0.186299392446,1
22149.1,0.191933898689,1
22465.65,0.206225675782,1
22665.05,0.21510144835,1
22616.25,0.212948353607,1
22521.95,0.208778785266,1
22653.7,0.214628633969,1
22667.3,0.215228977401,1
22500.1,0.207852712914,1
22510.15,0.208299377596,1
22529.65,0.209165653476,1
22469.95,0.206515812044,1
22495.8,0.20766623739,1
22247.95,0.196648625214,1
22248.0,0.196650872612,1
22323.95,0.200064662615,1
22509.95,0.208396521449,1
22404.4,0.203707483934,1
22383.2,0.202761241232,1
22399.5,0.203489465972,1
22247.8,0.196716993372,1
22282.55,0.198278945565,1
22264.4,0.197464406834,1
22290.0,0.19861422448,1
22304.8,0.199278199357,1
22100.0,0.190096319223,1
21840.0,0.178331613341,1
21850.0,0.178789488799,1
21980.05,0.172837543719,-1
21939.05,0.174702871596,-1
21974.7,0.173077915182,-1
21842.95,0.179073446407,-1
21783.05,0.181815749988,-1
21654.0,0.187740081061,-1
21730.1,0.184225718819,-1
21674.1,0.186802789334,-1
21653.3,0.187762460093,-1
21681.05,0.186480900239,-1
21689.0,0.18611422058,-1
21458.25,0.196753254192,-1
21310.05,0.20365968878,-1
21120.75,0.212542821387,-1
21320.0,0.203108970789,-1
21412.95,0.198749214692,-1
21340.8,0.202118671025,-1
21327.2,0.202755947979,-1
21219.3,0.207815215018,-1
21279.25,0.20498995688,-1
21207.5,0.208361786244,-1
21214.25,0.208043502618,-1
21205.05,0.208477173382,-1
21219.25,0.207807521577,-1
21329.0,0.202635331231,-1
21536.95,0.192885694587,-1
21618.0,0.189122394769,-1
21670.15,0.186710053202,-1
21913.2,0.175494164064,-1
22039.95,0.169709979189,-1
22058.65,0.168861519914,-1
22079.1,0.167934445955,-1
22049.05,0.166573430333,1
22005.05,0.164577879505,1
22046.8,0.166475171263,1
22081.95,0.168069506949,1
22129.7,0.170231906556,1
22131.0,0.170290651139,1
22196.45,0.173248041225,1
22279.9,0.177007651433,1
22191.85,0.17305565883,1
22217.35,0.174204729322,1
22280.0,0.177024597578,1
22272.65,0.176694705298,1
22295.65,0.177727361942,1
22289.95,0.177471706691,1
22320.0,0.178819847893,1
22280.85,0.177065815635,1
22306.9,0.178234981084,1
22444.95,0.184423649165,1
22260.0,0.176183488238,1
22280.0,0.177081960834,1
22241.95,0.175374151139,1
22248.95,0.175688871746,1
22279.7,0.17707095944,1
22200.05,0.173495956186,1
22020.1,0.165390118587,1
21930.0,0.161298402382,1
21980.0,0.163578384142,1
22060.0,0.167218056572,1
22134.7,0.170604275973,1
22091.85,0.168668401532,1
21990.05,0.173276435716,-1
21950.05,0.175095440221,-1
21940.1,0.175548742149,-1
21920.0,0.176464872887,-1
21845.25,0.179875000624,-1
21767.8,0.183420393788,-1
21780.1,0.182855338982,-1
21752.0,0.18414550753,-1
21814.95,0.18125152077,-1
21798.8,0.181991838763,-1
21841.8,0.180019253116,-1
21849.2,0.179680453201,-1
21757.3,0.183886556857,-1
21660.0,0.188358619107,-1
21902.0,0.177185950594,-1
21837.95,0.18011034106,-1
21914.0,0.176627871323,-1
22174.6,0.164735930098,-1
22200.0,0.163590475389,-1
22150.0,0.165842727641,-1
22084.4,0.168804352923,-1
22076.2,0.169175655743,-1
22027.9,0.17136353228,-1
22050.0,0.170360259158,-1
22175.0,0.176029193398,1
22349.95,0.183918708618,1
22430.9,0.187540640658,1
22399.9,0.186158618537,1
22418.9,0.18700683661,1
22398.95,0.186116962441,1
22330.05,0.183040925395,1
22380.4,0.185295734497,1
22325.55,0.182844929328,1
22352.1,0.184034149751,1
22240.1,0.179023434874,1
22323.85,0.182789155352,1
22330.55,0.183089282794,1
22332.95,0.183196758875,1
22475.4,0.189575226565,1
22540.0,0.192449480193,1
22566.15,0.193609639909,1
22479.75,0.189780896415,1
22419.2,0.187087361122,1
22299.9,0.181766029407,1
22247.3,0.179407274435,1
22294.9,0.181546859912,1
22324.75,0.182885731134,1
22260.85,0.180023437043,1
22322.5,0.182792873071,1
22392.6,0.185933202335,1
22449.0,0.188451891545,1
22410.55,0.186739120375,1
22397.65,0.186163498625,1
22378.9,0.185326357229,1
22388.0,0.185732990263,1
22350.0,0.187430328122,-1
22390.0,0.18564061895,-1
22301.05,0.181667863256,1
22299.0,0.181759787178,-1
22249.9,0.18396167964,-1
22278.0,0.182698752616,-1
22328.0,0.180454385976,-1
22361.45,0.178956267022,-1
22383.2,0.177983610955,-1
22420.0,0.176339520745,-1
22374.8,0.178355577837,-1
22394.95,0.177455011128,-1
22368.25,0.178647244198,-1
22358.05,0.179103247685,-1
22360.7,0.178984722143,-1
22274.0,0.182862060509,-1
22350.0,0.179450010585,-1
22346.0,0.179271039668,1
22309.3,0.177628687569,1
22270.0,0.175867090388,1
22159.0,0.180851374178,-1
22273.5,0.175684173492,-1
22279.5,0.175414795083,-1
22294.0,0.174763972578,-1
22281.6,0.17532017604,-1
22348.0,0.1723401387,-1
22264.05,0.176096626976,-1
22129.55,0.182137756061,-1
21925.0,0.19138105292,-1
21825.0,0.195942056341,-1
21823.0,0.19603369437,-1
21823.3,0.196019947406,-1
21749.65,0.199394780727,-1
21880.0,0.193401580836,-1
21653.85,0.203737504054,-1
21656.4,0.203619742085,-1
21623.55,0.205136614696,-1
21619.0,0.205347033429,-1
21608.0,0.205855845122,-1
21603.5,0.206064101324,-1
21659.55,0.203469614319,-1
21886.05,0.193012333351,-1
21853.85,0.194483590156,-1
21867.35,0.193865850032,-1
21770.0,0.19831769262,-1
21794.0,0.197215258077,-1
21893.1,0.192668135015,-1
21911.2,0.191841390516,-1
21881.05,0.193217399132,-1
21930.0,0.190980303563,-1
21906.85,0.192035935118,-1
21900.0,0.192348622702,-1
21909.95,0.191894284803,-1
21911.9,0.191805284143,-1
21925.2,0.191198308025,-1
21851.0,0.194582541693,-1
21933.85,0.198374130178,1
22024.95,0.202527527781,1
21983.85,0.20066146225,1
22091.95,0.20557870832,1
22089.95,0.205488177606,1
22065.0,0.204358704701,1
22083.4,0.205192604542,1
22090.85,0.205529962014,1
21971.4,0.200122745904,1
22076.85,0.20492216697,1
22127.0,0.207193777277,1
22121.0,0.206922615348,1
22119.45,0.206852546183,1
22099.85,0.205966448201,1
22077.0,0.204932504532,1
22242.0,0.212406346086,1
22240.0,0.212316426115,1
22296.1,0.21483890813,1
22303.0,0.215148379293,1
22280.8,0.214152997506,1
22260.0,0.213219458315,1
22299.95,0.215014157327,1
22300.0,0.215016399484,1
22199.9,0.210527610246,1
22305.1,0.215266370331,1
22247.3,0.212675034717,1
22119.0,0.206908042767,1
22190.3,0.2101315158,1
22122.1,0.207058100839,1
22220.0,0.211483539654,1
22272.75,0.213857527052,1
22284.25,0.214373853056,1
22266.4,0.213572838887,1
22291.1,0.214682133609,1
22272.4,0.213843233779,1
22286.15,0.214460589789,1
22290.0,0.214633342822,1
22344.6,0.217082871759,1
22320.15,0.215988647651,1
22280.0,0.214189824614,1
22242.15,0.21249099158,1
22209.7,0.211032049886,1
22195.25,0.210381433264,1
22181.1,0.209743909469,1
22201.0,0.210641069664,1
22195.0,0.210911327761,-1
22229.55,0.209354670856,-1
22200.0,0.210683982515,-1
22220.0,0.209783081614,-1
22248.25,0.208511704477,-1
22272.75,0.207410494269,-1
22330.0,0.204840088729,-1
22440.15,0.209772914524,1
22615.6,0.217591489711,1
22736.0,0.222915248533,1
22673.3,0.220157507505,1
22728.6,0.222596499624,1
22699.8,0.221329373624,1
22710.55,0.221802946078,1
22714.65,0.221983478914,1
22934.0,0.231640242281,1
22995.9,0.234339291727,1
22953.0,0.232473741781,1
23012.15,0.235050746966,1
23031.15,0.235876397763,1
22940.8,0.23195344993,1
23023.0,0.235536585653,1
22950.0,0.232365843352,1
22942.8,0.232052117861,1
22986.15,0.233941599529,1
22950.0,0.232368913368,1
22964.85,0.233015972191,1
23246.0,0.245258595156,1
23234.9,0.244781093651,1
22917.7,0.231129216518,1
22999.55,0.23470069184,1
22711.05,0.222156968159,1
22789.05,0.22559141967,1
22820.05,0.226951722096,1
22871.0,0.229184407826,1
22760.0,0.224331100144,1
22774.95,0.224987954274,1
22760.1,0.224335922107,1
22727.0,0.222881622697,1
22765.0,0.224553642762,1
22824.95,0.221920214253,-1
22831.1,0.221650772261,-1
22787.5,0.223560448098,-1
22780.0,0.223889575909,-1
22755.0,0.224987029816,-1
22908.45,0.218243456975,-1
22872.95,0.219793103503,-1
22862.1,0.220267462953,-1
22891.9,0.218963995643,-1
22865.95,0.22009758438,-1
22897.6,0.218713430211,-1
22914.85,0.217960076148,-1
22900.0,0.218608127521,-1
22899.85,0.218614677739,-1
22890.5,0.219022977357,-1
22881.6,0.219411784941,-1
22833.0,0.221535762285,-1
22937.5,0.216959053136,-1
22950.0,0.217504012264,1
23004.9,0.219896169127,1
22999.3,0.219652742726,1
22978.55,0.218750541355,1
23000.4,0.21970142816,1
23008.8,0.2200666392,1
23003.75,0.219847157958,1
22990.0,0.219249429327,1
22959.1,0.217905366691,1
22970.0,0.218380123977,1
22937.95,0.216984825762,1
22950.0,0.217510156055,1
22931.4,0.216699698539,1
22927.25,0.21651872398,1
22921.45,0.216265749899,1
22882.9,0.214583919125,1
22930.0,0.216642224671,1
22925.0,0.216424169722,1
22929.4,0.216616099929,1
22996.95,0.219562099388,1
22959.5,0.217933622568,1
22979.5,0.218804721678,1
23000.0,0.219696821158,1
23000.0,0.219696821158,1
23035.05,0.221220734201,1
22873.1,0.214190143862,1
22946.8,0.217412269415,1
22945.0,0.217333827105,1
23048.0,0.212844831681,-1
22960.35,0.216647764691,-1
23071.8,0.211793744608,-1
23230.0,0.218650600163,1
23224.0,0.218392313465,1
23220.2,0.218228689628,1
23180.0,0.21649743839,1
23219.9,0.218218749865,1
23499.0,0.230238612138,1
23439.0,0.227685311998,1
23403.45,0.226168609067,1
23305.0,0.22196196432,1
23296.5,0.221597235721,1
23273.4,0.220605670465,1
23215.1,0.21810066475,1
23246.05,0.219433848755,1
23259.95,0.220031799805,1
23236.1,0.219006432166,1
23155.2,0.215524780771,1
23050.0,0.210981524828,1
22920.4,0.205358965175,1
22650.0,0.193561614344,1
22760.0,0.198418126485,1
22756.05,0.198244576397,1
22757.05,0.198200632039,-1
22769.85,0.197638168978,-1
22773.0,0.197499828146,-1
22755.05,0.198288042259,-1
22698.8,0.200760021007,-1
22723.35,0.199678466035,-1
22646.9,0.203042846727,-1
22664.95,0.20224582815,-1
22700.05,0.200697181451,-1
22750.0,0.19849674577,-1
22690.55,0.201109932583,-1
22630.2,0.203769630122,-1
22520.05,0.208637019717,-1
22500.4,0.209509575506,-1
22425.05,0.21285840486,-1
22420.2,0.213074680855,-1
22504.0,0.209336980031,-1
22502.55,0.209401413021,-1
22522.75,0.20850373698,-1
22501.85,0.209431687608,-1
22503.95,0.209338361948,-1
22606.25,0.204792493334,-1
22584.75,0.205743557752,-1
22490.85,0.209901230517,-1
22450.05,0.211715301573,-1
22372.05,0.215189681363,-1
22389.9,0.214391810806,-1
22425.0,0.212824139668,-1
22360.15,0.21571600143,-1
22360.0,0.215722709792,-1
22342.05,0.216525482601,-1
22362.6,0.21560569234,-1
22381.15,0.214776182355,-1
22420.25,0.213029176504,-1
22413.1,0.213348084634,-1
22789.05,0.196574412094,-1
22814.05,0.195477394009,-1
22838.9,0.194388152949,-1
22825.65,0.194968303481,-1
22811.8,0.194361529961,1
22808.15,0.194201525052,1
22806.9,0.19414672008,1
22818.0,0.194633414897,1
22804.95,0.194061497989,1
22750.0,0.191651933399,1
22817.95,0.194638746586,1
23234.9,0.21291164139,1
23140.4,0.208844483795,1
23177.95,0.210467186946,1
23210.1,0.211854281146,1
23220.0,0.212280819592,1
23159.95,0.209694686948,1
23185.3,0.210789248897,1
23251.6,0.2136488194,1
23209.35,0.211831740145,1
23135.1,0.20863259842,1
23169.95,0.21013896753,1
23160.05,0.209711689958,1
23144.0,0.209018686272,1
23150.0,0.209277932729,1
23230.05,0.212735816099,1
23239.5,0.213142616773,1
23220.25,0.212314285698,1
23211.9,0.21195468578,1
23210.0,0.211872831214,1
23205.2,0.211666023804,1
23209.95,0.211870719303,1
23223.1,0.212437286659,1
23232.0,0.212820525761,1
23242.1,0.21325527094,1
23357.5,0.218220398876,1
23379.0,0.219140874098,1
23419.0,0.220851811264,1
23580.0,0.227726571075,1
23768.95,0.235739717809,1
23785.0,0.236414968504,1
23776.85,0.236072315571,1
23905.0,0.241462011852,1
23970.9,0.244218757302,1
23989.95,0.245013470892,1
23980.9,0.244636229589,1
23968.05,0.244100386481,1
23938.0,0.24284663409,1
24077.6,0.248678366064,1
24178.0,0.25284821688,1
24495.0,0.265959309609,1
24470.05,0.264940734389,1
24390.05,0.261671431711,1
24359.95,0.2604373219,1
24340.0,0.259618354702,1
24478.0,0.265288034241,1
24502.65,0.266295060959,1
24545.05,0.268025486036,1
24562.1,0.268720127114,1
24631.35,0.27153951145,1
24634.9,0.271683636721,1
24770.0,0.277167726367,1
24690.0,0.273938013004,1
24620.2,0.271110957516,1
24619.95,0.271100803252,1
24600.0,0.270290484791,1
24603.6,0.270436826254,1
24609.6,0.270680693005,1
24845.0,0.280246065868,1
24799.0,0.278394586697,1
24794.8,0.278225225029,1
24781.95,0.277706971202,1
24878.0,0.281582775971,1
24917.25,0.283160475143,1
24800.05,0.27845690633,1
24720.05,0.275231106382,1
24890.0,0.282106092477,1
24796.0,0.278329475361,1
24744.8,0.276264626192,1
24735.5,0.275888789653,1
24745.05,0.27627487443,1
24739.6,0.27605462836,1
24731.7,0.27573530226,1
24700.25,0.274463654941,1
24708.35,0.274791586844,1
24635.7,0.271851285286,1
24679.05,0.273610926782,1
24700.0,0.274459824936,1
24765.9,0.277127841131,1
24737.65,0.275987159791,1
24700.0,0.274465188221,1
24740.85,0.276119034375,1
24703.9,0.274625552946,1
24760.0,0.276896449445,1
24710.3,0.278903719235,-1
24738.0,0.277782729202,-1
24751.9,0.27722084061,-1
24737.0,0.277822814599,-1
24580.7,0.284141284907,-1
24690.0,0.279694706901,-1
24805.05,0.275034925613,-1
24842.0,0.273545309587,-1
24840.3,0.27361374208,-1
24863.95,0.272661660181,-1
24899.6,0.274095462936,1
24919.7,0.274902704819,1
24900.95,0.274150288057,1
24909.9,0.274509712095,1
24913.15,0.274640182309,1
25084.85,0.281532124918,1
25246.0,0.287956321196,1
25725.05,0.306931604409,1
26475.3,0.336095784848,1
26260.75,0.327992005098,1
26278.0,0.32864887895,1
26280.0,0.328724988243,1
26263.2,0.328085718837,1
26268.95,0.328304656361,1
25837.25,0.311870805751,1
25395.75,0.294783073891,1
25441.0,0.296564868088,1
25302.05,0.291103211707,1
24706.2,0.267553736467,1
24800.15,0.27135642567,1
25199.0,0.287438989687,1
25180.1,0.286688959924,1
25450.3,0.29741965599,1
25389.95,0.295048367635,1
25209.9,0.287956979114,1
25106.05,0.283837565709,1
24913.5,0.276168099584,1
24935.0,0.277031085515,1
24880.0,0.274825350604,1
24860.95,0.275591025846,-1
24935.0,0.272612459057,-1
24976.6,0.270944121379,-1
24860.15,0.275606485352,-1
25330.0,0.25670676029,-1
25450.7,0.251941659619,-1
25400.0,0.25393374628,-1
25372.85,0.255002643918,-1
25283.0,0.258543830659,-1
25307.45,0.257576777699,-1
25285.1,0.258459916853,-1
25343.0,0.256170030715,-1
25314.1,0.257310385053,-1
25424.35,0.252955104794,-1
25430.5,0.252713210705,-1
25725.65,0.264319352936,1
25900.0,0.271096635531,1
25918.4,0.271807060241,1
25612.15,0.259991130246,1
25630.0,0.260688065099,1
25784.8,0.266727862212,1
25700.05,0.26344104207,1
25765.85,0.266001348372,1
25750.3,0.265397836359,1
25740.0,0.26499784102,1
25816.0,0.267950443972,1
25849.9,0.269263583111,1
25890.65,0.27083999153,1
25928.65,0.272307702847,1
25779.9,0.266570805631,1
25730.35,0.264648765592,1
25650.0,0.261525994234,1
25668.3,0.262239444527,1
25750.0,0.265422358861,1
25751.1,0.265465077307,1
25772.05,0.266278634786,1
25770.95,0.266235952889,1
26010.4,0.275527422547,1
26203.0,0.282932152963,1
26120.0,0.279764576731,1
26214.0,0.283363351616,1
26250.0,0.284736663587,1
26339.0,0.288127139777,1
26315.0,0.287215943453,1
26319.95,0.287404049096,1
26324.95,0.287594019062,1
26339.0,0.288127733276,1
26388.4,0.290003279044,1
26491.15,0.293897035392,1
26428.6,0.291535869493,1
26324.05,0.287579927824,1
26327.9,0.287726181915,1
26263.3,0.285272511094,1
26265.0,0.285337240202,1
26238.95,0.284345426001,1
26085.0,0.278478194271,1
25997.95,0.275141027317,1
25993.35,0.274964090289,1
25931.6,0.272588482682,1
25877.0,0.270482943494,1
25927.5,0.272434483472,1
25833.0,0.268789704762,1
25791.2,0.267171619367,1
25870.0,0.264116313682,-1
25879.65,0.263743294741,-1
25792.5,0.267110805507,-1
25763.1,0.268250671747,-1
25840.0,0.265265782506,-1
25840.35,0.265252237615,-1
25878.85,0.263762319715,-1
25890.3,0.26331987347,-1
25889.55,0.263348841848,-1
25887.95,0.263410642845,-1
25974.95,0.260050005947,-1
25949.95,0.261012471707,-1
25874.4,0.263923845332,-1
25872.9,0.263981817691,-1
25830.3,0.265628328132,-1
25805.95,0.266571019468,-1
25860.0,0.264476541256,-1
25779.2,0.267601057884,-1
25685.7,0.271228012949,-1
25697.3,0.270776399794,-1
25698.0,0.270749159578,-1
25700.0,0.27067133251,-1
25700.0,0.27067133251,-1
25650.0,0.272616857802,-1
25715.0,0.270082744741,-1
25726.2,0.269647201284,-1
25670.25,0.271822026948,-1
25819.0,0.266027381396,-1
25888.0,0.263354930875,-1
25576.35,0.275393327043,-1
25425.0,0.281310903241,-1
25490.0,0.278754364401,-1
25468.05,0.27961548641,-1
25450.0,0.280324217546,-1
25430.0,0.281110072163,-1
25435.2,0.280905589268,-1
25438.0,0.280795505605,-1
25514.95,0.277770503639,-1
25449.0,0.280355262771,-1
25439.9,0.280712840672,-1
25390.0,0.282674326369,-1
25210.95,0.289726315341,-1
25190.2,0.290549370403,-1
25143.0,0.292423114954,-1
25035.0,0.296718545094,-1
24990.2,0.298508039801,-1
24759.75,0.307729654674,-1
24703.1,0.310017642235,-1
24682.05,0.310869762009,-1
24665.0,0.311560547418,-1
24666.0,0.311520004138,-1
24656.4,0.311909203846,-1
24659.85,0.311769280743,-1
24645.0,0.312371474187,-1
24879.95,0.302838100277,-1
24868.95,0.303280223352,-1
24969.4,0.299241050006,-1
25086.7,0.29454329996,-1
25129.6,0.292833230481,-1
24989.6,0.298404349798,-1
24935.85,0.30055524457,-1
24982.0,0.298704495548,-1
25057.35,0.295688323905,-1
24990.25,0.298366180901,-1
24999.6,0.297992034984,-1
25097.6,0.294071972263,-1
25204.1,0.289828538628,-1
25156.05,0.291734974486,-1
25067.25,0.295264940438,-1
25019.5,0.297169816322,-1
25020.15,0.297195796058,1
25000.0,0.296390445171,1
24997.0,0.296270445171,1
24928.4,0.293526115851,1
25000.0,0.296398341906,1
25108.45,0.300736341906,1
25100.1,0.30040378454,1
24988.2,0.295945634971,1
24910.0,0.292816157858,1
25073.8,0.299391830279,1
25012.95,0.296964994298,1
24940.05,0.294050504004,1
25020.0,0.297256191242,1
25007.85,0.296770579732,1
24969.05,0.295219066907,1
24876.15,0.298939673017,-1
24830.05,0.300792853674,-1
24924.35,0.29699503611,-1
24863.6,0.299432411608,-1
24967.3,0.295261655966,-1
25000.0,0.293951942861,-1
25042.5,0.292251942861,-1
24881.3,0.298688999864,-1
24920.1,0.297129595814,-1
24867.1,0.299256393058,-1
24846.15,0.300098871674,-1
24849.8,0.299951967626,-1
24840.0,0.300346336998,-1
24898.75,0.297981200122,-1
24907.0,0.297649858187,-1
24914.95,0.29733067081,-1
24862.0,0.299455900842,-1
25128.0,0.288756842038,-1
25110.0,0.289473174416,-1
25200.0,0.285888945025,-1
25150.0,0.287873072009,-1
25074.75,0.284881024296,1
25062.0,0.28437254465,1
25077.55,0.284993005906,1
25080.0,0.28509070285,1
25175.0,0.288878581638,1
25130.6,0.287114927219,1
25162.85,0.28839822328,1
25098.0,0.285821011239,1
24969.95,0.28071901108,1
24932.8,0.279231222758,1
24727.95,0.271015137922,1
24700.0,0.269884837999,1
24657.35,0.268158117351,1
24637.0,0.267332805628,1
24688.2,0.265254630526,-1
24715.1,0.264165041167,-1
24667.9,0.266074804834,-1
24681.0,0.265543750306,-1
24620.05,0.268013261266,-1
24614.0,0.268258995941,-1
24651.05,0.266753755021,-1
24640.0,0.267202011789,-1
24628.4,0.26767279101,-1
24547.5,0.270957616659,-1
24481.65,0.27364017089,-1
24510.0,0.272482160707,-1
24494.05,0.273132915501,-1
24469.4,0.274139282353,-1
24467.15,0.274231233934,-1
24467.15,0.274231233934,-1
24443.2,0.27521009743,-1
24357.3,0.278724367248,-1
24297.45,0.281181536146,-1
24246.1,0.283294926646,-1
24459.8,0.274481138036,-1
24440.0,0.275290629528,-1
24230.0,0.283883100887,-1
24260.45,0.282626394325,-1
24140.15,0.28758508223,-1
24093.4,0.289521689915,-1
24150.1,0.287168348336,-1
24236.25,0.283601075323,-1
24150.0,0.287159794184,-1
24150.05,0.287157723791,-1
24155.2,0.286944473714,-1
24085.0,0.289850680246,-1
24083.0,0.289933719482,-1
24600.0,0.268466294327,-1
24670.7,0.265592310587,-1
24627.15,0.267357562485,-1
24594.95,0.268665062541,-1
24546.85,0.270620748566,-1
24490.0,0.272936728009,-1
24360.0,0.278245017107,-1
24110.1,0.288503637796,-1
24270.0,0.281871562442,-1
24184.1,0.285410911433,-1
24287.85,0.281120902708,-1
23948.6,0.267153013414,1
24039.95,0.263338594199,-1
24464.6,0.245674247975,-1
24813.5,0.259935670602,1
24753.5,0.257517632035,1
24710.15,0.255766364537,1
24700.25,0.255365719458,1
24870.1,0.262242168077,1
24906.3,0.263697731183,1
25140.0,0.273080899297,1
25147.0,0.273359340029,1
25106.15,0.271734891785,1
25235.1,0.276871083514,1
25520.0,0.288160913949,1
25256.0,0.277816086363,1
25058.0,0.269976365109,1
24893.25,0.263401618521,1
24921.9,0.264552532925,1
24931.0,0.264917673625,1
24933.85,0.265031989135,1
24920.0,0.264476519362,1
24951.3,0.265732538624,1
25006.55,0.267946852107,1
24955.3,0.265897389066,1
24905.65,0.263907831738,1
24885.0,0.263078702604,1
24772.95,0.258575990127,1
25002.2,0.267830035366,1
24900.0,0.263742395078,1
24868.95,0.262495407126,1
24892.0,0.263422265719,1
24929.3,0.264920739124,1
24942.6,0.265454247887,1
24939.95,0.265560491823,-1
24908.25,0.266831544892,-1
24863.55,0.268626131023,-1
24901.9,0.267083712503,-1
24906.0,0.266919066432,-1
24792.0,0.271496276743,-1
24402.0,0.287227157672,-1
24524.95,0.282188636239,-1
24216.15,0.294779895345,-1
24189.95,0.295861817946,-1
24082.7,0.300295477379,-1
24230.0,0.294179053556,-1
24181.4,0.296184831517,-1
24160.15,0.297063606113,-1
24165.25,0.296852514708,-1
24070.9,0.300756881516,-1
24014.05,0.303118654445,-1
23880.0,0.308700803229,-1
23929.7,0.306619563698,-1
24068.0,0.300840134787,-1
24170.1,0.296597987538,-1
24463.95,0.284440404408,-1
24401.05,0.287011534581,-1
24369.9,0.288288118991,-1
24275.0,0.2921822671,-1
24282.05,0.291891844854,-1
24245.0,0.293417663309,-1
24191.8,0.295611930168,-1
24168.2,0.296587467333,-1
24165.0,0.296719872726,-1
24150.0,0.29734060519,-1
23990.0,0.303965863989,-1
24060.0,0.301047981538,-1
24141.25,0.297671007307,-1
24000.0,0.303521988511,-1
24129.95,0.298107405178,-1
24098.95,0.299392115673,-1
24056.8,0.301141154531,-1
23930.3,0.306399543012,-1
23920.05,0.306827870279,-1
23900.05,0.307663988933,-1
24050.0,0.301389943481,-1
24051.1,0.301344205435,-1
24190.0,0.295569001806,-1
23038.35,0.343177517722,-1
23559.3,0.320565221268,-1
22848.35,0.35074226388,-1
22823.55,0.351827681426,-1
23090.0,0.340153336287,-1
23206.05,0.335127351012,-1
23000.0,0.344006501062,-1
23190.0,0.335745631496,-1
23274.95,0.332082414592,-1
23703.05,0.313689249408,-1
23500.15,0.322249329229,-1
23247.85,0.332985430914,-1
23495.85,0.322317777776,-1
23780.15,0.310217768625,-1
23720.0,0.312747189172,-1
23690.05,0.314009836726,-1
23779.95,0.310214994588,-1
23786.95,0.309920628957,-1
23730.1,0.312310594883,-1
23623.1,0.316819636143,-1
23490.0,0.322453951707,-1
23335.0,0.329052504283,-1
23306.0,0.330295272656,-1
23220.2,0.333976728076,-1
23079.15,0.340051180492,-1
22610.55,0.360355221152,-1
22375.05,0.370770713035,-1
22305.0,0.373901432296,-1
22215.7,0.377905018936,-1
22202.1,0.378517198611,-1
22225.0,0.377485764647,-1
22196.05,0.378788351824,-1
22191.4,0.378997848559,-1
22235.0,0.377033123485,-1
22207.55,0.378267663624,-1
22000.0,0.387613584268,-1
21862.45,0.393865856996,-1
21783.95,0.397456488421,-1
21007.0,0.433122655484,-1
20230.15,0.470103185784,-1
20460.0,0.458741431175,-1
20518.05,0.455904187773,-1
20450.85,0.459179352811,-1
20353.1,0.463959105241,-1
20275.55,0.467769335624,-1
20316.95,0.465727467463,-1
20394.8,0.461895691532,-1
20382.15,0.462515947675,-1
20366.35,0.463291135769,-1
20373.35,0.462947431571,-1
20555.9,0.453987196754,-1
20109.7,0.475693860048,-1
20659.1,0.448373711065,-1
20831.0,0.440052922647,-1
21000.0,0.431940014002,-1
21041.1,0.429982871144,-1
21470.0,0.409598955855,-1
21415.6,0.412132723903,-1
21540.05,0.406321539533,-1
21229.65,0.42073190534,-1
21376.95,0.413793496087,-1
21096.95,0.426891716366,-1
21035.0,0.429828159786,-1
20813.9,0.440339212793,-1
20739.95,0.443892126951,-1
20755.5,0.444641887678,1
20771.15,0.445395904686,1
20824.65,0.447971592599,1
20796.25,0.446607824181,1
20812.0,0.44736517226,1
20800.0,0.446788581831,1
20799.95,0.446786177985,1
20805.35,0.447045793994,1
20992.75,0.456053092598,1
21003.0,0.456541356403,1
20944.2,0.453741756346,1
21486.65,0.47964152812,1
21341.05,0.472865227487,1
21440.9,0.477544003836,1
21400.05,0.475638766649,1
21379.9,0.474697180064,1
21468.0,0.478817872864,1
21668.8,0.488171329171,1
21755.0,0.492149399023,1
21756.55,0.492220647012,1
21880.2,0.497903992947,1
21765.9,0.492680091886,1
21765.0,0.492638742803,1
21361.1,0.47408142601,1
21098.95,0.461809117936,1
20684.25,0.442154111407,1
20700.05,0.442917977634,1
20770.6,0.446326181962,1
20758.85,0.445760478516,1
20794.3,0.447468183904,1
20822.5,0.448824324769,1
20801.0,0.44779178785,1
20697.3,0.442806450607,1
20660.0,0.444608618039,-1
20172.5,0.468204939433,-1
20619.8,0.446031188039,-1
20367.5,0.458267000219,-1
20520.05,0.450777126646,-1
20459.95,0.453705969412,-1
20432.45,0.455050058719,-1
20426.3,0.455351050523,-1
20448.9,0.454244633796,-1
20414.7,0.455917095395,-1
20403.0,0.456490211826,-1
20459.4,0.453725912458,-1
20521.8,0.450675969645,-1
20670.05,0.443451944462,-1
20710.0,0.441519196355,-1
20709.4,0.441548167867,-1
20766.8,0.438776479648,-1
20880.35,0.433308617483,-1
20970.1,0.429010317886,-1
21005.05,0.427343659167,-1
21008.45,0.42718179333,-1
21234.9,0.4379607894,1
21328.85,0.442385109741,1
21281.4,0.440160423459,1
21025.4,0.428131139671,1
20998.95,0.426873137446,1
20940.15,0.424072997439,1
20615.35,0.408562124785,1
20498.05,0.402872189858,1
20427.0,0.399406006489,1
20465.0,0.401266289448,1
20519.0,0.403904940804,1
20432.75,0.399701519584,1
20425.0,0.399322226538,1
20300.8,0.393241443184,1
20271.0,0.391773520738,1
20300.0,0.390342905573,-1
20398.85,0.385473447445,-1
20332.95,0.388704021718,-1
20435.1,0.383680156514,-1
20407.1,0.385050347998,-1
20250.15,0.392741298696,-1
20225.5,0.39395857363,-1
20243.8,0.393053775232,-1
20225.25,0.39397010517,-1
20234.9,0.393492978806,-1
19999.9,0.405106577094,-1
20033.1,0.403446568794,-1
20137.95,0.398212730796,-1
20079.2,0.401130108185,-1
20154.15,0.39739738975,-1
20180.05,0.396112294621,-1
20498.7,0.380321947223,-1
20194.0,0.395186304475,-1
20163.5,0.396696654084,-1
20216.9,0.394048304343,-1
20200.0,0.394884238636,-1
20321.15,0.388886713883,-1
20284.9,0.39067056962,-1
20304.0,0.389728982528,-1
20289.7,0.390433277248,-1
20190.95,0.395300278732,-1
20121.8,0.398725080437,-1
20227.55,0.393469586396,-1
20214.6,0.394109802339,-1
20899.5,0.360228350319,-1
20953.75,0.362824106199,1
21000.05,0.365033734547,1
21105.0,0.370031341696,1
21151.0,0.372210919994,1
21101.05,0.369849329526,1
21110.05,0.370275848585,1
21097.0,0.369657659619,1
21240.05,0.376438244536,1
21415.5,0.384698582906,1
21255.6,0.377232028308,1
21259.95,0.377436680258,1
21406.1,0.384311108467,1
21380.45,0.383112851895,1
21275.85,0.378220532043,1
21182.0,0.373809427433,1
21199.95,0.374656845052,1
21247.45,0.376897416374,1
21243.9,0.376730337501,1
21240.9,0.376589120493,1
21228.55,0.376007695035,1
21425.1,0.385266452699,1
21375.35,0.382944409861,1
21424.0,0.385220395986,1
21750.0,0.400436975523,1
21865.8,0.405761113454,1
22204.0,0.421228189893,1
22249.75,0.423288629453,1
22284.75,0.424861680836,1
22220.05,0.421958350083,1
22150.0,0.41880579192,1
22217.9,0.421871254674,1
22211.65,0.42158994996,1
22199.95,0.421063199359,1
22184.95,0.420387522161,1
22370.0,0.428728762507,1
22194.95,0.420903550169,1
22458.95,0.432798147814,1
22573.95,0.437918600907,1
22569.95,0.437741405511,1
22576.3,0.438022753055,1
22649.75,0.441276164819,1
22798.0,0.447821490926,1
22840.0,0.449663757792,1
22869.3,0.45094659492,1
22870.0,0.45097720364,1
22880.0,0.451414457684,1
22820.0,0.448792080062,1
22724.7,0.4446159188,1
22820.0,0.448809593524,1
23000.0,0.456697411228,1
22831.25,0.449360454706,1
22808.85,0.448379343291,1
22682.25,0.442828866173,1
22743.55,0.445531419932,1
22700.0,0.443616591332,1
22724.95,0.444715710275,1
22725.9,0.444757514547,1
22698.35,0.443545241326,1
22755.95,0.446082870713,1
22722.9,0.444630503311,1
22755.95,0.446084983152,1
22820.0,0.448899631629,1
22699.9,0.443636704372,1
22620.05,0.440119067731,1
22577.45,0.438235782769,1
22556.05,0.437287934363,1
22566.6,0.436820210625,-1
22538.8,0.43805211973,-1
22511.3,0.439272237926,-1
22534.9,0.438223875548,-1
22532.0,0.438352564826,-1
22566.0,0.436843599798,-1
22497.65,0.439872492823,-1
22479.95,0.440659241661,-1
22826.9,0.425225488472,-1
22825.15,0.425302152408,-1
22835.2,0.424861848621,-1
22970.3,0.418945543968,-1
22996.0,0.417826707906,-1
23050.0,0.41547847343,-1
23170.05,0.420686716381,1
23300.0,0.426295249811,1
23336.0,0.427840314188,1
23369.6,0.429280149636,1
23218.45,0.422812345309,1
23312.05,0.42684362216,1
23530.9,0.436231470933,1
23501.4,0.434977800228,1
23476.4,0.433914033814,1
23430.0,0.431937580865,1
23288.05,0.425879108821,1
23286.25,0.42580181596,1
23407.1,0.430991573865,1
23256.05,0.424538403673,1
23276.95,0.425437094551,1
23266.05,0.424968820142,1
23176.7,0.421128460477,1
23246.2,0.424127161759,1
23288.0,0.425925305111,1
23030.9,0.4148852845,1
23053.15,0.415851377878,1
22995.1,0.413333283822,1
22998.95,0.413500710795,1
22945.0,0.411154951533,1
22870.5,0.407908056784,1
22876.0,0.407667572317,-1
22820.1,0.41011118134,-1
22838.7,0.409296110416,-1
22830.0,0.40967704278,-1
22920.0,0.40573486144,-1
22805.8,0.410717409433,-1
22953.9,0.404223447371,-1
22900.1,0.406567275653,-1
22826.25,0.4097921524,-1
22800.0,0.410942144186,-1
22814.85,0.410290828396,-1
22862.0,0.408224191973,-1
22781.0,0.411767189086,-1
22679.75,0.416211682304,-1
22646.55,0.417675543237,-1
22546.75,0.422082395495,-1
22262.5,0.434689533996,-1
22210.0,0.437047759712,-1
22090.8,0.442414711536,-1
22165.0,0.439055847212,-1
22099.0,0.442033514706,-1
22101.75,0.441909074686,-1
22131.1,0.440581125542,-1
22300.25,0.432938035049,-1
22460.0,0.425774438228,-1
22352.0,0.430582986759,-1
22250.0,0.435146336795,-1
22300.1,0.432894651402,-1
22339.05,0.431148022463,-1
22299.0,0.432940847135,-1
22335.15,0.431319698205,-1
22155.15,0.439378744148,-1
22124.0,0.440784737788,-1
22105.65,0.441614153807,-1
22060.55,0.443654356199,-1
22072.65,0.443105865794,-1
22035.05,0.444809331395,-1
22068.9,0.44327314246,-1
22011.0,0.445896743999,-1
21948.0,0.44875894926,-1
21934.3,0.449383151921,-1
21990.0,0.446843750162,-1
21934.0,0.449390362258,-1
21790.0,0.455955512253,-1
22036.75,0.444631510418,-1
21811.0,0.454875761498,-1
21718.0,0.459139665033,-1
21644.45,0.4625262568,-1
21520.0,0.468275998651,-1
21573.15,0.465806203112,-1
21675.0,0.461085056687,-1
21682.0,0.460762103977,-1
21597.9,0.464640897446,-1
21537.95,0.467416630272,-1
21547.65,0.466966262433,-1
21498.0,0.469270458018,-1
21590.0,0.46499099016,-1
21550.0,0.466843699748,-1
21531.85,0.467685927126,-1
21540.0,0.46730741808,-1
21578.25,0.465531652064,-1
21591.0,0.46494077931,-1
21585.5,0.465195515079,-1
21670.15,0.461273901033,-1
21785.15,0.455967061902,-1
21774.95,0.45643527075,-1
21830.25,0.453895655275,-1
21875.0,0.451845747463,-1
21678.35,0.460835461749,-1
21551.0,0.466709986332,-1
21562.95,0.466155487701,-1
21589.0,0.464947396971,-1
21578.9,0.465415227811,-1
21582.1,0.465266934803,-1
21545.25,0.466974368278,-1
21530.0,0.467682180905,-1
21557.4,0.468954823729,1
21548.2,0.468528056122,1
21576.9,0.469859953914,1
21600.0,0.468789364534,-1
21625.0,0.467631957126,-1
21604.6,0.466688604525,1
21488.0,0.461291605738,1
21375.1,0.466545701047,-1
21408.05,0.465004187791,-1
21410.75,0.464878067009,-1
21312.95,0.469445865895,-1
21298.25,0.470135587403,-1
21252.45,0.472285998821,-1
21247.95,0.472497739115,-1
21320.0,0.469106823756,-1
21275.0,0.47121751794,-1
21213.1,0.474127036154,-1
21165.25,0.476382717784,-1
21450.1,0.462924336712,-1
21450.85,0.46288937184,-1
21450.05,0.462926666399,-1
21403.7,0.465087500523,-1
21403.05,0.465117869104,-1
21408.0,0.464886593655,-1
21395.1,0.46548917213,-1
21400.0,0.465260147728,-1
21454.95,0.462692390718,-1
21456.6,0.462615485389,-1
21440.0,0.463389140115,-1
21259.05,0.471828972205,-1
21430.0,0.463787690962,-1
21447.85,0.462954746492,-1
21440.0,0.463320750543,-1
21431.7,0.463707877409,-1
21281.0,0.470739517456,-1
21263.4,0.469912488651,1
21330.05,0.473046982664,1
21302.3,0.471746001185,1
21222.05,0.467978802338,1
21279.95,0.47070709673,1
21210.05,0.467422314576,1
21268.6,0.470182798403,1
21355.0,0.466120471781,-1
21020.0,0.481807664476,-1
21000.0,0.482759139262,-1
20980.8,0.483673424976,-1
20999.9,0.482763068841,-1
20985.6,0.483444024464,-1
20991.3,0.483172409643,-1
20987.3,0.483362964778,-1
21000.0,0.482757836915,-1
20989.05,0.483279265486,-1
20915.2,0.4867977668,-1
20890.95,0.487957210649,-1
20929.0,0.48613584781,-1
20575.35,0.503033454003,-1
20580.0,0.502807455417,-1
20509.05,0.506254977283,-1
20520.0,0.505721066643,-1
20504.55,0.50647399062,-1
20506.85,0.506361820394,-1
20507.0,0.506354505765,-1
20492.2,0.507076210549,-1
20500.0,0.506695577918,-1
20449.95,0.509137041333,-1
20500.0,0.506689602586,-1
20299.0,0.516494480635,-1
20250.0,0.51890839265,-1
20403.8,0.511313330922,-1
20494.0,0.506892585766,-1
20492.0,0.506990175305,-1
20577.95,0.50279585557,-1
20644.95,0.499539943295,-1
20573.0,0.503025057088,-1
20586.45,0.502371287584,-1
20598.0,0.501810238934,-1
20630.0,0.500256690045,-1
20728.0,0.495506326497,-1
20780.7,0.492963871846,-1
20681.0,0.497761592809,-1
20853.9,0.48940126207,-1
20911.15,0.48665597222,-1
20900.0,0.48612276386,1
20963.7,0.48917061075,1
20836.9,0.48312206016,1
20925.0,0.487350136314,1
20950.05,0.48854726893,1
20955.15,0.488790705103,1
20965.65,0.489291775246,1
20979.95,0.489973843295,1
20994.7,0.490676895495,1
20865.0,0.484499145873,1
20870.0,0.484738781626,1
20998.0,0.490871987185,1
20860.0,0.484299932703,1
20848.95,0.483770210747,1
20860.25,0.484312204469,1
20826.05,0.482672722679,1
20727.1,0.477921461638,1
20737.4,0.478418395604,1
20781.0,0.480520877111,1
20885.5,0.485549509034,1
20970.1,0.489600166189,1
20990.05,0.490551520737,1
21521.65,0.515877806286,1
21780.0,0.527881997415,1
21791.95,0.528430665918,1
21705.6,0.524468193537,1
21669.15,0.5227889034,1
21749.5,0.52649693994,1
21821.0,0.529784371835,1
21792.1,0.528459959572,1
21782.9,0.528037788235,1
21670.0,0.522854823616,1
21798.0,0.528761607187,1
21792.95,0.528529934557,1
