287.35,0.0,0
287.35,0.0,0
287.9,0.0,0
287.65,0.0,0
287.75,0.0,0
287.45,0.0,0
287.5,0.0,0
287.1,0.0,0
288.15,0.0,0
287.7,0.0,0
286.85,0.0,0
286.75,0.0,0
287.8,0.0,0
287.0,0.0,0
286.3,0.0,0
286.0,0.0,0
286.45,0.0,0
285.5,0.0,0
284.7,0.0,0
284.95,0.0,0
283.9,0.0,0
284.2,0.0,0
283.5,0.0,0
283.95,0.0,0
283.45,0.0,0
284.2,0.0,0
284.05,0.0,0
284.05,0.0,0
284.3,0.0,0
284.4,-0.000351741118537,-1
284.0,0.00105472864236,-1
283.85,0.00158289765645,-1
283.65,0.00228749515513,-1
281.8,0.00880961748899,-1
281.55,0.00969677149893,-1
281.25,0.0107623016002,-1
281.65,0.00934007937793,-1
280.55,0.0132456359197,-1
280.9,0.0119980864633,-1
280.45,0.0136000800553,-1
281.5,0.00985609717069,-1
281.45,0.0100337170641,-1
281.25,0.0107443228556,-1
281.75,0.00896654507777,-1
282.4,0.00665953531735,-1
282.6,0.0059513200199,-1
284.6,-0.00112582081521,-1
284.2,0.000279660562167,-1
284.0,0.000983390329936,-1
283.8,0.00168761568205,-1
283.1,0.00415414140439,-1
282.6,0.00592030177175,-1
282.6,0.00592030177175,-1
281.85,0.00857422958491,-1
281.2,0.0108804208214,-1
281.1,0.0112360395981,-1
279.55,0.0167500915369,-1
278.95,0.018896398101,-1
279.95,0.0153115262602,-1
279.8,0.0158473362262,-1
279.95,0.0153112390139,-1
282.85,0.00495224633667,-1
282.95,0.00459870205524,-1
283.55,0.00247818606302,-1
284.5,-0.000872193058828,-1
284.8,0.000182288487745,1
284.9,0.00053341208325,1
284.65,-0.00034408879425,1
284.85,0.000358528455003,1
286.0,0.00439574102302,1
283.9,-0.00294691631964,1
283.65,-0.0038275080773,1
283.05,-0.00594279099639,1
282.75,-0.00700267440921,1
282.7,-0.00717950906881,1
282.8,-0.00682577719756,1
281.6,-0.0110690586686,1
281.55,-0.0112466154867,1
281.15,-0.0126673222884,1
280.4,-0.0153349374404,1
280.25,-0.0158698875118,1
280.15,-0.0162267117758,1
279.3,-0.0192608006568,1
278.9,-0.0206929524649,1
281.35,-0.0294774630421,-1
280.7,-0.0271671733673,-1
279.6,-0.023248398875,-1
279.65,-0.0234272257706,-1
279.4,-0.0225332511595,-1
280.35,-0.0259333943234,-1
281.45,-0.0298570611684,-1
279.9,-0.0243498662848,-1
279.95,-0.0245285015116,-1
279.85,-0.0241712948676,-1
281.0,-0.0282806391592,-1
277.5,-0.0158251231449,-1
276.55,-0.0124016997215,-1
276.85,-0.0134864945145,-1
276.25,-0.0113192559376,-1
276.3,-0.0115002514128,-1
275.1,-0.00715714609245,-1
274.25,-0.00406736055991,-1
274.3,-0.00424967596557,-1
274.8,-0.0060724976936,-1
274.45,-0.00479884412737,-1
273.15,-6.20979076594e-05,-1
273.75,-0.00225869318498,-1
273.55,-0.00152809957767,-1
275.35,-0.00810824945887,-1
276.0,-0.0104688813819,-1
276.0,-0.0104688813819,-1
276.75,-0.0131862726862,-1
276.1,-0.0108375825327,-1
276.7,-0.0130107082118,-1
276.4,-0.0119265014897,-1
277.15,-0.0146399602451,-1
277.95,-0.0175264837883,-1
277.3,-0.0151879336894,-1
277.3,-0.0151879336894,-1
278.2,-0.0184335160911,-1
275.55,-0.00890799488333,-1
275.75,-0.00963381596844,-1
276.5,-0.0123536709095,-1
279.4,-0.0228419168408,-1
280.0,-0.0206944580004,1
281.45,-0.0155158865718,1
282.1,-0.0132064177497,1
282.5,-0.0117884808479,1
282.85,-0.0105495427948,1
283.8,-0.00719087212127,1
283.9,-0.00683851130379,1
284.4,-0.00507732778847,1
284.1,-0.00613218010915,1
282.9,-0.0103560449455,1
284.2,-0.00576078160153,1
283.1,-0.00963129532426,1
283.9,-0.00680543873648,1
283.25,-0.0090949773064,1
284.25,-0.00556452717401,1
284.5,-0.0046850196982,1
284.95,-0.00310329737834,1
285.35,-0.00169954233359,1
285.0,-0.00292610620253,1
285.05,-0.00275066760604,1
284.25,-0.00555719277706,1
282.7,-0.0110101391271,1
282.9,-0.0103026753846,1
282.9,-0.0103026753846,1
285.1,-0.00252607587949,1
285.15,-0.00235069881881,1
285.7,-0.000421889420251,1
285.8,-7.18719193762e-05,1
285.9,0.000278023112114,1
286.5,0.00237665899879,1
285.85,0.000107898091284,1
286.0,0.000632648834681,1
285.25,-0.0019897287877,1
285.5,-0.00111330459839,1
287.1,0.00449089855397,1
287.4,0.00553583063339,1
287.3,0.00518788352135,1
287.25,0.00501384941066,1
287.25,0.00501384941066,1
288.8,0.0104098459294,1
287.5,0.00590846088783,1
288.1,0.00799541740956,1
287.35,0.00539215465358,1
287.15,0.00469613934124,1
286.8,0.00347726418888,1
287.5,0.00591798943295,1
288.75,0.0102658155199,1
286.55,0.00264676790086,1
288.25,0.00857941490837,1
288.45,0.00927325705928,1
288.1,0.00805987519067,1
289.05,0.0113573413483,1
290.1,0.0149899308656,1
289.7,0.0136110959811,1
290.15,0.0151644270132,1
290.75,0.0172323229291,1
291.1,0.0184361062481,1
290.95,0.0179208194051,1
291.65,0.0203267310738,1
289.9,0.0143263881971,1
288.85,0.0107044495975,1
289.25,0.0120892513978,1
290.05,0.0148550249501,1
290.0,0.0146826408784,1
289.75,0.0138205719128,1
290.15,0.0152010723442,1
289.35,0.0124438777897,1
290.1,0.0150358943786,1
289.9,0.0143464769363,1
289.3,0.0122767977366,1
289.6,0.0133137835645,1
291.85,0.0210831205811,1
291.4,0.0195412326249,1
291.15,0.0186833053771,1
291.45,0.0197137020799,1
291.75,0.0207430381581,1
292.45,0.0231423526397,1
293.0,0.0250230160009,1
293.1,0.0253643129293,1
292.15,0.0221230983267,1
292.45,0.0231499680854,1
292.9,0.0246886926537,1
292.9,0.0246886926537,1
292.95,0.0248593993796,1
294.75,0.0310037926207,1
295.0,0.0318519690414,1
295.4,0.0332079012448,1
295.7,0.0342234733505,1
296.0,0.0352380151158,1
296.05,0.0354069340347,1
296.6,0.0372647283262,1
296.65,0.0374333055345,1
294.9,0.0315340977139,1
296.5,0.036959665703,1
297.35,0.0398264447924,1
296.8,0.0379767726888,1
298.4,0.0433676082683,1
298.25,0.0428649273032,1
298.3,0.0430325718966,1
298.45,0.043535421377,1
298.9,0.0450432116267,1
299.55,0.0472178519746,1
300.0,0.0487201053547,1
299.5,0.047053438688,1
299.3,0.0463856590553,1
300.0,0.0487244495665,1
300.05,0.0488911162331,1
300.0,0.0487244773396,1
299.5,0.047057810673,1
300.05,0.0488942046629,1
299.85,0.0482276490889,1
299.5,0.0470603987971,1
299.55,0.0472273437052,1
299.7,0.0477280948319,1
299.8,0.0480617618323,1
299.65,0.0475614282766,1
299.65,0.0475614282766,1
299.7,0.0477282896148,1
299.75,0.047895123115,1
300.6,0.0507308195286,1
300.95,0.0518951575193,1
301.7,0.054387265843,1
300.55,0.0505755323328,1
300.2,0.049411000641,1
300.85,0.0515762238255,1
301.85,0.054900139398,1
301.8,0.05473449421,1
301.75,0.0545688215792,1
302.45,0.0568886227391,1
302.55,0.0572192559016,1
301.85,0.0549055887391,1
302.0,0.0554025243031,1
304.5,0.0636806699985,1
305.0,0.0653227061233,1
303.05,0.0589292635003,1
302.2,0.0561244458135,1
301.45,0.0536426456811,1
301.1,0.0524815907798,1
300.05,0.0489943772295,1
300.3,0.0498275716971,1
300.05,0.0489950708646,1
301.55,0.0539942376701,1
300.8,0.0515070879437,1
303.0,0.0588209177309,1
304.0,0.0621212477639,1
304.15,0.0626146688166,1
304.55,0.0639298093722,1
305.9,0.0683625790324,1
305.5,0.0670549621641,1
305.45,0.066891296043,1
304.4,0.063453744889,1
304.7,0.0644392902241,1
305.3,0.0664084402076,1
305.9,0.0683737202601,1
306.05,0.0688640765856,1
306.7,0.0709879125602,1
305.65,0.0675643716407,1
305.85,0.0682187148437,1
307.6,0.0739404738759,1
306.75,0.0711771448772,1
305.7,0.0677541619921,1
305.35,0.0666092486784,1
305.55,0.06726423476,1
306.75,0.0711915788935,1
306.2,0.0693985878585,1
307.25,0.0728277191452,1
307.85,0.0747805263055,1
308.45,0.0767295274424,1
308.45,0.0767295274424,1
307.35,0.0731633092547,1
309.3,0.0795078675758,1
308.7,0.0775680033663,1
308.6,0.0772440642669,1
307.45,0.0735175574619,1
308.9,0.0782337714805,1
309.45,0.0800142829729,1
308.25,0.0761364351784,1
308.95,0.0784073192011,1
309.35,0.0797020270826,1
308.3,0.0763078134088,1
308.5,0.0769565321892,1
308.4,0.0766323830806,1
306.85,0.0716064427434,1
307.25,0.0729100112622,1
304.5,0.0639596451109,1
304.7,0.0646164595608,1
304.95,0.0654369387206,1
304.85,0.0651090161104,1
304.75,0.0654370462891,-1
304.95,0.0647807706534,-1
304.5,0.0662564223996,-1
304.55,0.0660922187871,-1
304.3,0.0669131020575,-1
303.85,0.0683919058695,-1
303.85,0.0683919058695,-1
302.25,0.0736576619992,-1
303.45,0.0696874386741,-1
302.6,0.0724885591223,-1
303.15,0.0706709781573,-1
304.0,0.0678670856948,-1
303.7,0.0688539278001,-1
303.5,0.0695124724165,-1
303.2,0.0705009402913,-1
303.0,0.0711605708982,-1
302.35,0.0733057854196,-1
303.4,0.0698329889916,-1
304.45,0.0663722111406,-1
304.3,0.0668649028798,-1
304.6,0.0658790336718,-1
302.65,0.0722808721485,-1
302.9,0.0714548354725,-1
303.9,0.068153415862,-1
303.45,0.0696341661088,-1
303.35,0.069963709691,-1
303.0,0.0711174924501,-1
303.4,0.0697973604369,-1
303.8,0.0684789688747,-1
303.6,0.0691372967219,-1
303.9,0.0681491544294,-1
303.7,0.0688072656502,-1
303.75,0.0686426294961,-1
303.05,0.0709471562451,-1
305.6,0.0793616093056,1
305.0,0.0773982585203,1
304.8,0.0767425208154,1
304.8,0.0767425208154,1
304.8,0.0767425208154,1
304.8,0.0767425208154,1
301.5,0.0659157491618,1
300.0,0.0609406247837,1
300.2,0.0616072914504,1
299.6,0.0636059590054,-1
301.05,0.0587661726235,-1
302.25,0.0547801237944,-1
297.05,0.0719844248697,-1
297.0,0.072152746701,-1
296.9,0.0724894470377,-1
297.0,0.0721526332957,-1
298.8,0.0660920272351,-1
299.0,0.0654226831923,-1
299.05,0.065255459112,-1
299.1,0.065088262991,-1
299.1,0.065088262991,-1
299.7,0.0630822449368,-1
298.85,0.0659184144396,-1
299.0,0.0654164903975,-1
300.0,0.0620720087921,-1
299.2,0.0647386754588,-1
299.0,0.0654071246567,-1
299.55,0.0635676597737,-1
299.15,0.0649029961116,-1
299.45,0.0639001547276,-1
299.75,0.062898318027,-1
300.05,0.0618974839987,-1
300.05,0.0618974839987,-1
299.95,0.0622307617857,-1
300.0,0.0620640673366,-1
299.95,0.0622307340033,-1
300.2,0.0630642062487,1
299.9,0.0620648724712,1
300.1,0.0627317614342,1
300.7,0.0647310949897,1
300.3,0.0634008655251,1
300.05,0.0625683646926,1
300.1,0.0627350035861,1
300.0,0.0624017813268,1
300.05,0.0625684479935,1
300.4,0.0637349202481,1
300.6,0.0644006992095,1
300.3,0.0634026952175,1
300.45,0.063902195717,1
300.1,0.0627372764293,1
300.3,0.0634037209478,1
300.7,0.0647357222798,1
300.55,0.0642368862305,1
300.7,0.0647359712414,1
301.55,0.0675627088536,1
300.9,0.0654071790907,1
300.3,0.0634131611445,1
300.45,0.063912661644,1
300.65,0.0645783298085,1
300.5,0.0640794107996,1
300.45,0.0639130214486,1
300.85,0.0652443577774,1
301.55,0.0675710986782,1
300.05,0.0625967992254,1
299.95,0.0622635214383,1
300.1,0.0627636047855,1
300.0,0.0624303825263,1
300.65,0.064597049193,1
300.05,0.0626013731577,1
300.4,0.0637678454123,1
300.65,0.0646000691141,1
301.5,0.0674272768307,1
300.65,0.0646080396831,1
301.1,0.0661047967095,1
300.0,0.0624515253711,1
300.05,0.0626181920378,1
299.7,0.0637846642924,-1
299.45,0.0646188317932,-1
299.35,0.0649527773601,-1
299.3,0.065119805922,-1
300.0,0.0627810154108,-1
300.05,0.0626143487441,-1
300.05,0.0626143487441,-1
300.1,0.0624477098506,-1
300.2,0.0621144875914,-1
300.25,0.0619479319618,-1
300.25,0.0619479319618,-1
299.2,0.0654450177236,-1
299.65,0.0639410070285,-1
299.6,0.0641078683667,-1
299.5,0.0644416467378,-1
300.05,0.0626052527479,-1
299.65,0.063938363896,-1
299.4,0.0647726705871,-1
299.25,0.0652736725912,-1
299.2,0.0654407569688,-1
299.25,0.0652736446693,-1
299.3,0.0651065602917,-1
300.95,0.0595936969439,-1
302.85,0.0532803558573,-1
303.2,0.0521246682232,-1
302.55,0.0499808687509,1
302.3,0.04915455905,1
300.8,0.0441926007305,1
300.7,0.0438601539219,1
300.15,0.0420310884081,1
299.75,0.0406984214083,1
300.25,0.0423664781222,1
300.0,0.0415338386551,1
300.05,0.0417005053218,1
300.2,0.0422004220023,1
300.05,0.0417007551136,1
297.9,0.0345352826923,1
295.8,0.0274859372744,1
296.0,0.0268098047524,-1
296.1,0.0264719669146,-1
295.8,0.0274851381405,-1
296.0,0.0268090056186,-1
296.05,0.0266400866996,-1
295.7,0.0278223194306,-1
295.85,0.027315048548,-1
296.5,0.0251179892274,-1
296.25,0.0259611595478,-1
296.3,0.0257923831764,-1
296.25,0.0259611310671,-1
296.85,0.0239358146114,-1
294.65,0.0313469650241,-1
293.55,0.0350802078545,-1
292.9,0.0372944814025,-1
292.25,0.0395136688385,-1
291.95,0.0405401872303,-1
291.35,0.0425953336595,-1
291.4,0.0424237187633,-1
291.4,0.0424237187633,-1
291.55,0.0419089624146,-1
293.05,0.0367640473057,-1
292.0,0.0403470536186,-1
290.45,0.0456552727967,-1
289.65,0.0484096195001,-1
290.0,0.047201264589,-1
290.45,0.0456495404511,-1
290.6,0.0451331004442,-1
292.3,0.0392831348558,-1
292.0,0.0403094776542,-1
290.6,0.0451039982022,-1
291.75,0.0411466685394,-1
294.05,0.0332632066714,-1
292.95,0.0370040670693,-1
294.25,0.0325664497284,-1
293.2,0.036134843951,-1
293.55,0.0349411195308,-1
294.1,0.0330675034518,-1
294.8,0.0306873606432,-1
295.1,0.0296697215659,-1
297.35,0.0220451875096,-1
294.85,0.0136375870388,1
294.8,0.0134680092874,1
294.8,0.0134680092874,1
294.35,0.0119415506714,1
294.6,0.0127908797015,1
293.7,0.00973588988478,1
289.85,-0.00337272434743,1
291.9,0.00369989942349,1
294.45,0.0124357678716,1
294.65,0.0131150003389,1
294.2,0.0115877646355,1
294.2,0.0115877646355,1
292.95,0.00733895430241,1
293.45,0.00904573020274,1
294.1,0.0112607583166,1
294.0,0.0109207379153,1
292.15,0.00462822090853,1
295.35,0.0155814983345,1
293.95,0.0108413595162,1
295.1,0.0147535894872,1
294.2,0.0117037758647,1
294.9,0.0093244420782,-1
295.25,0.00813759908057,-1
297.05,0.00204107071478,-1
295.0,-0.00486012437022,1
296.35,-0.000283853183779,1
296.5,0.000222305075036,1
301.05,0.0155680049064,1
302.6,0.0207166513107,1
302.55,0.0205514166775,1
299.0,0.00881781892504,1
294.8,-0.00522900381744,1
295.3,-0.00353293868854,1
294.7,-0.00556477072376,1
294.2,-0.00726141137527,1
293.15,-0.0108304120551,1
291.9,-0.0150944407093,1
292.25,-0.013895399942,1
290.4,-0.0202255966913,1
290.5,-0.0198812440742,1
290.0,-0.0181600736784,-1
292.85,-0.0279876598853,-1
289.1,-0.0151824695148,-1
290.4,-0.0196791834546,-1
288.35,-0.0126199548044,-1
286.8,-0.00724454297854,-1
285.45,-0.00253743000783,-1
286.35,-0.00569034645554,-1
286.4,-0.00586495794498,-1
287.95,-0.0112769691182,-1
287.6,-0.010061480318,-1
287.15,-0.00849680716086,-1
287.8,-0.0107604324438,-1
287.75,-0.0105867006856,-1
287.8,-0.0107604626318,-1
290.1,-0.0187521235074,-1
293.0,-0.0287486764202,-1
294.25,-0.0330148880243,-1
293.1,-0.0291066467329,-1
292.15,-0.0258654321303,-1
290.9,-0.0215868081358,-1
292.4,-0.0267432192737,-1
291.1,-0.0222972548414,-1
290.05,-0.0186902469403,-1
291.9,-0.0250684575936,-1
293.25,-0.0204435860623,1
292.5,-0.0230011308193,1
291.95,-0.0248814726997,1
292.55,-0.0228263262705,1
291.7,-0.0257318125122,1
289.9,-0.0319025358581,1
289.75,-0.032419955658,1
289.45,-0.0334553309815,1
288.65,-0.0362191934794,1
290.45,-0.0299832676176,1
290.3,-0.0304997076245,1
289.8,-0.0322220638078,1
289.75,-0.032394596589,1
290.4,-0.030151283388,1
289.15,-0.0344556911015,1
288.5,-0.0367036592841,1
287.0,-0.031504352525,-1
288.0,-0.0349886730824,-1
288.15,-0.0355095064158,-1
287.65,-0.0337742990585,-1
287.05,-0.0316884308158,-1
286.3,-0.0290756455868,-1
286.2,-0.0287263616189,-1
286.7,-0.0304733916678,-1
285.75,-0.0271598234781,-1
287.5,-0.0332840579488,-1
287.5,-0.0332840579488,-1
287.95,-0.0348492753401,-1
290.35,-0.0431840556839,-1
294.45,-0.0573049442666,-1
295.75,-0.0617199553042,-1
295.25,-0.0600293382289,-1
295.05,-0.0593519461883,-1
295.3,-0.0585046321737,1
295.95,-0.0563034808022,1
295.8,-0.0568103231743,1
295.85,-0.0566412900438,1
296.65,-0.0539372170338,1
298.6,-0.0473638140336,1
297.35,-0.0515500163109,1
298.25,-0.0485232801414,1
297.9,-0.0496967922957,1
299.15,-0.0455007533564,1
298.25,-0.0485092775082,1
298.0,-0.0493475004755,1
297.9,-0.0496830709453,1
297.95,-0.0495152293877,1
298.05,-0.0491796026047,1
298.1,-0.049011845517,1
298.0,-0.049347303417,1
298.4,-0.0480050215378,1
297.8,-0.0500157453984,1
297.9,-0.0496799495623,1
297.85,-0.0498477911198,1
296.0,-0.0560589712441,1
296.2,-0.0553832955684,1
297.25,-0.0518383934752,1
297.75,-0.0501563076888,1
298.2,-0.0486449726762,1
298.75,-0.0468005729445,1
298.55,-0.0474700290115,1
298.0,-0.0493122664926,1
297.9,-0.0496478369624,1
298.4,-0.0479694213867,1
299.55,-0.0441155339872,1
299.9,-0.0429471146916,1
298.8,-0.0466150039881,1
301.4,-0.0379135314312,1
301.1,-0.0389088864411,1
300.4,-0.0412336954747,1
300.8,-0.0399021375519,1
300.5,-0.0408994779774,1
300.55,-0.0407330886264,1
301.1,-0.0389031102534,1
301.35,-0.0380728213128,1
301.75,-0.0367454611004,1
301.75,-0.0367454611004,1
301.4,-0.0379053616804,1
301.85,-0.0364123291655,1
302.8,-0.0332650705933,1
302.3,-0.0349163255471,1
300.65,-0.0403744796986,1
301.0,-0.0392103353447,1
301.85,-0.0363864150789,1
302.05,-0.0357238343269,1
302.8,-0.0332408017164,1
303.4,-0.0312592957719,1
303.2,-0.031918491553,1
303.15,-0.0320833992047,1
303.55,-0.0307639203989,1
302.75,-0.0333994005504,1
301.65,-0.0370327614092,1
302.1,-0.0355409662824,1
302.4,-0.034547917623,1
302.1,-0.0355399811151,1
302.15,-0.0353744730052,1
301.85,-0.0363673573342,1
302.2,-0.0352078410181,1
301.8,-0.0365314677554,1
302.1,-0.0355374319701,1
301.55,-0.0373580211789,1
301.95,-0.0360315413249,1
301.9,-0.0361971316544,1
301.5,-0.0375220736882,1
302.45,-0.034371161582,1
302.15,-0.0353630610695,1
302.45,-0.0343701767406,1
302.05,-0.0330476440905,-1
302.35,-0.0340408571347,-1
302.05,-0.0330486295839,-1
302.05,-0.0330486295839,-1
302.05,-0.0330486295839,-1
302.0,-0.0328830940765,-1
302.25,-0.0337109086461,-1
302.3,-0.0338763346179,-1
303.0,-0.0361919151671,-1
304.15,-0.039987294705,-1
305.3,-0.0437683238025,-1
305.9,-0.0418030437501,1
306.15,-0.0409857832074,1
305.75,-0.0422923322847,1
305.4,-0.0434370583681,1
305.15,-0.0442556569274,1
306.05,-0.0413062877646,1
305.25,-0.0439202397333,1
307.15,-0.0376958335089,1
307.35,-0.0370446858611,1
307.05,-0.0380207717567,1
307.0,-0.0381836116851,1
306.0,-0.0414409406753,1
306.55,-0.0396435550544,1
306.75,-0.0389911329373,1
307.7,-0.0358941484222,1
307.05,-0.038006595611,1
306.1,-0.0411005542497,1
306.95,-0.0383236839458,1
306.95,-0.0383236839458,1
307.0,-0.0381607909665,1
306.95,-0.038323657416,1
307.0,-0.0381607644367,1
307.8,-0.0355549012445,1
307.4,-0.0368544464037,1
305.6,-0.0427100091884,1
307.05,-0.0379652447905,1
306.7,-0.0391051242889,1
306.9,-0.0384530212566,1
306.7,-0.0391046993277,1
305.55,-0.0428542917633,1
305.25,-0.0438361277967,1
305.45,-0.0431809271415,1
305.4,-0.0433446200536,1
305.6,-0.043999498901,-1
305.45,-0.0435086612046,-1
305.5,-0.0436723541167,-1
305.4,-0.0433450218745,-1
305.25,-0.042853862739,-1
305.2,-0.0426900625752,-1
304.05,-0.0389220416053,-1
304.7,-0.0410598478872,-1
304.75,-0.0412239437191,-1
304.7,-0.0410598748102,-1
305.3,-0.0430290247938,-1
305.2,-0.0427014781184,-1
306.2,-0.0459780180922,-1
306.05,-0.0454881421941,-1
306.05,-0.0454881421941,-1
305.5,-0.0436910502156,-1
303.9,-0.03845373434,-1
304.55,-0.0405925958076,-1
304.4,-0.0401000658454,-1
303.6,-0.0374719449518,-1
303.6,-0.0374719449518,-1
303.85,-0.0382953968622,-1
304.05,-0.0389536163784,-1
302.85,-0.0350068970888,-1
302.95,-0.0353370935557,-1
302.85,-0.0350070060825,-1
301.8,-0.0315399431801,-1
302.1,-0.0325339789654,-1
303.6,-0.0374992222623,-1
306.2,-0.0460631221306,-1
305.8,-0.0447567864023,-1
307.0,-0.0486809198228,-1
307.5,-0.0503095843179,-1
307.65,-0.050797389196,-1
307.95,-0.049822255115,1
307.8,-0.0503093471754,1
307.0,-0.0529084374938,1
307.15,-0.0524198381453,1
306.35,-0.0550244287362,1
305.4,-0.0581254569719,1
306.05,-0.0559971007178,1
304.75,-0.0602447726668,1
307.75,-0.0504006381303,1
306.7,-0.0538124984065,1
306.85,-0.0533234211323,1
305.9,-0.0564193963645,1
307.7,-0.0505351204574,1
307.35,-0.0516725920206,1
306.75,-0.0536247638117,1
307.1,-0.0524837695167,1
306.4,-0.0547631573382,1
307.2,-0.0521521912808,1
308.5,-0.0479204204474,1
307.6,-0.0508377624247,1
306.95,-0.0529508963649,1
307.2,-0.0521364314684,1
307.25,-0.0519736710517,1
307.75,-0.0503463317515,1
307.25,-0.0519710271211,1
306.8,-0.0534356324913,1
306.45,-0.0545764408355,1
306.35,-0.0549027583424,1
306.3,-0.0550659703548,1
306.95,-0.052943867841,1
307.3,-0.0518036169858,1
306.95,-0.0529425691498,1
305.65,-0.0571777866119,1
305.15,-0.0588136446194,1
304.8,-0.059960621516,1
304.75,-0.0597965795213,-1
304.6,-0.0593043727945,-1
305.4,-0.0619307680669,-1
306.25,-0.0647140031685,-1
306.8,-0.0665099215358,-1
307.35,-0.0683026203624,-1
308.0,-0.0704174731361,-1
306.9,-0.0668460445647,-1
307.6,-0.0691269178133,-1
304.65,-0.0595365407002,-1
305.0,-0.060685400047,-1
304.6,-0.0593739246371,-1
306.3,-0.0649550145912,-1
306.8,-0.0665874011403,-1
306.55,-0.0657725380373,-1
306.85,-0.066751171213,-1
307.0,-0.0672400094075,-1
307.3,-0.0682172081046,-1
306.4,-0.0652884739686,-1
306.9,-0.0636566201827,1
307.7,-0.0610499078985,1
307.0,-0.0633248510249,1
305.1,-0.0695137761064,1
305.6,-0.0678749691578,1
305.5,-0.0682021942887,1
305.55,-0.0680385281676,1
305.3,-0.0688567248621,1
305.3,-0.0688567248621,1
304.8,-0.0704944582391,1
304.5,-0.0695102062706,-1
302.5,-0.0629420617714,-1
302.3,-0.0622809047466,-1
300.55,-0.0564919533738,-1
299.9,-0.0543292516603,-1
295.05,-0.0381571943078,-1
294.8,-0.0373098802933,-1
293.15,-0.0317128653679,-1
292.7,-0.0301778150524,-1
290.9,-0.0240281737814,-1
291.6,-0.0264344989791,-1
292.15,-0.0283206443838,-1
293.0,-0.0312301087,-1
293.45,-0.0327659448775,-1
293.6,-0.0332771052115,-1
292.8,-0.0305523095711,-1
291.9,-0.0274785390793,-1
291.35,-0.0255943321592,-1
288.8,-0.0168419724543,-1
288.3,-0.0151106705153,-1
287.3,-0.0116420614275,-1
286.95,-0.0104238226527,-1
286.85,-0.010075329884,-1
286.45,-0.00868087285066,-1
286.7,-0.00955362551255,-1
289.0,-0.0175759484983,-1
289.05,-0.0177489588789,-1
290.8,-0.0238032747412,-1
292.3,-0.0289614590603,-1
292.7,-0.030329916125,-1
294.65,-0.0369920275018,-1
294.6,-0.0368223346459,-1
294.6,-0.0368223346459,-1
294.05,-0.0349553964246,-1
292.9,-0.0310444969177,-1
293.2,-0.0320687372727,-1
293.35,-0.0315571410927,1
291.55,-0.0376931560918,1
291.0,-0.0395796249651,1
290.4,-0.0416414806352,1
287.8,-0.0505946486792,1
286.7,-0.0544167473589,1
287.1,-0.0530215607527,1
288.1,-0.0495384538213,1
286.45,-0.0552656318845,1
284.7,-0.0613749005177,1
284.65,-0.0611992770544,-1
282.4,-0.0532948330003,-1
285.3,-0.0635639548134,-1
283.95,-0.0588320936146,-1
285.0,-0.0625299277404,-1
281.8,-0.0513018575649,-1
284.7,-0.0615928440802,-1
286.15,-0.0666859245157,-1
285.4,-0.0640649215453,-1
285.0,-0.0626633798494,-1
287.6,-0.0717861868669,-1
287.2,-0.0703953662828,-1
286.6,-0.0683062297925,-1
287.95,-0.0730166275595,-1
286.85,-0.0691965199019,-1
286.75,-0.0688479056436,-1
285.4,-0.0641399719034,-1
285.35,-0.0639647791914,-1
285.8,-0.06554178988,-1
287.35,-0.0709651628681,-1
285.15,-0.0633089944324,-1
285.45,-0.0643610722862,-1
290.65,-0.082577922873,-1
290.85,-0.0818898100225,1
292.1,-0.0775920620424,1
293.35,-0.0733127056576,1
293.1,-0.074164929963,1
295.0,-0.067682500758,1
292.95,-0.0746316533004,1
292.8,-0.0751436860705,1
293.3,-0.0734360357972,1
293.65,-0.0722427183748,1
294.9,-0.0679859501133,1
294.0,-0.0710378321072,1
290.3,-0.0836228661208,1
292.65,-0.0755277920594,1
294.8,-0.0681811322269,1
295.3,-0.066485067098,1
295.9,-0.0644532350628,1
296.95,-0.0609047389492,1
297.0,-0.0607363604343,1
295.3,-0.0664602661582,1
295.95,-0.0642591147867,1
296.2,-0.0634143775,1
297.0,-0.0607134997147,1
300.25,-0.049770738772,1
300.0,-0.0506033782391,1
303.1,-0.0402700449058,1
302.5,-0.0422495896105,1
302.95,-0.0407619863047,1
304.25,-0.0364708491533,1
305.75,-0.0315406930317,1
304.25,-0.0364466619606,1
303.9,-0.0375970317223,1
303.9,-0.0375970317223,1
304.0,-0.0372679761119,1
305.7,-0.0316758708488,1
306.4,-0.0293860442213,1
308.7,-0.0218795168062,1
309.9,-0.0179922476128,1
309.7,-0.0186376170868,1
309.9,-0.0179918308421,1
310.0,-0.0176691461051,1
310.15,-0.0171852751373,1
310.95,-0.0146058780714,1
312.0,-0.011229129398,1
312.0,-0.011229129398,1
310.65,-0.0155560524749,1
312.2,-0.0105665144095,1
313.5,-0.006402516972,1
313.2,-0.00735945477104,1
312.9,-0.00831730917718,1
316.2,0.00222919130221,1
315.6,0.00033165809538,1
315.55,0.000173229705013,1
315.5,1.4776211113e-05,1
315.95,0.00144108365961,1
316.0,0.00159933654772,1
313.9,-0.00504623307253,1
313.35,-0.00679838343889,1
311.7,-0.0120640607965,1
311.1,-0.0139889886117,1
312.1,-0.0107745880974,1
315.3,-0.000521464098661,1
315.25,-0.000680043229647,1
313.4,-0.00654840167533,1
313.4,-0.00654840167533,1
314.7,-0.00240034806971,1
315.55,0.000300636995432,1
316.75,0.00410352084902,1
316.05,0.00189357609764,1
315.65,0.000627953569558,1
315.05,-0.0012728859679,1
315.4,-0.000161951195646,1
316.0,0.00174039503137,1
316.3,0.00268976211998,1
317.35,0.00600939537954,1
314.5,-0.00297122538618,1
315.05,-0.00122241775502,1
315.15,-0.000905007820085,1
315.7,0.000840192877995,1
316.05,0.00194884032811,1
316.05,0.00194884032811,1
316.0,0.0017906375121,1
315.9,0.00147418181589,1
315.9,0.00147418181589,1
316.5,0.00337351704856,1
316.85,0.00447936223024,1
317.65,0.00700421626211,1
317.8,0.00747643411195,1
318.45,0.00952174562862,1
319.6,0.0131329875818,1
319.7,0.0134458786957,1
319.9,0.0140714651831,1
319.9,0.0140714651831,1
318.3,0.00906990219463,1
319.15,0.0117403388896,1
318.35,0.00923368057843,1
317.5,0.00656366330185,1
317.6,0.00687862393177,1
316.35,0.0029428556698,1
319.45,0.012742128627,1
318.15,0.0086726341834,1
318.65,0.0102442199134,1
319.25,0.012127163582,1
317.65,0.00711541730165,1
318.1,0.00853207085116,1
318.95,0.011204186538,1
318.0,0.00822566325854,1
318.2,0.00885459407615,1
317.7,0.00728325529551,1
316.95,0.00492253763734,1
318.65,0.0102861596597,1
318.75,0.0105999836045,1
319.65,0.0134235130163,1
319.9,0.0142056184441,1
319.75,0.0137367219139,1
319.0,0.0113911394276,1
319.0,0.0113911394276,1
319.85,0.0140557162301,1
320.8,0.0170258584843,1
320.8,0.0170258584843,1
321.95,0.0206106465142,1
322.4,0.0220083790814,1
324.45,0.0283669398754,1
324.8,0.029445688527,1
324.65,0.0289838658669,1
329.65,0.0443850671606,1
327.95,0.0392280824799,1
328.6,0.0412100919325,1
329.85,0.0450141089745,1
329.65,0.0444077727611,1
329.9,0.0451661528612,1
331.25,0.0492583019973,1
331.15,0.0489564152049,1
333.3,0.0554489412505,1
332.5,0.0530487012265,1
332.85,0.0541013328054,1
330.6,0.0473415310929,1
326.9,0.0361497585581,1
325.9,0.0330907190965,1
326.8,0.0358523024043,1
327.0,0.0364642975083,1
331.05,0.0488496186092,1
331.35,0.0497558261308,1
332.45,0.0530755786583,1
333.25,0.0554819555571,1
334.55,0.0593829308009,1
334.1,0.0580378403809,1
333.4,0.0559426592974,1
332.9,0.0544429592374,1
333.7,0.0568460832987,1
331.9,0.0514520167719,1
332.1,0.0520546079138,1
331.75,0.0510007084859,1
330.4,0.0469313791717,1
329.2,0.0432994179126,1
330.8,0.0481596852273,1
330.6,0.0475550903059,1
330.6,0.0475550903059,1
331.0,0.048765011661,1
330.5,0.0472544376429,1
330.85,0.0483134391557,1
330.3,0.0466510543892,1
330.85,0.0483162072805,1
329.1,0.0430268012053,1
328.3,0.0405959291299,1
326.85,0.03617923708,1
327.75,0.0334256804026,-1
328.05,0.0325103485948,-1
327.05,0.0355586644003,-1
326.6,0.0369346008015,-1
326.5,0.0372407857372,-1
326.55,0.0370876463804,-1
326.75,0.0364751827454,-1
327.6,0.0338738055457,-1
325.9,0.039063060735,-1
328.45,0.0312385746963,-1
329.55,0.0278895109119,-1
331.2,0.0228826834198,-1
331.4,0.0222788186855,-1
332.65,0.0185069417996,-1
332.0,0.0204609475113,-1
333.65,0.0154910679932,-1
332.85,0.0178887901572,-1
333.2,0.018940314868,1
333.65,0.0202908550841,1
334.95,0.0241871536005,1
335.0,0.0243364296118,1
336.1,0.0276200117014,1
334.7,0.0234545847451,1
336.55,0.0289819226597,1
337.2,0.030913285013,1
336.9,0.0300236052977,1
335.5,0.0258680695304,1
336.9,0.0300409458344,1
339.0,0.0362742494853,1
339.6,0.0380441609898,1
339.9,0.0389275532159,1
339.95,0.0390746553048,1
341.25,0.042898747083,1
342.7,0.0471478313321,1
344.3,0.0518166378684,1
344.75,0.0531236375779,1
344.6,0.0526885396809,1
342.85,0.0476101879688,1
342.3,0.0460059878813,1
341.9,0.0448374222955,1
343.25,0.0487859452555,1
343.25,0.0487859452555,1
343.25,0.0487859452555,1
342.4,0.0463096160493,1
342.7,0.0471857842736,1
344.45,0.0522922914228,1
343.65,0.049969748238,1
344.65,0.0528796856743,1
346.7,0.0588277489269,1
346.05,0.056952929198,1
345.25,0.0546411245455,1
343.8,0.0504412693681,1
344.5,0.0524773368492,1
346.1,0.0571217490408,1
349.5,0.0669454994019,1
349.75,0.0676608069842,1
349.7,0.0675178477276,1
351.0,0.0712353198466,1
353.5,0.0783578269691,1
347.3,0.0608189302222,1
346.0,0.0570757686904,1
345.25,0.0549081386326,1
341.8,0.0449153797622,1
340.0,0.0396491421964,1
340.3,0.0405314951376,1
338.95,0.0365644072739,1
338.35,0.0347942346821,1
337.0,0.0308042834482,1
335.9,0.0340683784037,-1
335.6,0.0349615013569,-1
335.5,0.0352594751352,-1
337.05,0.0306395049415,-1
336.8,0.0313812346552,-1
333.65,0.0407339662466,-1
335.4,0.035488949013,-1
338.85,0.0252027236105,-1
337.0,0.0306623665203,-1
335.35,0.0355585089536,-1
335.9,0.0339184314226,-1
335.85,0.0340672852482,-1
337.1,0.0303453855906,-1
336.8,0.0312353292275,-1
336.75,0.0313837852845,-1
335.55,0.034947259672,-1
338.4,0.0264537415674,-1
338.45,0.0263059874303,-1
339.85,0.0221694827767,-1
340.3,0.0208453691972,-1
340.95,0.0189352898555,-1
341.0,0.0187886407867,-1
340.1,0.0214279369744,-1
341.4,0.0176055317994,-1
340.15,0.0139441375405,1
341.15,0.0168840170054,1
341.5,0.0179099586733,1
341.65,0.0183491973263,1
341.95,0.0192272889406,1
341.1,0.0167415454108,1
339.1,0.0108781622387,1
338.6,0.0094036709382,1
338.4,0.00881300348398,1
337.1,0.00497139591897,1
334.0,-0.00422468832903,1
333.0,-0.00721870030508,1
333.45,-0.00586734895373,1
333.85,-0.00466776880678,1
335.2,-0.00871150102184,-1
336.6,-0.0128881120004,-1
336.85,-0.0136308333313,-1
340.15,-0.0234274787224,-1
338.7,-0.0191646534983,-1
338.35,-0.0181312906403,-1
335.4,-0.0094125083143,-1
334.75,-0.00747452381817,-1
334.05,-0.00538341104745,-1
334.45,-0.00658083658255,-1
334.9,-0.00792632918234,-1
336.2,-0.0118080849303,-1
336.05,-0.0113619219321,-1
335.3,-0.00913011118966,-1
334.9,-0.00793714966267,-1
339.65,-0.0221204879726,-1
339.95,-0.0230037501543,-1
338.85,-0.0197679801881,-1
336.5,-0.0128327581134,-1
337.25,-0.015061584265,-1
336.35,-0.0123929408254,-1
336.35,-0.0123929408254,-1
336.6,-0.0116496674495,1
336.95,-0.0106098575861,1
335.5,-0.0149131666824,1
336.35,-0.0123796346407,1
334.75,-0.0171365842468,1
334.85,-0.0168378538509,1
331.1,-0.0280368981992,1
331.95,-0.0306040984408,-1
332.75,-0.033014099947,-1
333.15,-0.0342162036285,-1
330.9,-0.0274624890855,-1
331.05,-0.0279157982423,-1
331.7,-0.0298792478723,-1
331.35,-0.0288240775376,-1
330.9,-0.0274659969582,-1
333.95,-0.0366832831474,-1
333.65,-0.0357849450728,-1
331.5,-0.0293410667572,-1
329.95,-0.0246653503168,-1
331.65,-0.0298176461192,-1
332.65,-0.032832873015,-1
332.8,-0.03328379741,-1
332.85,-0.0334340377946,-1
332.4,-0.0320820774521,-1
333.65,-0.0358426069347,-1
334.55,-0.0385400443691,-1
335.7,-0.0419774976646,-1
336.0,-0.0428711527138,-1
335.7,-0.0419782955709,-1
334.75,-0.0391483879153,-1
335.6,-0.0416875962797,-1
332.6,-0.0506268096289,1
332.9,-0.0497248252633,1
333.5,-0.0479224822174,1
332.7,-0.0503212828171,1
331.05,-0.0552807057206,1
331.45,-0.0540724290252,1
332.05,-0.0522622012382,1
332.65,-0.0504552444546,1
332.85,-0.0498540119279,1
333.5,-0.0479011803221,1
332.95,-0.0495503557344,1
332.65,-0.050451391926,1
333.95,-0.0465433805026,1
332.0,-0.0523825779872,1
330.4,-0.0475633008788,-1
331.8,-0.0518005890144,-1
330.7,-0.0484853388637,-1
330.3,-0.0472757833754,-1
331.15,-0.0498492014801,-1
329.95,-0.0462254660128,-1
329.35,-0.0444070086708,-1
330.0,-0.0463805930036,-1
330.9,-0.0491078657308,-1
331.0,-0.0494100718354,-1
329.85,-0.0459357515937,-1
330.55,-0.0480579283407,-1
330.85,-0.0489655066193,-1
331.45,-0.0507790172737,-1
330.95,-0.0492704941179,-1
331.1,-0.0497237347887,-1
330.95,-0.0492706994519,-1
331.0,-0.0494217796755,-1
331.15,-0.0498749518809,-1
330.85,-0.0489690180141,-1
331.0,-0.0494223956777,-1
332.4,-0.0536520029285,-1
334.2,-0.0590671653833,-1
334.6,-0.0602640534743,-1
332.75,-0.0547350636357,-1
336.0,-0.044967971224,1
335.0,-0.0479441617002,1
335.9,-0.045257594536,1
336.7,-0.0428759333273,1
337.15,-0.0415394319908,1
337.25,-0.0412428281053,1
338.7,-0.0369433470082,1
339.25,-0.0353194910885,1
340.8,-0.0307505890988,1
338.15,-0.038526410695,1
339.8,-0.033646919345,1
337.6,-0.040121316049,1
340.3,-0.0321236857172,1
341.45,-0.0287443145741,1
340.0,-0.0329909099761,1
340.2,-0.032402674682,1
341.5,-0.0285813930829,1
341.25,-0.0293134575046,1
340.1,-0.0326834208745,1
340.5,-0.0315072962053,1
340.9,-0.0303325531804,1
341.3,-0.0291591885573,1
342.45,-0.0257897188825,1
343.45,-0.0228695845564,1
344.25,-0.0205402789806,1
344.3,-0.0203950356981,1
345.9,-0.0157479256197,1
346.05,-0.0153142742753,1
347.2,-0.0119910550874,1
347.3,-0.0117030366542,1
348.3,-0.00882368162971,1
349.85,-0.00437349500898,1
350.05,-0.00380182143459,1
350.05,-0.00380182143459,1
349.55,-0.00523018881068,1
353.8,0.0069283006758,1
343.9,-0.0210536100082,1
343.0,-0.0236706498454,1
343.3,-0.0227960142769,1
345.1,-0.017552786779,1
344.05,-0.0205953831279,1
344.3,-0.0198687445579,1
343.75,-0.0214661886474,1
342.9,-0.0239389159201,1
342.25,-0.0258345123039,1
342.1,-0.0262727884179,1
340.2,-0.0318267200168,1
340.25,-0.0316797476476,1
338.9,-0.0277120768173,-1
337.35,-0.0231384562803,-1
337.15,-0.0225456001961,-1
334.55,-0.0148338991728,-1
335.65,-0.0181218979772,-1
333.95,-0.0130570983347,-1
334.1,-0.013506267372,-1
333.45,-0.0115607420802,-1
334.0,-0.0132101647822,-1
334.7,-0.0153059731655,-1
334.75,-0.0154553606767,-1
335.85,-0.0187413950307,-1
335.95,-0.0190391470033,-1
338.55,-0.026778393915,-1
337.55,-0.0238246204694,-1
336.65,-0.021158348806,-1
336.0,-0.0192275601531,-1
337.55,-0.0238406553912,-1
337.05,-0.0223593933559,-1
335.9,-0.0189474366729,-1
336.05,-0.0193939981496,-1
335.9,-0.0189476360011,-1
336.6,-0.0210315895587,-1
336.05,-0.0193976026306,-1
336.25,-0.0199927521619,-1
335.6,-0.01805966666,-1
332.1,-0.00763058441928,-1
333.0,-0.0103406115195,-1
332.3,-0.00823850941744,-1
332.25,-0.00808804297146,-1
330.95,-0.0041753266434,-1
331.1,-0.00462856731419,-1
332.9,-0.0100649913553,-1
333.25,-0.0111163581321,-1
332.95,-0.0102161330758,-1
334.25,-0.0141206232395,-1
334.0,-0.0133726800832,-1
334.0,-0.0133726800832,-1
330.6,-0.00319303936462,-1
331.3,-0.00531040173606,-1
330.95,-0.00425395742577,-1
331.05,-0.00455611787297,-1
331.6,-0.00621749832909,-1
332.65,-0.00938396395032,-1
332.3,-0.00833180702863,-1
333.4,-0.0116420688402,-1
334.1,-0.0137416489242,-1
333.95,-0.0132926815492,-1
336.15,-0.019880494096,-1
335.5,-0.0179468335278,-1
331.75,-0.00676948628486,-1
332.1,-0.00782449758856,-1
331.7,-0.00662004109955,-1
333.25,-0.0112929382958,-1
334.1,-0.0138435759552,-1
334.65,-0.0121973622468,1
338.1,-0.00188808389624,1
338.25,-0.00144442817308,1
335.65,-0.00913105049385,1
334.1,-0.0137489560502,1
334.85,-0.011504119175,1
334.25,-0.0132959662708,1
334.0,-0.0140439094271,1
335.45,-0.00970259206181,1
334.9,-0.0113421806741,1
335.0,-0.0110435840781,1
335.3,-0.0101480616901,1
335.45,-0.00970070111744,1
335.05,-0.0108931291991,1
335.35,-0.00999774045117,1
336.2,-0.00746307517609,1
337.2,-0.00448865518799,1
337.0,-0.00508177499819,1
337.05,-0.00493340704567,1
336.9,-0.00537844487388,1
335.5,-0.00953398064117,1
335.05,-0.0108752623103,1
335.1,-0.0107260308523,1
335.0,-0.0110244492349,1
334.95,-0.0111737029662,1
334.35,-0.0129650151024,1
334.0,-0.0140118223403,1
334.3,-0.0131136187475,1
334.15,-0.0126649199739,-1
334.3,-0.0131138201685,-1
336.0,-0.0181990729354,-1
337.0,-0.0211752634116,-1
333.15,-0.00975093106741,-1
330.95,-0.00314729906982,-1
329.55,0.00108294719095,-1
330.35,-0.00134460553246,-1
328.8,0.00334738780793,-1
328.75,0.00349945593446,-1
329.4,0.00152226962267,-1
330.5,-0.00181713535608,-1
330.1,-0.000606847912813,-1
331.0,-0.00333329444417,-1
331.0,-0.00333329444417,-1
331.0,-0.00333329444417,-1
330.55,-0.00197377782785,-1
330.0,-0.000309884317038,-1
327.65,0.00681132780417,-1
326.75,0.00955816131554,-1
325.1,0.0146078935267,-1
324.9,0.0152230888512,-1
323.95,0.0181470654594,-1
325.25,0.0141341004957,-1
325.2,0.0142878283973,-1
325.4,0.0136728222472,-1
325.65,0.0129045370598,-1
326.15,0.0113691463028,-1
326.4,0.0106026278297,-1
327.0,0.00876439253562,-1
329.2,0.00203656378944,-1
329.3,0.00173279708227,-1
329.55,0.000973610929827,-1
327.8,0.00628388251229,-1
328.65,0.00369083797293,-1
329.8,0.000191674729362,-1
329.7,0.000494888798495,-1
329.4,0.00140480690587,-1
329.75,0.000342268958082,-1
330.15,-0.000870771223874,-1
330.4,-0.00162800278529,-1
332.5,0.0047279294181,1
329.45,-0.00444500291272,1
328.6,-0.0070250605846,1
328.45,-0.00748154262964,1
328.45,-0.00748154262964,1
328.35,-0.00778600297368,1
328.55,-0.00717689683694,1
329.65,-0.00382885239926,1
330.05,-0.00261544423909,1
330.15,-0.00231245984278,1
330.15,-0.00231245984278,1
331.0,0.000262127466018,1
331.75,0.00252798849321,1
332.15,0.00373371569743,1
329.75,-0.00349193536384,1
330.05,-0.00258215522737,1
330.0,-0.00273364742552,1
330.5,-0.00121849591037,1
330.2,-0.00212621149282,1
329.3,-0.00485183232868,1
329.05,-0.00561101848113,1
329.0,-0.00576297107192,1
330.0,-0.00272345739411,1
331.1,0.000609875939228,1
331.15,0.000760887718147,1
329.6,-0.0039197705938,1
328.7,-0.00665035311807,1
328.8,-0.00634612433803,1
327.65,-0.00284855742805,-1
328.8,-0.00635840024813,-1
328.9,-0.00666253650117,-1
329.25,-0.00772668973924,-1
329.25,-0.00772668973924,-1
329.15,-0.00742296916217,-1
329.25,-0.00772678201345,-1
329.45,-0.00833422316759,-1
330.25,-0.0107625127411,-1
329.75,-0.00924850819911,-1
330.05,-0.0101582883356,-1
322.75,0.0119595725946,-1
322.8,0.0118046539269,-1
321.75,0.015057442031,-1
321.85,0.0147466417202,-1
321.95,0.0144359379762,-1
322.6,0.0124169909347,-1
322.8,0.0117970281325,-1
323.8,0.00869913470003,-1
323.1,0.0108609629891,-1
321.25,0.0165867444809,-1
319.4,0.0223454993447,-1
321.7,0.0151444974662,-1
318.05,0.0264904719766,-1
319.0,0.0235035202395,-1
320.1,0.0200552443774,-1
322.8,0.0116203802724,-1
324.55,0.0061990667656,-1
323.7,0.00881807770382,-1
322.7,0.0119073579015,-1
323.1,0.0106678165318,-1
322.3,0.0131438301499,-1
322.75,0.0117476154431,-1
321.4,0.015930419471,-1
322.05,0.0139080174797,-1
322.0,0.0140632728748,-1
320.05,0.020119173496,-1
319.2,0.0227750085217,-1
325.05,0.00444794085257,-1
324.85,0.00506323080796,-1
325.0,0.00460147923031,-1
324.95,0.00444763307646,1
322.65,-0.00263037892539,1
320.05,-0.0106886463979,1
318.5,-0.0155316396802,1
317.15,-0.0197702582045,1
312.6,-0.00542373447757,-1
314.05,-0.0100622501526,-1
315.05,-0.0132464564891,-1
311.55,-0.00213710876654,-1
312.8,-0.00614930584566,-1
315.8,-0.0157400986845,-1
318.6,-0.0246064698055,-1
319.05,-0.026018899184,-1
319.75,-0.0282129126615,-1
320.0,-0.0289947734903,-1
319.95,-0.0288385234903,-1
320.05,-0.0291510723261,-1
320.0,-0.0289948467363,-1
319.85,-0.0285260967363,-1
320.0,-0.0289950665659,-1
319.5,-0.0274325665659,-1
320.15,-0.0294669953609,-1
320.05,-0.0291546417767,-1
320.05,-0.0291546417767,-1
320.35,-0.0300919953152,-1
321.05,-0.0322771053511,-1
321.35,-0.0332115392399,-1
323.15,-0.0388129084635,-1
323.35,-0.0381940008354,1
325.8,-0.0306170718111,1
323.0,-0.0392113013998,1
322.9,-0.0395208989231,1
326.75,-0.0275977028871,1
324.1,-0.0357078788627,1
323.5,-0.0375591593317,1
322.9,-0.0394138733966,1
323.0,-0.039104179993,1
322.6,-0.0403425700859,1
321.25,-0.044527319001,1
320.1,-0.0481070855379,1
318.9,-0.051855914029,1
322.45,-0.040723897723,1
322.1,-0.041809337326,1
322.3,-0.0411884121475,1
321.05,-0.0450667863331,1
327.15,-0.0260666305941,1
325.95,-0.0297346727766,1
325.15,-0.0321890369428,1
326.9,-0.0268069056188,1
328.7,-0.0213006345879,1
328.25,-0.0226696640981,1
328.95,-0.0205371431537,1
329.3,-0.0194731516657,1
328.75,-0.021143361201,1
328.25,-0.0226642737486,1
328.05,-0.023273565447,1
326.95,-0.026626712833,1
323.2,-0.0380963565094,1
324.4,-0.0343834852223,1
324.2,-0.0350000080337,1
323.1,-0.0383929753378,1
323.1,-0.0383929753378,1
323.95,-0.0357622108686,1
324.0,-0.0356078660623,1
325.7,-0.030360952482,1
325.4,-0.0312820455124,1
325.05,-0.0323576447749,1
326.3,-0.0285120825537,1
326.0,-0.0294314818795,1
325.95,-0.0295848561126,1
323.05,-0.0384819262154,1
323.3,-0.0377080522021,1
323.75,-0.0390999482738,-1
323.15,-0.0372466664205,-1
323.8,-0.0392581162117,-1
323.0,-0.0367874553099,-1
323.1,-0.0370970528331,-1
324.1,-0.0401920698557,-1
324.05,-0.0400377964833,-1
324.55,-0.0415807682469,-1
324.5,-0.0414267087799,-1
324.95,-0.0428134576243,-1
321.55,-0.0323503094477,-1
323.5,-0.038414685128,-1
323.0,-0.0368690900739,-1
325.3,-0.0439898331079,-1
326.05,-0.0462953972026,-1
325.9,-0.0458353450634,-1
326.05,-0.046295608948,-1
325.95,-0.0466023103741,1
325.1,-0.0492100723008,1
325.65,-0.0475182851584,1
325.8,-0.0470576679313,1
326.0,-0.0464437943893,1
326.3,-0.0455235489905,1
330.75,-0.0318857923248,1
331.7,-0.0290135323097,1
332.35,-0.0270539302597,1
334.0,-0.0220892845549,1
334.65,-0.0201431767704,1
334.9,-0.0193961276146,1
336.65,-0.0141706871846,1
335.95,-0.0162499980416,1
336.2,-0.0155058396847,1
336.1,-0.0158032816835,1
336.6,-0.0143156291991,1
338.95,-0.00733404868812,1
343.45,0.00594224575059,1
342.95,0.00448642976573,1
342.5,0.00317428513823,1
343.45,0.00594800776597,1
342.2,0.00230846780382,1
342.85,0.00420794179564,1
343.1,0.00493712365359,1
342.35,0.00275117203599,1
342.05,0.00187487584788,1
342.25,0.00245958568562,1
342.85,0.00421269014143,1
342.7,0.00377518102665,1
342.4,0.00289977980109,1
339.45,-0.00571587440452,1
339.9,-0.00439020052029,1
340.6,-0.0023307712764,1
341.05,-0.00100957339031,1
340.2,-0.00350187657167,1
340.5,-0.0026200423565,1
340.8,-0.00173898508778,1
341.7,0.000901859982647,1
343.65,0.00660862029871,1
343.15,0.00515365158054,1
345.55,0.0121476775167,1
347.25,0.0170673707594,1
347.55,0.0179313016449,1
347.7,0.0183628942215,1
347.85,0.0187943006063,1
348.75,0.0213816227279,1
348.5,0.0206647768498,1
347.45,0.0176518643677,1
347.75,0.0185152979553,1
347.65,0.0182277350509,1
348.35,0.0202412543951,1
349.55,0.0236860656481,1
347.8,0.0186796288008,1
347.85,0.0188233895828,1
347.6,0.0181046889935,1
347.6,0.0181046889935,1
347.65,0.0182485324918,1
347.5,0.0178170640609,1
347.55,0.0179609489529,1
346.1,0.0137888873791,1
345.9,0.0132110197108,1
344.9,0.0103200107486,1
345.95,0.0133643714329,1
345.15,0.0110518985322,1
344.05,0.00786487839602,1
344.2,0.008300861538,1
345.5,0.0120777354485,1
349.15,0.00151333602739,-1
351.6,-0.00550370535883,-1
351.95,-0.00649915473312,-1
352.0,-0.00664122036745,-1
353.0,-0.00380031127654,1
352.6,-0.00493345575246,1
352.35,-0.00564247447055,1
352.85,-0.00422343090592,1
353.0,-0.00379832108588,1
353.85,-0.00139038907455,1
353.8,-0.00153169188647,1
352.2,-0.00605402088591,1
353.7,-0.00179507710397,1
351.0,-0.00942866489022,1
347.85,-0.0184030238646,1
349.3,-0.0142345604464,1
348.7,-0.015952281603,1
347.95,-0.0181031276025,1
348.6,-0.0162350431076,1
349.15,-0.014657303578,1
348.55,-0.016375762693,1
349.6,-0.0133632824176,1
349.2,-0.0145074471773,1
348.25,-0.0172279511865,1
350.0,-0.0122028255583,1
352.25,-0.00577425412977,1
350.8,-0.00989064873587,1
349.8,-0.0127412758738,1
348.0,-0.00759547827521,-1
350.25,-0.0140609955166,-1
349.65,-0.0123479334181,-1
349.1,-0.0107749318451,-1
351.0,-0.0162174984449,-1
352.2,-0.0196363018637,-1
352.1,-0.0193523722783,-1
352.35,-0.0200623978392,-1
351.9,-0.018785258631,-1
352.95,-0.0217690608475,-1
353.25,-0.0226190395981,-1
354.0,-0.0204958973475,1
354.25,-0.0197896826583,1
354.9,-0.017954820273,1
355.55,-0.0161233184415,1
357.3,-0.011201366536,1
356.8,-0.0126007508069,1
356.85,-0.0124606162777,1
357.65,-0.0102187779703,1
358.65,-0.0074227483324,1
359.85,-0.00407686794763,1
359.25,-0.00574422934821,1
361.8,0.00135389173738,1
365.2,0.010751348896,1
365.75,0.0122573729924,1
364.9,0.00993338119474,1
365.8,0.0123998103534,1
366.25,0.0136299907799,1
367.8,0.0178620726911,1
368.55,0.019901224404,1
369.25,0.0218005596367,1
369.2,0.0216651500226,1
367.25,0.0163834598818,1
366.75,0.0150219894938,1
367.6,0.0173396445721,1
369.45,0.0223722887506,1
369.2,0.0216956071969,1
369.85,0.0234561705772,1
369.85,0.0234561705772,1
369.75,0.0231857906935,1
369.55,0.0226448846759,1
369.25,0.021833086543,1
367.8,0.0179062077346,1
366.2,0.0135560174138,1
368.75,0.0205194253876,1
368.5,0.0198414592859,1
367.45,0.0169920698694,1
366.95,0.0156313405184,1
370.0,0.0239430996137,1
369.2,0.0217809374515,1
369.25,0.0219163654038,1
368.5,0.0198852211926,1
368.35,0.0194781655617,1
368.35,0.0194781655617,1
368.9,0.0209713106682,1
369.0,0.0212423868406,1
369.55,0.0227329017458,1
370.45,0.0251682961444,1
371.15,0.0270578898817,1
368.25,0.0192443374097,1
368.25,0.0192443374097,1
368.0,0.0185654507837,1
368.35,0.0195165377402,1
366.65,0.0149013619563,1
368.95,0.00862834954669,-1
369.0,0.00849282982857,-1
369.05,0.00835732847356,-1
368.35,0.0102540904299,-1
368.45,0.00998260950147,-1
369.9,0.0139180145768,1
369.2,0.0120256112245,1
368.45,0.00999419193959,1
370.85,0.0165079658574,1
372.9,0.0220358073027,1
372.7,0.0214994704832,1
373.2,0.0228410320608,1
373.4,0.0233769377414,1
373.3,0.0231091284217,1
374.25,0.0256539984994,1
374.35,0.0259211995682,1
374.25,0.0256540698767,1
374.6,0.0265892736175,1
374.8,0.0271231764472,1
374.45,0.0261893450705,1
375.6,0.0292605161213,1
378.8,0.0377802179318,1
378.5,0.036988243275,1
378.15,0.0360635405009,1
376.7,0.0322290832749,1
371.6,0.0186904583744,1
369.95,0.0142502000321,1
370.8,0.016547807817,1
371.85,0.0193795230273,1
371.7,0.0189761345642,1
371.35,0.0180345149785,1
372.35,0.020727392318,1
374.8,0.0273072231223,1
373.5,0.0238387065802,1
372.55,0.0212951992174,1
371.35,0.0180741550622,1
372.0,0.0198245253329,1
371.25,0.0218406543651,-1
366.8,0.0338271863517,-1
366.4,0.0349176988926,-1
360.55,0.0508838560978,-1
362.7,0.0449207441854,-1
360.95,0.0497456683652,-1
359.4,0.0540398919419,-1
359.9,0.0526486843737,-1
359.85,0.0527876118536,-1
352.45,0.0733517357941,-1
362.2,0.0456882374255,-1
360.95,0.0491393693968,-1
363.85,0.0411050156082,-1
364.05,0.0405553385435,-1
364.9,0.0382204944287,-1
367.6,0.0308212069526,-1
370.2,0.0237483016208,-1
367.85,0.030096221664,-1
367.35,0.0314554713581,-1
368.35,0.0287332718209,-1
367.8,0.0302264169275,-1
357.8,0.0574151064326,-1
357.8,0.0574151064326,-1
358.8,0.0546202489704,-1
359.65,0.0522512411666,-1
359.55,0.0525292892689,-1
359.75,0.0519730383998,-1
360.1,0.051000140554,-1
361.0,0.0485008348056,-1
356.6,0.0606892004566,-1
357.9,0.0570436592339,-1
357.05,0.059418624308,-1
358.05,0.0566178961187,-1
357.95,0.0568971867205,-1
356.15,0.0619258220048,-1
356.0,0.0623469928598,-1
358.05,0.0565885658935,-1
355.9,0.0625933138337,-1
354.75,0.0658245585654,-1
352.3,0.0727308305879,-1
351.25,0.0757112450075,-1
351.5,0.0749995012352,-1
351.85,0.0740037686605,-1
352.9,0.0710195424278,-1
351.2,0.0758367711044,-1
351.35,0.0754096640429,-1
345.75,0.0913481868834,-1
343.8,0.0969881001155,-1
342.7,0.100187634729,-1
342.6,0.100479435137,-1
339.1,0.110695430467,-1
336.4,0.11865768349,-1
341.05,0.104834853525,-1
342.5,0.10058327751,-1
340.25,0.107152620576,-1
344.15,0.0956904603995,-1
352.1,0.0725900681287,-1
344.4,0.094458855405,-1
342.0,0.10142749652,-1
344.25,0.0948485491516,-1
347.7,0.0848267626592,-1
347.4,0.0856895754288,-1
343.7,0.0963401223488,-1
339.9,0.107396275971,-1
345.5,0.09092084202,-1
344.85,0.0928021734238,-1
345.5,0.0909172959408,-1
345.0,0.0923644739437,-1
340.5,0.105407952205,-1
343.75,0.0958631651267,-1
340.15,0.106335892399,-1
341.95,0.101044109363,-1
342.35,0.0998743477015,-1
341.0,0.103817680548,-1
341.8,0.101471639492,-1
340.2,0.106152739551,-1
338.1,0.112325579057,-1
336.3,0.117649447735,-1
336.3,0.117649447735,-1
335.95,0.118690185172,-1
335.55,0.119880838543,-1
335.25,0.12077489308,-1
330.85,0.13389942701,-1
333.85,0.124831873738,-1
334.0,0.124382570159,-1
334.0,0.124382570159,-1
336.0,0.118394546207,-1
339.35,0.108424308111,-1
339.4,0.108276967607,-1
339.7,0.10739305482,-1
340.75,0.104302092206,-1
338.8,0.110024762786,-1
338.6,0.110615081558,-1
337.15,0.114897420601,-1
336.25,0.117566855571,-1
335.6,0.119499941072,-1
331.95,0.130375983981,-1
332.6,0.128417857757,-1
332.5,0.128718519212,-1
334.25,0.123455361317,-1
333.55,0.125549602155,-1
333.4,0.125999309845,-1
334.7,0.122100089689,-1
335.0,0.121203764622,-1
334.95,0.121353018353,-1
334.05,0.124039986557,-1
331.95,0.130326470617,-1
330.3,0.135297098723,-1
331.0,0.133177813225,-1
321.15,0.162936121382,-1
320.35,0.165427169179,-1
321.1,0.163085979855,-1
322.4,0.159037396859,-1
322.25,0.159502657405,-1
324.45,0.152675659732,-1
324.0,0.154062622284,-1
324.55,0.15236509142,-1
321.85,0.160684302636,-1
323.85,0.154470227756,-1
325.7,0.148757706527,-1
323.4,0.15581941976,-1
322.25,0.159375387602,-1
324.2,0.153324185119,-1
323.8,0.154557991412,-1
322.85,0.157491901233,-1
323.0,0.157027289184,-1
324.8,0.151454533766,-1
323.45,0.155610937707,-1
324.4,0.15267385315,-1
324.9,0.151132546121,-1
323.9,0.154210416235,-1
325.15,0.150351200428,-1
325.4,0.149582324524,-1
324.7,0.151733523049,-1
330.1,0.135102786985,-1
328.55,0.139798333789,-1
325.75,0.131276038857,1
329.6,0.143094918366,1
332.0,0.150376471764,1
332.6,0.152183700679,1
332.95,0.153236015773,1
333.4,0.15458757006,1
334.7,0.158486790216,1
335.05,0.159532502794,1
333.35,0.154458633223,1
336.25,0.163158198244,1
336.3,0.163306897129,1
334.9,0.159143947382,1
334.0,0.156456578018,1
334.3,0.157354781611,1
335.0,0.159448709221,1
334.2,0.157060649519,1
333.65,0.155414928394,1
334.75,0.15871179637,1
334.1,0.156770048797,1
334.05,0.156620393005,1
333.7,0.155572645662,1
334.0,0.15647165675,1
334.3,0.157369860342,1
331.65,0.149442848676,1
329.8,0.143864678919,1
330.0,0.144471107057,1
330.6,0.146289288875,1
331.3,0.148406651247,1
331.6,0.149312174941,1
332.7,0.15262942464,1
332.55,0.153080281267,-1
332.0,0.154734167901,-1
332.05,0.154583565491,-1
332.2,0.154131826296,-1
333.1,0.151422614977,-1
336.6,0.140915259828,-1
332.0,0.154581332318,-1
328.5,0.165123500993,-1
325.35,0.174712542089,-1
327.95,0.166721148205,-1
329.1,0.163214516097,-1
330.2,0.159872066993,-1
330.0,0.160477760512,-1
329.85,0.160932305967,-1
325.9,0.172907446182,-1
325.95,0.172754024887,-1
323.5,0.180270515146,-1
318.2,0.19665382272,-1
318.55,0.195553885573,-1
319.65,0.1921007385,-1
319.35,0.193039265014,-1
317.25,0.199615122224,-1
318.05,0.197093451617,-1
318.05,0.197093451617,-1
316.0,0.20353897905,-1
314.6,0.207969358797,-1
313.5,0.211465862293,-1
314.05,0.209711476328,-1
311.25,0.218627254071,-1
313.3,0.212040908689,-1
306.75,0.232947388102,-1
308.9,0.225938423147,-1
312.15,0.215417218873,-1
318.7,0.194433717352,-1
317.9,0.19694391503,-1
319.1,0.193169143089,-1
318.1,0.19630295694,-1
320.75,0.187972243328,-1
322.0,0.184075127194,-1
314.7,0.206745934648,-1
315.65,0.203727186634,-1
314.9,0.206103236056,-1
315.0,0.205785674925,-1
313.5,0.210547579687,-1
313.3,0.21118553822,-1
314.0,0.208951257977,-1
312.8,0.212772914028,-1
312.75,0.212932760575,-1
311.65,0.216449946826,-1
313.5,0.210513800508,-1
313.5,0.210513800508,-1
308.8,0.225505826027,-1
305.1,0.237487691312,-1
301.95,0.247812175087,-1
299.25,0.256754052882,-1
296.55,0.265776609273,-1
291.0,0.284491834361,-1
297.05,0.263701456354,-1
302.5,0.245354376738,-1
301.0,0.250313054424,-1
300.75,0.251143619208,-1
302.15,0.246488590114,-1
305.2,0.236394266103,-1
310.0,0.220666874229,-1
309.0,0.22389268068,-1
306.75,0.231174234078,-1
307.35,0.229218243858,-1
307.15,0.229868967789,-1
304.25,0.239310608681,-1
303.05,0.243254733578,-1
304.95,0.236985141102,-1
306.6,0.231574418032,-1
305.1,0.236466785938,-1
304.6,0.238105592887,-1
305.3,0.235807497024,-1
304.8,0.237445230401,-1
305.25,0.235968852448,-1
306.45,0.232037648517,-1
306.6,0.232527124777,1
308.5,0.238724124125,1
309.0,0.240344869668,1
311.3,0.247788235363,1
311.3,0.247788235363,1
306.9,0.233653959745,1
308.1,0.237564028171,1
310.9,0.246651986626,1
312.05,0.250350925192,1
310.2,0.244422388098,1
309.4,0.241843406796,1
309.1,0.240873788179,1
306.75,0.233271070612,1
309.0,0.240606033937,1
307.5,0.235751665005,1
302.5,0.219491502404,1
303.75,0.223623733809,1
303.5,0.222800688541,1
303.4,0.222471199249,1
295.15,0.195279373277,1
296.75,0.18985840089,-1
296.6,0.19036387688,-1
295.9,0.192723957797,-1
294.7,0.196779381927,-1
293.05,0.202378296077,-1
295.0,0.195724141496,-1
296.15,0.191825836411,-1
294.7,0.196722003894,-1
287.8,0.220135644885,-1
287.65,0.220656840159,-1
289.35,0.214746880138,-1
292.8,0.202823603829,-1
295.5,0.193602292354,-1
297.7,0.186157283894,-1
301.5,0.173392755845,-1
303.0,0.168417631467,-1
299.15,0.181123902094,-1
301.0,0.17493971356,-1
301.55,0.173112471035,-1
296.5,0.189859279193,-1
299.65,0.179235333156,-1
298.95,0.181571391891,-1
297.35,0.186923457454,-1
298.9,0.181710745162,-1
303.85,0.165150022512,-1
302.95,0.162188034689,1
303.15,0.162848209636,1
302.05,0.15921964292,1
303.6,0.164351243648,1
304.0,0.165668766705,1
304.05,0.165833240389,1
307.2,0.176193378524,1
302.05,0.159429055607,1
302.95,0.16240869474,1
305.6,0.171156012779,1
305.85,0.171974075606,1
306.85,0.175243652196,1
306.75,0.174917760066,1
306.7,0.174754760881,1
304.0,0.165951369946,1
304.7,0.168254001525,1
303.45,0.164151605726,1
303.6,0.164645921099,1
306.0,0.172551059439,1
308.75,0.181537987543,1
312.25,0.192874019932,1
314.85,0.201200681261,1
316.6,0.206758883579,1
315.15,0.202178972019,1
316.35,0.205986682633,1
317.85,0.210728266322,1
319.65,0.21639131493,1
321.75,0.222961000524,1
323.1,0.227156804719,1
321.75,0.222978531739,1
323.2,0.227485136245,1
320.4,0.218821769909,1
320.6,0.219445989634,1
317.3,0.209152789385,1
315.65,0.203952663321,1
316.7,0.207279132512,1
318.3,0.212331232291,1
318.95,0.21437333094,1
315.05,0.202145709055,1
313.0,0.195638805389,1
311.5,0.190846473121,1
310.05,0.186191577455,1
310.75,0.188449277826,1
307.6,0.178312511937,1
300.7,0.155880782418,1
298.7,0.149229635095,1
296.1,0.157934020766,-1
297.05,0.154725645217,-1
297.4,0.153547392398,-1
298.1,0.151193660051,-1
299.2,0.147503623151,-1
300.1,0.14449560176,-1
298.55,0.149660546778,-1
296.65,0.156024639895,-1
296.65,0.156024639895,-1
297.85,0.151979468818,-1
299.5,0.146439767626,-1
310.8,0.108710218378,-1
312.3,0.103883963551,-1
314.6,0.0965192501347,-1
314.5,0.096837114089,-1
315.65,0.0931805163147,-1
315.8,0.0927053064303,-1
314.25,0.097613476158,-1
312.95,0.101750309889,-1
312.95,0.101750309889,-1
312.2,0.0993537609196,1
310.2,0.0929476110157,1
310.5,0.0939147290041,1
312.25,0.0995507998576,1
313.05,0.102112849497,1
314.15,0.105626665182,1
311.75,0.0979870026001,1
311.3,0.0965435382858,1
314.35,0.106341161158,1
317.5,0.116361838746,1
316.8,0.114157114337,1
316.55,0.113367972923,1
316.5,0.113210019993,1
316.25,0.112420130577,1
316.8,0.114159261012,1
316.8,0.114159261012,1
323.05,0.133887796365,1
322.25,0.131411399523,1
327.8,0.148634052742,1
328.35,0.150311905091,1
329.4,0.153509712309,1
328.0,0.149259560518,1
329.6,0.154137609299,1
328.95,0.15216552192,1
329.9,0.155053498816,1
332.6,0.163237797088,1
335.1,0.170754333468,1
333.8,0.166874894495,1
336.95,0.176311682991,1
328.65,0.151678948164,1
331.75,0.161111475168,1
330.35,0.156891429954,1
328.9,0.152502145861,1
329.15,0.153262255317,1
329.05,0.152958442466,1
329.3,0.153718205419,1
329.15,0.153262693728,1
330.05,0.15599700939,1
329.1,0.153118657625,1
330.4,0.157068824747,1
330.15,0.156312166151,1
330.9,0.158583860836,1
329.85,0.155410696738,1
330.15,0.156320201058,1
330.0,0.155865862121,1
330.65,0.157835559091,1
331.9,0.161615991572,1
332.9,0.164628947282,1
331.95,0.161775237459,1
330.0,0.155900858788,1
334.25,0.168779646666,1
334.8,0.17042512161,1
330.6,0.157880318743,1
338.0,0.180263863812,1
337.85,0.17982007683,1
337.35,0.178340130108,1
335.3,0.172263355245,1
332.4,0.163614384175,1
332.0,0.16241101474,1
334.5,0.169941135222,1
332.9,0.165157876627,1
331.7,0.161553190535,1
331.2,0.160045804343,1
331.05,0.159592905792,1
332.0,0.162462562944,1
332.1,0.162763767763,1
337.6,0.179325044487,1
337.8,0.179917461549,1
337.6,0.179325395237,1
337.0,0.177548144052,1
336.7,0.176657936337,1
336.4,0.175766935446,1
334.0,0.168632571594,1
331.15,0.160099637462,1
333.85,0.168253042263,1
334.7,0.17079909588,1
334.05,0.168857058235,1
335.9,0.174395151334,1
334.6,0.17052495187,1
333.15,0.166191419294,1
335.2,0.172344803655,1
333.6,0.167571533966,1
333.9,0.168470814541,1
333.95,0.168321069109,-1
335.15,0.16472771681,-1
337.3,0.171142754853,1
336.8,0.169660394936,1
336.95,0.170105763107,1
337.75,0.172480002608,1
337.05,0.170407463748,1
337.9,0.172929344775,1
341.8,0.18447122107,1
340.5,0.180667827272,1
340.55,0.18081467015,1
340.35,0.180227384876,1
340.95,0.181990276018,1
341.05,0.182283574155,1
341.7,0.184189453059,1
341.4,0.183311489933,1
340.95,0.181993388,1
341.0,0.182140037069,1
341.0,0.182140037069,1
341.7,0.184192822993,1
343.4,0.189167947371,1
350.65,0.210280352729,1
351.2,0.211848868343,1
350.25,0.209143856953,1
349.55,0.207145284505,1
350.75,0.210578269772,1
350.9,0.211005924797,1
352.8,0.216420572844,1
352.85,0.216562296201,1
354.35,0.220813394401,1
354.2,0.220390084114,1
354.85,0.222225205515,1
355.4,0.223775156198,1
352.4,0.215333963176,1
352.0,0.214198889396,1
353.7,0.219028434851,1
354.95,0.222562503271,1
352.45,0.215519257743,1
347.15,0.200481663758,1
347.05,0.200193603842,1
349.55,0.207397176814,1
350.45,0.209971915764,1
349.3,0.206690420543,1
349.4,0.206976707403,1
351.0,0.211555986166,1
355.7,0.224946299557,1
354.85,0.222556645354,1
354.15,0.220583980848,1
353.7,0.219313332817,1
351.3,0.212527921452,1
352.4,0.215659148323,1
350.55,0.210409432092,1
350.1,0.209125735044,1
349.8,0.209982633073,-1
349.0,0.212269654228,-1
347.1,0.217713780303,-1
349.75,0.210079092893,-1
349.95,0.209507255866,-1
350.1,0.209078623204,-1
347.55,0.216362256452,-1
349.5,0.210751552956,-1
349.6,0.210465429923,-1
351.95,0.20374346196,-1
350.4,0.208147496624,-1
348.6,0.213284482925,-1
348.85,0.212567328594,-1
348.5,0.21357062514,-1
347.7,0.215866177507,-1
349.15,0.211695915787,-1
348.5,0.213557579828,-1
349.0,0.212122859599,-1
347.3,0.216993919771,-1
347.15,0.217425823024,-1
343.95,0.226643740351,-1
339.6,0.239290927442,-1
339.35,0.240027087631,-1
341.0,0.235164851002,-1
341.6,0.23340532021,-1
341.0,0.235161760491,-1
341.7,0.233108974567,-1
340.5,0.236620827069,-1
342.6,0.230453426188,-1
344.2,0.225783256895,-1
343.45,0.227962222612,-1
342.5,0.230728272984,-1
343.45,0.227954550356,-1
343.9,0.226644315969,-1
342.95,0.229406746909,-1
344.05,0.226199282264,-1
343.95,0.226489937692,-1
342.9,0.22954270699,-1
343.45,0.227938740819,-1
345.1,0.223134548069,-1
348.25,0.214006759022,-1
348.75,0.212571008843,-1
349.45,0.210563840384,-1
348.4,0.213568562089,-1
346.0,0.206679928335,1
347.9,0.212171257815,1
346.75,0.208865710244,1
346.95,0.20944249467,1
347.2,0.210163059593,1
347.6,0.211315133326,1
348.25,0.213185098804,1
349.0,0.215338724073,1
349.1,0.215625257024,1
349.75,0.217487187703,1
345.75,0.206050447174,1
345.35,0.204893541896,1
343.35,0.199102315603,1
343.4,0.199247939602,1
342.0,0.195171061326,1
343.95,0.200872815712,1
343.75,0.200291335846,1
343.55,0.199709517664,1
342.1,0.195488880202,1
340.35,0.200604343517,-1
340.0,0.201632696683,-1
340.25,0.200897402565,-1
341.35,0.197664485593,-1
340.25,0.200886984494,-1
338.35,0.206471113811,-1
340.95,0.198786763286,-1
340.85,0.199080061424,-1
340.45,0.20025359817,-1
341.15,0.198197495952,-1
342.35,0.194679981662,-1
343.05,0.192635290557,-1
343.1,0.192489539209,-1
342.5,0.194238300503,-1
342.85,0.193216402692,-1
342.55,0.194091420922,-1
342.9,0.193069672272,-1
343.25,0.192048966527,-1
340.2,0.200934618384,-1
339.7,0.202404342076,-1
339.25,0.203729040339,-1
337.75,0.208150558394,-1
337.55,0.208742712354,-1
339.05,0.204298926248,-1
337.85,0.207838227236,-1
338.3,0.206506275187,-1
338.1,0.207097466437,-1
338.25,0.206653810714,-1
339.9,0.201775761933,-1
338.6,0.205600416243,-1
337.0,0.210325755877,-1
336.9,0.210622491782,-1
337.0,0.210325667799,-1
336.35,0.212254451182,-1
336.35,0.212254451182,-1
338.15,0.206902882875,-1
340.9,0.198770397292,-1
340.85,0.198917067869,-1
340.45,0.200090604616,-1
340.75,0.199209417951,-1
340.1,0.201116974811,-1
339.3,0.203469224149,-1
336.55,0.211574146047,-1
334.75,0.216922534103,-1
333.35,0.221104759644,-1
333.9,0.21945484214,-1
335.85,0.213614770262,-1
335.15,0.21569903407,-1
335.8,0.213759603964,-1
336.15,0.212717316889,-1
338.6,0.205428903978,-1
338.05,0.207053239477,-1
338.1,0.206905332363,-1
340.5,0.199806840792,-1
340.15,0.200834740939,-1
341.6,0.196571915715,-1
343.35,0.191448964895,-1
344.5,0.194798316868,1
344.2,0.193927489582,1
344.85,0.195815926538,1
343.25,0.191176228118,1
343.65,0.192341559509,1
343.85,0.192923546997,1
344.5,0.194813906165,1
345.25,0.19699097438,1
347.2,0.20263905548,1
347.95,0.204799193729,1
345.05,0.196464662906,1
346.5,0.200666952429,1
348.65,0.206871858634,1
345.4,0.197550189338,1
348.25,0.205801492175,1
348.8,0.207380817373,1
349.25,0.208670954987,1
349.6,0.209673102446,1
349.65,0.209816123041,1
349.7,0.209959123184,1
349.2,0.208529326215,1
349.4,0.209102063901,1
348.95,0.207814141749,1
348.7,0.20709770673,1
347.45,0.203512963397,1
347.35,0.203225152202,1
345.7,0.198474900294,1
346.35,0.20035514328,1
345.85,0.19891151689,1
346.6,0.201080087079,1
345.75,0.198627692388,1
345.85,0.198916918708,1
347.35,0.203254059087,1
346.75,0.201526694757,1
346.65,0.201238302543,1
347.65,0.204123056618,1
345.25,0.211026551512,-1
345.0,0.211750664474,-1
344.9,0.212040519546,-1
344.8,0.212330458659,-1
344.15,0.214215609471,-1
342.9,0.217847746621,-1
342.95,0.217701931514,-1
342.05,0.220326220769,-1
341.1,0.223103592498,-1
341.15,0.222957007919,-1
342.85,0.217973862675,-1
342.1,0.220161408249,-1
340.2,0.225715339848,-1
341.6,0.221600113511,-1
340.7,0.224234773932,-1
340.85,0.2237945039,-1
340.75,0.224087888086,-1
339.65,0.227316061234,-1
340.0,0.226285588689,-1
339.6,0.227462059277,-1
341.0,0.223339562221,-1
339.85,0.226711996239,-1
339.7,0.227153367432,-1
339.75,0.227006178736,-1
339.75,0.227006178736,-1
338.9,0.229508018324,-1
337.3,0.234229175008,-1
335.75,0.23882449075,-1
334.3,0.243143180251,-1
334.6,0.242245782704,-1
334.55,0.242395214862,-1
334.75,0.241797396898,-1
335.65,0.239108823335,-1
338.75,0.229873012223,-1
339.6,0.22736378713,-1
338.75,0.229866731771,-1
340.1,0.225881491919,-1
342.35,0.219265790654,-1
344.1,0.21415406289,-1
345.3,0.210666704564,-1
345.1,0.211245911051,-1
345.05,0.211101025511,1
345.1,0.211245932046,1
345.4,0.212115245289,1
345.7,0.212983803482,1
345.0,0.210958926421,1
345.35,0.211973419175,1
345.35,0.211973419175,1
346.3,0.214724251664,1
347.95,0.219488906587,1
347.6,0.218483014936,1
348.0,0.219633762922,1
345.6,0.212737211198,1
348.6,0.221417766754,1
349.4,0.223712660615,1
348.85,0.22213853354,1
347.8,0.219128643902,1
349.45,0.22387274971,1
350.2,0.2260189795,1
350.95,0.228160612852,1
352.55,0.232719666849,1
354.85,0.239243564168,1
351.9,0.230930192321,1
350.75,0.227662218465,1
348.5,0.22124739309,1
347.75,0.219095312746,1
346.7,0.21607590225,1
347.8,0.219248674099,1
347.7,0.218961152535,1
345.75,0.213352869532,1
344.95,0.211039058975,1
344.75,0.210459264802,1
344.55,0.209879134273,1
344.2,0.20886331654,1
342.6,0.213511776737,-1
343.35,0.211322634881,-1
342.0,0.215254482849,-1
341.0,0.218178459458,-1
342.7,0.213193122214,-1
342.25,0.214506224053,-1
341.45,0.21684369666,-1
341.7,0.216111525039,-1
342.05,0.215087234726,-1
342.75,0.213040750294,-1
343.1,0.212019597851,-1
342.4,0.21405981936,-1
341.8,0.215812155809,-1
343.8,0.209960780736,-1
341.75,0.215923549788,-1
340.4,0.219873805823,-1
340.7,0.218992489724,-1
339.9,0.221340596563,-1
339.2,0.223400025807,-1
339.95,0.221188940901,-1
339.55,0.222365584525,-1
339.3,0.223101853116,-1
339.75,0.221775593169,-1
340.65,0.219126586546,-1
342.0,0.215163574657,-1
343.05,0.212093399219,-1
347.55,0.198975777881,-1
346.65,0.20156533334,-1
346.75,0.201276857933,-1
346.05,0.199258112439,1
346.0,0.199113624648,1
345.25,0.196945994591,1
344.0,0.193325429782,1
343.6,0.192162639085,1
342.2,0.188088133846,1
341.7,0.186627000006,1
340.7,0.183700456254,1
342.2,0.188103156577,1
344.25,0.194093805321,1
344.15,0.193803318756,1
343.45,0.191769321952,1
344.3,0.194244209126,1
344.85,0.195841653216,1
344.95,0.196131634367,1
345.0,0.19627658291,1
345.4,0.1974360032,1
346.4,0.200331197178,1
345.7,0.198310411959,1
344.2,0.193971389685,1
343.75,0.192664010254,1
334.7,0.166336737527,1
332.0,0.158269811922,1
330.0,0.164293908308,-1
330.1,0.163990878005,-1
329.8,0.164899693515,-1
330.3,0.163383623169,-1
329.6,0.165502908668,-1
329.95,0.164441015464,-1
329.65,0.165350244135,-1
328.5,0.168838792595,-1
328.3,0.169447620601,-1
329.05,0.167163124713,-1
327.65,0.171417797255,-1
326.25,0.175690649384,-1
327.0,0.17339179881,-1
324.8,0.180119627556,-1
325.3,0.178580218689,-1
326.25,0.175659837502,-1
325.65,0.177498917962,-1
326.25,0.175656449054,-1
330.25,0.163395912655,-1
330.65,0.162184709021,-1
331.2,0.16052131873,-1
329.0,0.167163830807,-1
328.15,0.169747417433,-1
329.0,0.167157138597,-1
329.5,0.165637381758,-1
329.0,0.167154832441,-1
327.0,0.173233859797,-1
326.55,0.174610006586,-1
326.85,0.173691311133,-1
327.8,0.170784779085,-1
327.25,0.172462631434,-1
327.2,0.172615419822,-1
328.95,0.167267009064,-1
330.45,0.162707045544,-1
332.8,0.169818560145,1
333.45,0.171771685145,1
331.6,0.166223626965,1
332.6,0.169239308509,1
331.8,0.166834016868,1
332.9,0.170149267019,1
333.0,0.170449657526,1
333.9,0.173152360229,1
333.15,0.170906178737,1
332.9,0.17015576601,1
331.55,0.166100494157,1
332.65,0.169418244119,1
331.9,0.167163622144,1
334.4,0.174696011418,1
332.3,0.168416107112,1
332.2,0.16811517422,1
331.65,0.166459545081,1
330.75,0.163745840875,1
329.55,0.160117722961,1
328.6,0.157235004102,1
328.75,0.157691486147,1
328.65,0.157387303637,1
329.55,0.160125779219,1
328.05,0.155574117863,1
328.1,0.155726533653,1
328.05,0.155878926216,-1
328.1,0.155726510426,-1
324.5,0.16669877498,-1
322.4,0.173170269587,-1
321.55,0.175806746013,-1
320.05,0.180471650383,-1
319.95,0.180784101562,-1
320.25,0.179846455055,-1
322.25,0.173601334056,-1
321.05,0.177325150968,-1
319.9,0.180907147542,-1
319.2,0.183095331349,-1
319.6,0.181842198517,-1
319.3,0.182780871859,-1
318.6,0.184973167506,-1
321.7,0.175243098454,-1
322.2,0.17368885537,-1
320.65,0.178499531968,-1
321.4,0.17616053306,-1
320.55,0.178805212587,-1
320.5,0.178961194493,-1
320.25,0.179741225694,-1
319.6,0.181770890019,-1
319.95,0.180675771121,-1
320.1,0.180206947867,-1
319.15,0.183174770422,-1
318.75,0.184428099578,-1
316.6,0.191173197617,-1
315.45,0.194805541268,-1
316.45,0.191635466772,-1
318.0,0.186737378606,-1
321.35,0.176202787411,-1
322.7,0.172001760493,-1
322.65,0.172156703165,-1
321.7,0.175101070126,-1
322.85,0.171526311033,-1
320.35,0.179269845182,-1
319.2,0.182859668813,-1
320.2,0.179726836733,-1
320.8,0.18160066559,1
319.4,0.177236575814,1
320.35,0.180210902677,1
320.2,0.179742664812,1
321.25,0.183021865312,1
320.7,0.181309803055,1
320.0,0.179127077766,1
321.25,0.183033327766,1
323.3,0.189414650724,1
321.7,0.184465686913,1
321.8,0.18477653553,1
322.3,0.186330295629,1
319.3,0.177022197584,1
317.85,0.172481013744,1
317.9,0.17263832065,1
319.1,0.176413092591,1
320.45,0.18064374129,1
320.9,0.182048016528,1
319.9,0.178931780941,1
318.8,0.175493206386,1
319.85,0.172199605383,-1
318.85,0.175326070913,-1
318.3,0.177051019949,-1
318.8,0.175480174834,-1
316.9,0.18144002427,-1
318.7,0.175759999025,-1
319.35,0.173720463412,-1
319.8,0.172311351152,-1
319.75,0.17246769887,-1
319.5,0.173249559698,-1
317.25,0.18029181322,-1
319.05,0.174618054354,-1
319.15,0.174304623857,-1
319.4,0.173521293135,-1
319.6,0.172895119059,-1
320.05,0.171487109046,-1
320.1,0.171330883457,-1
320.0,0.171643285831,-1
318.95,0.174924535831,-1
317.35,0.179940996091,-1
318.45,0.176474791585,-1
318.25,0.177102833664,-1
317.1,0.180716345054,-1
317.65,0.178981876432,-1
317.65,0.178981876432,-1
317.35,0.179926312132,-1
316.35,0.183077407138,-1
315.85,0.184657935034,-1
315.7,0.18513284401,-1
314.55,0.188775542774,-1
316.1,0.183847868319,-1
315.75,0.184955112862,-1
316.6,0.182263109695,-1
316.95,0.181157613801,-1
317.0,0.180999860212,-1
316.6,0.182261689865,-1
316.2,0.183525113743,-1
315.4,0.186055158019,-1
315.2,0.186689273428,-1
315.3,0.186372014545,-1
315.9,0.184469064973,-1
315.25,0.186526678142,-1
314.4,0.189222950941,-1
320.0,0.171411246107,-1
320.05,0.171254996107,-1
320.3,0.170473868158,-1
321.0,0.168288417018,-1
322.75,0.162836703623,-1
322.9,0.163301459626,1
323.55,0.165314466749,1
323.7,0.16577807361,1
323.9,0.16639592965,1
323.15,0.164080400165,1
324.65,0.168722207376,1
326.45,0.174266639841,1
326.0,0.172888174533,1
324.15,0.167213327907,1
323.4,0.16489958427,1
324.4,0.167991730219,1
324.05,0.166912815299,1
323.1,0.163981168948,1
323.35,0.164754923204,1
323.4,0.164909554408,1
323.3,0.164600339814,1
323.65,0.165682925647,1
323.55,0.165373949902,1
323.3,0.164601271799,1
323.4,0.164910582038,1
324.8,0.169239586367,1
323.55,0.165391064199,1
323.5,0.165236528579,1
323.95,0.166627564127,1
322.4,0.161842875132,1
322.35,0.161687788283,1
323.8,0.166186004508,1
323.65,0.165722755589,1
323.1,0.167422122189,-1
323.1,0.167422122189,-1
323.35,0.166648367933,-1
320.8,0.174534559366,-1
317.85,0.183730319965,-1
314.8,0.193326041217,-1
314.95,0.192849548206,-1
315.3,0.1917382607,-1
314.95,0.192848314617,-1
314.45,0.194435868197,-1
314.9,0.193004798074,-1
313.7,0.19681553164,-1
313.0,0.199046962944,-1
313.15,0.198567729717,-1
312.95,0.19920640128,-1
313.9,0.196170772586,-1
313.0,0.199037927731,-1
313.8,0.196482017188,-1
313.5,0.197438040132,-1
312.25,0.201425280962,-1
312.5,0.200624640449,-1
312.45,0.200784640449,-1
312.75,0.199824486825,-1
314.5,0.194228963243,-1
313.4,0.197726578506,-1
313.25,0.198205200076,-1
312.65,0.200120603108,-1
310.3,0.20763699524,-1
308.35,0.213921236297,-1
313.1,0.198516663571,-1
315.15,0.191969234635,-1
314.7,0.193397126115,-1
313.75,0.196415874129,-1
314.0,0.19561906138,-1
315.05,0.192275112336,-1
314.9,0.192751227238,-1
314.8,0.193068788368,-1
314.7,0.193386450376,-1
314.95,0.194180857748,1
315.6,0.196244677402,1
315.55,0.196086249012,1
316.2,0.198146144432,1
313.0,0.188025967329,1
310.9,0.181316702154,1
311.6,0.183568229976,1
311.6,0.183568229976,1
311.75,0.184049616369,1
311.0,0.181643842512,1
311.25,0.182447701032,1
311.3,0.182287058462,-1
311.45,0.181805208157,-1
311.85,0.180520892858,-1
311.25,0.182444894782,-1
311.05,0.183087465063,-1
311.7,0.180997768872,-1
313.2,0.176185449334,-1
313.05,0.176664376537,-1
312.65,0.177942127695,-1
313.0,0.176822665038,-1
313.25,0.176023942993,-1
313.85,0.17410853996,-1
313.7,0.174586475279,-1
313.15,0.176339742732,-1
312.8,0.177457417968,-1
314.85,0.170903709528,-1
314.3,0.172650573114,-1
313.9,0.173923242538,-1
315.7,0.168188932248,-1
315.55,0.167713797627,1
315.8,0.168506065096,1
315.1,0.166289472316,1
314.15,0.163274556416,1
314.15,0.163274556416,1
314.4,0.164070354602,1
313.95,0.162639056892,1
314.5,0.164390928209,1
315.15,0.166457700864,1
314.6,0.164712500166,1
312.7,0.158673085036,1
315.2,0.16666796831,1
319.4,0.179992841407,1
319.85,0.181401733079,1
319.7,0.180932763249,1
319.7,0.180932763249,1
319.35,0.179837986896,1
319.8,0.181247099155,1
319.5,0.180309012851,1
318.75,0.177961595011,1
319.6,0.180628261678,1
320.25,0.182662053918,1
319.35,0.179851749468,1
320.75,0.184235654275,1
321.1,0.185326846793,1
319.7,0.180966834335,1
319.05,0.178933678252,1
320.8,0.184418711945,1
321.2,0.185665594738,1
321.5,0.186599592248,1
321.5,0.186599592248,1
321.75,0.187377197224,1
321.8,0.18753259738,1
321.8,0.18753259738,1
323.45,0.192660005708,1
323.0,0.191268755128,1
320.45,0.183374018286,1
319.3,0.1797853149,1
319.35,0.179941907447,1
319.75,0.181194451677,1
318.9,0.178536124859,1
318.35,0.176811446277,1
318.5,0.177282625796,1
318.5,0.177282625796,1
318.7,0.177910569281,1
319.0,0.176969245152,-1
318.6,0.178223163647,-1
319.1,0.176653797671,-1
319.0,0.176967179056,-1
318.35,0.179004796611,-1
316.75,0.184030711484,-1
317.0,0.183241445502,-1
317.0,0.183241445502,-1
316.9,0.183556902915,-1
316.4,0.185134687705,-1
316.25,0.185608771144,-1
316.9,0.183553435176,-1
317.0,0.183237878217,-1
316.35,0.185288351404,-1
315.2,0.188923565565,-1
313.6,0.193999707697,-1
317.25,0.182360677085,-1
315.8,0.18693120506,-1
313.9,0.192947671177,-1
314.25,0.191832666399,-1
314.7,0.190400685492,-1
312.65,0.196914825943,-1
311.8,0.19963352097,-1
311.2,0.201557831425,-1
310.95,0.202361173327,-1
311.25,0.201396387992,-1
309.05,0.208464661084,-1
308.15,0.211376811222,-1
308.9,0.208942931618,-1
311.6,0.200202238837,-1
310.7,0.203090557194,-1
311.15,0.201642214741,-1
310.75,0.202927768333,-1
310.3,0.204375877746,-1
310.1,0.20502041529,-1
310.85,0.202601840637,-1
311.0,0.202119292784,-1
310.8,0.202762379601,-1
311.4,0.20083187767,-1
311.0,0.202116399186,-1
310.95,0.20227717089,-1
314.0,0.192468519981,-1
312.2,0.198201004058,-1
313.75,0.193236237882,-1
312.15,0.198335839476,-1
312.4,0.197534942471,-1
312.1,0.19849524977,-1
311.55,0.200257505457,-1
311.5,0.20041799334,-1
313.15,0.205714943581,1
313.4,0.206513283035,1
313.15,0.205715580418,1
313.25,0.2060349162,1
313.0,0.205236831603,1
314.45,0.209869419462,1
314.2,0.209074380506,1
314.35,0.209551783434,1
315.4,0.212892009296,1
316.5,0.216379644046,1
317.5,0.219539201708,1
317.95,0.220956524543,1
317.45,0.219383950238,1
317.2,0.218596424644,1
317.6,0.219857458692,1
317.6,0.219857458692,1
317.8,0.220487181614,1
319.0,0.224263141337,1
320.6,0.229278815318,1
321.2,0.231150306272,1
320.25,0.228192647493,1
319.85,0.226943623293,1
320.25,0.228194209505,1
320.5,0.22897484963,1
320.25,0.228194818429,1
320.5,0.228975458554,1
321.5,0.232095583359,1
321.05,0.230695894401,1
319.85,0.226958158846,1
321.0,0.230553594206,1
319.1,0.224634591091,1
318.65,0.223224374858,1
319.0,0.224322758664,1
318.8,0.223695799417,1
318.85,0.22385263756,1
318.75,0.223539010462,1
319.0,0.224323324188,1
319.9,0.227144640802,1
319.6,0.226206847742,1
319.0,0.224329501058,1
319.1,0.224642980682,1
317.9,0.220882404061,1
313.85,0.20814254876,1
314.3,0.206708742802,-1
314.1,0.207345077514,-1
314.3,0.206708337622,-1
315.1,0.204162998774,-1
316.35,0.200196004169,-1
316.9,0.198457423483,-1
316.5,0.199719651315,-1
315.95,0.201457408029,-1
316.2,0.200666143589,-1
315.9,0.201614910192,-1
315.9,0.201614910192,-1
315.5,0.202881133681,-1
314.05,0.207477013237,-1
313.2,0.210183588623,-1
313.25,0.210023946222,-1
313.05,0.210662413899,-1
313.1,0.210502695005,-1
311.7,0.214974109888,-1
312.7,0.211765896863,-1
311.8,0.214644054842,-1
311.5,0.215606210069,-1
312.25,0.213198505415,-1
312.85,0.211276968185,-1
312.6,0.212076073187,-1
312.9,0.211116380289,-1
313.3,0.209838016594,-1
312.85,0.211274339607,-1
313.0,0.210794876606,-1
313.55,0.209037688108,-1
314.05,0.207443046105,-1
314.2,0.206965415154,-1
314.65,0.20553320637,-1
314.5,0.206009926535,-1
315.35,0.203307223833,-1
315.05,0.204258547758,-1
315.0,0.204417252726,-1
315.55,0.20267122098,-1
315.05,0.204255755919,-1
313.95,0.200764246635,1
313.6,0.199649419433,1
314.2,0.201562684739,1
314.9,0.20379056507,1
314.85,0.203631784505,1
315.25,0.204902230749,1
316.05,0.207439899266,1
315.9,0.206965290818,1
315.9,0.206965290818,1
316.0,0.20728184669,1
315.45,0.205541340361,1
315.65,0.20617535526,1
313.45,0.19920561029,1
313.0,0.197769974622,1
311.95,0.194415342034,1
311.95,0.194415342034,1
311.9,0.194255059938,1
312.3,0.19297259761,-1
313.0,0.190731163092,-1
313.0,0.190731163092,-1
313.05,0.190571418683,-1
313.05,0.190571418683,-1
313.6,0.188814510841,-1
314.0,0.187539000637,-1
311.15,0.196615433758,-1
310.75,0.197900987349,-1
311.3,0.196131075845,-1
311.2,0.196452309382,-1
311.85,0.194363620436,-1
312.7,0.191637951043,-1
312.65,0.191797848709,-1
314.15,0.187000151603,-1
313.7,0.188432588337,-1
314.3,0.186519932934,-1
314.1,0.187156267646,-1
315.3,0.183335828296,-1
316.5,0.179529929152,-1
315.75,0.181899597398,-1
315.5,0.181107831761,1
316.0,0.182692617815,1
318.0,0.189021731739,1
318.75,0.191380222305,1
318.4,0.190282183089,1
318.5,0.190596253441,1
319.0,0.192166112154,1
319.0,0.192166112154,1
319.3,0.193106551025,1
319.35,0.193263143571,1
319.15,0.192636871456,1
319.6,0.194046866756,1
318.35,0.190135727833,1
318.25,0.189821608153,1
318.45,0.190450044917,1
319.0,0.192177160633,1
319.65,0.194214778188,1
319.75,0.194527620359,1
319.55,0.193902131696,1
318.7,0.191242141084,1
319.2,0.192811014633,1
319.05,0.192341089821,1
318.95,0.192027659324,1
318.95,0.192027659324,1
318.3,0.189989722344,1
319.7,0.194388088665,1
320.0,0.195326468396,1
319.8,0.194701468396,1
319.85,0.194857816113,1
320.15,0.195795755772,1
320.75,0.197669877278,1
321.0,0.198449300505,1
320.5,0.196891668106,1
319.9,0.195019593223,1
320.25,0.196113685127,1
320.5,0.196894325252,1
321.85,0.201106493738,1
321.3,0.199397623146,1
321.45,0.199864476554,1
321.65,0.200486657298,1
321.45,0.199864863423,1
321.75,0.200798134538,1
321.75,0.200798134538,1
321.95,0.20141973516,1
322.6,0.203438682201,1
322.75,0.203903654303,1
323.25,0.20545284098,1
322.55,0.203287334406,1
322.85,0.204217422764,1
321.5,0.200035914324,1
320.95,0.198325183375,1
321.1,0.198792545893,1
321.2,0.199103975354,1
321.4,0.19972664036,1
323.0,0.204704860646,1
322.2,0.202228080461,1
322.9,0.204400644086,1
322.4,0.202852177068,1
322.95,0.204558132403,1
321.9,0.201306855115,1
322.5,0.203170788014,1
323.65,0.206736679487,1
323.3,0.205655264378,1
322.95,0.204572678544,1
323.1,0.205037146728,1
322.95,0.204572894175,1
321.9,0.201321616887,1
321.75,0.200855633663,1
321.5,0.200078632886,1
321.45,0.19992311189,1
321.95,0.201478563749,1
322.1,0.201944474605,1
