1602.75,0.0,0
1620.0,0.0,0
1617.8,0.0,0
1611.75,0.0,0
1616.45,0.0,0
1626.0,0.0,0
1627.3,0.0,0
1636.25,0.0,0
1628.0,0.0,0
1619.95,0.0,0
1620.0,0.0,0
1623.2,0.0,0
1622.0,0.0,0
1623.3,0.0,0
1620.0,0.0,0
1617.95,0.0,0
1617.0,0.0,0
1625.2,0.0,0
1623.35,0.0,0
1620.1,0.0,0
1618.9,0.0,0
1620.0,0.0,0
1624.2,0.0,0
1627.0,0.0,0
1638.2,0.0,0
1649.95,0.0,0
1648.75,0.0,0
1648.7,0.0,0
1648.0,0.0,0
1657.2,0.00558252427184,1
1653.75,0.00350069950718,1
1656.35,0.00507288393651,1
1651.95,0.00241644055196,1
1653.6,0.00341526012882,1
1652.2,0.00256862248973,1
1652.0,0.00244757176948,1
1656.5,0.00517154271379,1
1648.95,0.000613740117955,1
1646.75,-0.000720442240515,1
1647.75,-0.000113185522738,1
1648.0,3.85365224751e-05,1
1647.25,-0.000416560564903,1
1648.0,3.87437301337e-05,1
1646.0,-0.00117484850288,1
1646.0,-0.00117484850288,1
1645.0,-0.00178238191721,1
1642.4,-0.00336292902968,1
1639.5,-0.00512863774862,1
1643.1,-0.00293284634881,1
1635.0,-0.00786255239226,1
1636.0,-0.00725093159715,1
1637.5,-0.00633406118151,1
1635.25,-0.00496001537998,-1
1637.55,-0.00636652814561,-1
1627.55,-0.00025984438023,-1
1630.95,-0.00234887390313,-1
1627.0,7.30274427085e-05,-1
1629.8,-0.00164793137721,-1
1629.45,-0.0014331811011,-1
1628.3,-0.000727421488959,-1
1628.55,-0.000880955849949,-1
1654.75,-0.0169688868315,-1
1667.2,-0.0244926819667,-1
1660.3,-0.0203540063429,-1
1648.0,-0.012945706638,-1
1648.05,-0.0129760464439,-1
1644.5,-0.0108219855841,-1
1643.15,-0.0100010673718,-1
1640.0,-0.00808401780241,-1
1640.25,-0.00823645682681,-1
1644.0,-0.00595021997267,1
1644.9,-0.00540277471719,1
1640.95,-0.0078041365021,1
1641.0,-0.00777366634762,1
1649.35,-0.00268530559198,1
1650.3,-0.00210932111325,1
1646.2,-0.00459371788959,1
1649.35,-0.00268022013719,1
1645.8,-0.0048325831893,1
1648.0,-0.00349584725541,1
1648.35,-0.00328346861464,1
1646.7,-0.00428446961564,1
1645.85,-0.00480065349855,1
1647.85,-0.00358547593073,1
1646.9,-0.00416198471491,1
1638.4,-0.00932319668892,1
1644.3,-0.00572212247017,1
1642.1,-0.00706007783111,1
1633.7,-0.012175478842,1
1635.0,-0.0129712185739,-1
1637.0,-0.0141944601641,-1
1639.0,-0.0154162072625,-1
1637.0,-0.0141959510087,-1
1635.45,-0.0132490970074,-1
1634.5,-0.0126682171273,-1
1635.85,-0.0134941577819,-1
1637.0,-0.0141971562231,-1
1634.9,-0.0129143217698,-1
1645.0,-0.0190920696443,-1
1640.35,-0.0162653219239,-1
1636.5,-0.0139182618453,-1
1634.05,-0.0124211643812,-1
1634.95,-0.0129719431211,-1
1628.65,-0.00911861427317,-1
1628.95,-0.00930281591257,-1
1625.45,-0.00715419256624,-1
1622.55,-0.00537007124599,-1
1628.0,-0.00872898160314,-1
1627.55,-0.00845256882673,-1
1616.15,-0.00144817572053,-1
1625.0,-0.00692415257911,-1
1620.0,-0.00384722950219,-1
1622.0,-0.00508179740342,-1
1622.2,-0.00520510196569,-1
1621.5,-0.00477358920524,-1
1622.0,-0.00508194566531,-1
1613.0,0.000466759636786,-1
1606.0,0.00480649925241,-1
1608.0,0.00356116923996,-1
1603.5,0.00635967670264,-1
1607.95,0.00358449740735,-1
1606.15,0.00470393520081,-1
1610.15,0.00221350778121,-1
1616.95,-0.00200970123658,-1
1627.05,-0.00825602919972,-1
1663.7,-0.0307814586579,-1
1648.8,-0.0218255170819,-1
1643.35,-0.0185200828267,-1
1641.7,-0.0175160362146,-1
1643.75,-0.0187647418247,-1
1642.05,-0.019798962357,1
1633.5,-0.0250058683586,1
1629.95,-0.0271791159864,1
1630.15,-0.027056412836,1
1632.7,-0.0254921396096,1
1632.1,-0.0258596290443,1
1619.0,-0.0338860980107,1
1622.0,-0.0320331023343,1
1558.85,-0.0709665178707,1
1576.55,-0.0596119937022,1
1575.0,-0.0586288342718,-1
1581.05,-0.0624701041131,-1
1575.2,-0.0587700313766,-1
1570.95,-0.0560719612903,-1
1553.85,-0.0451868280906,-1
1556.05,-0.0466026661702,-1
1554.0,-0.0452852277846,-1
1560.0,-0.0491462316456,-1
1543.75,-0.0387295649789,-1
1539.1,-0.0357174192299,-1
1535.0,-0.0330535247462,-1
1534.1,-0.0324672055279,-1
1537.95,-0.0349768202858,-1
1539.9,-0.0362447418697,-1
1566.7,-0.0536484693845,-1
1555.9,-0.0467549990328,-1
1539.0,-0.0358931184492,-1
1546.0,-0.0404415265064,-1
1544.35,-0.0393742561312,-1
1554.0,-0.0456228396777,-1
1551.1,-0.0437566878115,-1
1565.0,-0.0527180700564,-1
1564.0,-0.0520790924206,-1
1592.0,-0.0699819057198,-1
1597.0,-0.0731226092374,-1
1607.0,-0.0793843500013,-1
1588.15,-0.0676544184519,-1
1583.2,-0.0707712525041,1
1583.1,-0.0708344157178,1
1589.0,-0.0671075507061,1
1594.6,-0.0635833216312,1
1594.2,-0.0638341682385,1
1597.5,-0.0617641644749,1
1595.0,-0.0633291097018,1
1600.6,-0.059818137915,1
1596.0,-0.0626920601941,1
1598.75,-0.06096900255,1
1594.8,-0.0634396827689,1
1595.35,-0.0630948119387,1
1594.9,-0.063376881704,1
1592.95,-0.0645995288919,1
1595.0,-0.0633126083985,1
1590.05,-0.0664160566743,1
1598.5,-0.0611017583818,1
1593.95,-0.0639481768992,1
1602.0,-0.058897830276,1
1580.15,-0.0725370312748,1
1575.6,-0.0754165047425,1
1580.0,-0.0726239177915,1
1581.95,-0.0713897405763,1
1581.4,-0.071737412753,1
1583.95,-0.0701249174957,1
1580.3,-0.0678205518276,-1
1581.7,-0.0687064595666,-1
1581.1,-0.0683271208804,-1
1565.0,-0.0581443367427,-1
1559.05,-0.0543424198098,-1
1562.6,-0.056619447487,-1
1559.0,-0.0543155949335,-1
1529.7,-0.0355214961522,-1
1536.75,-0.0401302429653,-1
1532.5,-0.0373646662613,-1
1514.9,-0.0258801638143,-1
1513.6,-0.0250220213626,-1
1505.1,-0.0194062708341,-1
1498.2,-0.0148218578383,-1
1494.45,-0.012318854234,-1
1493.1,-0.0114155118672,-1
1498.0,-0.0146972746426,-1
1495.0,-0.0126946044157,-1
1493.0,-0.0113568117735,-1
1478.0,-0.00130992630802,-1
1477.15,-0.000734824819517,-1
1459.95,0.0109092194549,-1
1450.35,0.0174847871114,-1
1420.0,0.0384107704947,-1
1429.9,0.0314389395088,-1
1427.25,0.0332922159617,-1
1418.65,0.0393177896173,-1
1419.8,0.0385071597932,-1
1417.35,0.0402327549474,-1
1413.55,0.0429138146715,-1
1422.0,0.0369359575034,-1
1415.5,0.0415069842263,-1
1408.0,0.0468054653284,-1
1404.0,0.0496463744193,-1
1405.3,0.0487204484934,-1
1370.15,0.0737329013505,-1
1378.0,0.0680036016387,-1
1377.05,0.0686930065734,-1
1364.0,0.0781697866468,-1
1359.5,0.0814689068814,-1
1339.8,0.0959595284334,-1
1336.05,0.0987584536461,-1
1366.0,0.0763416279285,-1
1338.0,0.0968394317353,-1
1300.3,0.125015814396,-1
1286.0,0.13601327652,-1
1278.45,0.141884194094,-1
1293.9,0.129799247479,-1
1299.3,0.125625818311,-1
1284.95,0.136670226839,-1
1298.1,0.126436365599,-1
1298.2,0.126359329932,-1
1290.5,0.132290619409,-1
1294.0,0.129578492327,-1
1292.5,0.130737688617,-1
1293.6,0.129886624788,-1
1291.55,0.131471349587,-1
1283.0,0.138091302357,-1
1266.9,0.150640016308,-1
1248.3,0.165321522347,-1
1247.6,0.165882284984,-1
1238.0,0.17357705895,-1
1225.9,0.183350887706,-1
1221.95,0.186573010228,-1
1217.8,0.189969221202,-1
1220.0,0.188162684825,-1
1218.5,0.189392193022,-1
1218.65,0.189269090847,-1
1175.15,0.224964327379,-1
1247.0,0.16382319646,-1
1229.65,0.177736588601,-1
1245.5,0.164846741897,-1
1241.4,0.168138592559,-1
1247.95,0.162862291609,-1
1241.95,0.16767017654,-1
1240.5,0.168837695361,-1
1239.55,0.169603515595,-1
1237.0,0.171660713772,-1
1269.95,0.145023688711,-1
1239.9,0.168686037622,-1
1257.5,0.154491344502,-1
1251.0,0.159660330586,-1
1256.5,0.155263847772,-1
1251.0,0.159641086132,-1
1235.95,0.171671461832,-1
1219.0,0.185385608844,-1
1234.7,0.172506199492,-1
1230.85,0.169388033136,1
1223.85,0.163700906354,1
1227.85,0.166969280746,1
1237.95,0.175195041222,1
1239.9,0.176770226003,1
1238.0,0.175237844359,1
1243.1,0.179357392017,1
1251.0,0.185712472059,1
1225.35,0.165208874936,1
1229.0,0.168187615704,1
1222.0,0.162491928153,1
1224.0,0.160855266942,-1
1225.95,0.159262129687,-1
1226.35,0.158935852107,-1
1225.0,0.160036679766,-1
1226.0,0.159220353235,-1
1226.2,0.159057221098,-1
1228.0,0.157589271335,-1
1231.0,0.155146274592,-1
1230.1,0.155877387509,-1
1256.25,0.134618953235,-1
1264.0,0.128449799006,-1
1266.9,0.126155495209,-1
1259.3,0.132154390149,-1
1257.4,0.130645615433,1
1260.0,0.1327133743,1
1265.95,0.137435596523,1
1263.7,0.135658275143,1
1265.95,0.137438761018,1
1258.8,0.131790828635,1
1259.35,0.13222775269,1
1265.85,0.137389145472,1
1268.05,0.139127108106,1
1270.8,0.141295792306,1
1267.0,0.138305549939,1
1266.6,0.137989843546,1
1270.0,0.140674195354,1
1269.0,0.139886793779,1
1267.15,0.13842895296,1
1264.75,0.136534938833,1
1262.65,0.134874531638,1
1263.1,0.135230924938,1
1252.0,0.126443022159,1
1253.1,0.127321616408,1
1249.4,0.124368939048,1
1244.0,0.120046864452,1
1236.7,0.11417869725,1
1235.05,0.112844501406,1
1235.1,0.112804017215,-1
1251.0,0.0999305656728,-1
1251.85,0.099251109238,-1
1249.95,0.100768862962,-1
1240.1,0.108649178175,-1
1238.35,0.110060354693,-1
1255.75,0.0960093997934,-1
1271.3,0.0836263617683,-1
1293.5,0.0661639217463,-1
1278.35,0.0778763299411,-1
1256.9,0.0946557721909,-1
1252.5,0.0981564484579,-1
1255.5,0.0957612388771,-1
1261.85,0.0907034929591,-1
1261.2,0.0912186096529,-1
1261.0,0.0913771887839,-1
1258.0,0.0937562530186,-1
1257.45,0.0933190511108,1
1256.15,0.0922852127872,1
1251.35,0.0884640130897,1
1248.9,0.086506127606,1
1249.0,0.086586198068,1
1247.0,0.0849849170432,1
1252.7,0.089555887372,1
1253.15,0.089915111448,1
1252.55,0.0894363180075,1
1250.5,0.0877996567964,1
1238.75,0.078403415293,1
1242.4,0.081349933961,1
1241.0,0.0824767852166,-1
1233.7,0.0883591381578,-1
1235.6,0.0868190554797,-1
1223.2,0.0968546657095,-1
1217.15,0.101800708875,-1
1222.5,0.0974051947641,-1
1223.15,0.0968734974226,-1
1216.05,0.102678182048,-1
1210.3,0.107406606044,-1
1214.05,0.10430820069,-1
1205.15,0.111639035499,-1
1203.5,0.113008159675,-1
1192.0,0.122563622907,-1
1182.0,0.130952884652,-1
1182.15,0.130825981098,-1
1175.0,0.136874282921,-1
1175.0,0.136874282921,-1
1179.9,0.132704070155,-1
1147.0,0.160587789115,-1
1153.1,0.155269567667,-1
1151.85,0.15635360201,-1
1142.9,0.164123710965,-1
1140.0,0.166661115812,-1
1140.0,0.166661115812,-1
1142.15,0.1647751509,-1
1130.0,0.175412983059,-1
1100.35,0.201651921112,-1
1096.15,0.20546888844,-1
1110.25,0.192605685411,-1
1104.0,0.198235048168,-1
1063.0,0.235372729327,-1
1058.5,0.239606031303,-1
1052.9,0.244896536735,-1
1051.5,0.246226197671,-1
1052.7,0.245084970852,-1
1054.0,0.243850051122,-1
1049.35,0.248261815828,-1
1039.65,0.257505633429,-1
1048.75,0.248752687727,-1
1049.7,0.24784684744,-1
1043.9,0.253372235647,-1
1012.05,0.283882820952,-1
1005.25,0.290601856572,-1
1060.0,0.236137792907,-1
1076.05,0.220996283473,-1
1063.4,0.232752242768,-1
1064.2,0.231999938838,-1
1060.0,0.235946565412,-1
1062.1,0.233965433336,-1
1072.1,0.224550124043,-1
1073.75,0.223011088505,-1
1064.4,0.231718888273,-1
1071.95,0.224625690227,-1
1075.65,0.221174036698,-1
1093.0,0.205044254706,-1
1124.0,0.176681949125,-1
1102.8,0.15782073916,1
1112.9,0.166979244782,1
1118.0,0.171561866761,1
1108.4,0.162975104686,1
1106.65,0.161396252286,1
1109.0,0.163519778243,1
1102.3,0.157478299433,1
1108.9,0.163465780155,1
1102.4,0.157604115442,1
1100.35,0.155744536342,1
1080.65,0.137841141968,1
1091.05,0.147464979473,1
1093.0,0.149252248617,1
1092.0,0.148337335534,1
1091.0,0.147421584618,1
1062.0,0.120840466378,1
1064.15,0.122864948487,1
1054.95,0.114219550752,1
1058.5,0.117584639145,1
1042.5,0.102468909339,1
1037.0,0.107744688715,-1
1020.0,0.124138131338,-1
1029.0,0.115314601926,-1
1030.0,0.114342784628,-1
1076.4,0.0692942409387,-1
1092.5,0.0543369759814,-1
1081.4,0.0644971590478,-1
1091.0,0.0556197778752,-1
1090.75,0.0558489254463,-1
1089.0,0.057453326088,-1
1084.75,0.0613559890816,-1
1079.05,0.0666106560555,-1
1081.85,0.0640157809339,-1
1094.25,0.0525539331731,-1
1092.6,0.0540618152842,-1
1093.0,0.0536957160713,-1
1111.0,0.0372272805726,-1
1095.6,0.023365894434,1
1089.0,0.0173417980485,1
1069.0,-0.00102367486243,1
1084.0,0.0130081305632,1
1095.0,0.0231557320392,1
1113.1,0.0396854124045,1
1114.4,0.0408533218466,1
1111.0,0.0378023527152,1
1111.0,0.0378023527152,1
1116.85,0.0430678792679,1
1108.0,0.0351438071006,1
1104.0,0.0315336987974,1
1114.9,0.0414068872032,1
1127.7,0.0528877375037,1
1125.25,0.0507151738786,1
1124.45,0.0500042207571,1
1135.5,0.0598312473034,1
1143.35,0.0667445013765,1
1136.25,0.0605346793622,1
1125.0,0.0506336892632,1
1131.25,0.0561892448187,1
1129.15,0.0543328912276,1
1129.15,0.0543328912276,1
1133.95,0.058583876482,1
1126.3,0.0518375472788,1
1134.25,0.0588960574448,1
1127.65,0.053077234434,1
1127.1,0.0525894944437,1
1123.45,0.0493510950116,1
1115.45,0.0422301728522,1
1112.25,0.0393613755058,1
1114.5,0.0413843020061,1
1122.05,0.0481586402744,1
1120.0,0.0463316272179,1
1126.8,0.0524030557894,1
1127.0,0.0525805495771,1
1129.85,0.0551093871991,1
1130.0,0.0552421481851,1
1147.0,0.0702863959727,1
1145.0,0.0685427168096,1
1164.4,0.0854859482507,1
1156.1,0.0783578135891,1
1156.2,0.0784443112969,1
1160.15,0.0818606752478,1
1160.55,0.0822054582499,1
1155.95,0.0782418203197,1
1149.95,0.0730512843968,1
1140.45,0.0647900556477,1
1130.5,0.0560654294037,1
1128.05,0.0538982467412,1
1149.0,0.0724701185554,1
1140.1,0.064724252585,1
1133.6,0.059022998309,1
1121.0,0.0479079665518,1
1124.95,0.0514316061593,1
1117.0,0.0443646254046,1
1115.8,0.0432903192273,1
1115.0,0.0425733448592,1
1108.3,0.0365643762493,1
1100.5,0.0436021818976,-1
1102.0,0.042239165087,-1
1099.5,0.0445077676279,-1
1110.0,0.0349579722663,-1
1114.3,0.0310840983925,-1
1114.95,0.0305007725377,-1
1114.3,0.0310837583218,-1
1128.0,0.0187890441515,-1
1128.25,0.0185674129458,-1
1127.35,0.019365108492,-1
1127.0,0.0196755710812,-1
1148.75,0.000376547123839,-1
1168.5,-0.016816053529,-1
1210.0,-0.0523316718431,-1
1216.0,-0.0572903495291,-1
1215.0,-0.0581127179501,1
1218.75,-0.055026298197,1
1212.0,-0.0605647597355,1
1193.5,-0.0758287861381,1
1194.05,-0.0753679566451,1
1206.55,-0.0648993833022,1
1204.5,-0.0665984426035,1
1204.4,-0.0666814646044,1
1210.0,-0.0620318465373,1
1228.7,-0.0465773010827,1
1225.35,-0.0493037599417,1
1227.5,-0.0475491592154,1
1218.95,-0.0545145359975,1
1249.0,-0.0298621712573,1
1241.15,-0.0361471992797,1
1239.0,-0.0378794637119,1
1238.05,-0.0386462110888,1
1238.5,-0.0382827362695,1
1239.05,-0.0378386506821,1
1238.9,-0.037959711172,1
1238.9,-0.037959711172,1
1258.5,-0.0221392252571,1
1240.95,-0.0360843980819,1
1244.0,-0.0336266036502,1
1248.95,-0.0296475039718,1
1247.95,-0.0304481765367,1
1270.3,-0.0125388051677,1
1274.75,-0.00903569566598,1
1271.5,-0.0115852151796,1
1262.6,-0.0185848219433,1
1261.5,-0.0194560400646,1
1274.0,-0.0095472013805,1
1271.5,-0.0115095247714,1
1271.1,-0.0118241138394,1
1271.0,-0.0119027858558,1
1285.8,-0.00025841134753,1
1286.95,0.00063597347126,1
1303.0,0.0131073204544,1
1283.05,-0.00220350072745,1
1336.25,0.0392601990504,1
1344.85,0.0456961204723,1
1341.7,0.0433538518178,1
1331.95,0.0360869516166,1
1326.5,0.0319952064309,1
1337.0,0.0399107737133,1
1329.85,0.0345629801456,1
1330.45,0.0350141588499,1
1333.5,0.0373066162892,1
1337.85,0.0405687085276,1
1326.5,0.0320849472689,1
1327.0,0.0324618790442,1
1343.1,0.0445945090367,1
1341.15,0.0431426439485,1
1344.95,0.045976033204,1
1346.5,0.0471284924032,1
1344.95,0.0459773598373,1
1337.7,0.0405868248732,1
1331.8,0.0361762694422,1
1291.95,0.00625435924547,1
1302.0,0.0140332980589,1
1288.9,0.00397185412648,1
1270.1,-0.010614227028,1
1287.0,0.00269181186658,1
1268.0,-0.0120712028964,1
1287.0,-0.0270554300258,-1
1275.05,-0.0177702707406,-1
1281.6,-0.0229073241895,-1
1312.6,-0.0470958385466,-1
1325.0,-0.0565427378304,-1
1342.35,-0.0696370774531,-1
1345.0,-0.071611227265,-1
1346.6,-0.072800818343,-1
1352.0,-0.0768109178529,-1
1360.0,-0.0827280776162,-1
1351.55,-0.0765148423221,-1
1354.0,-0.0783275758503,-1
1391.0,-0.051001135673,1
1395.0,-0.0481255066292,1
1400.0,-0.0445412772385,1
1399.95,-0.0445769915242,1
1414.0,-0.0345409188073,1
1416.0,-0.0331264916503,1
1403.95,-0.041636378656,1
1405.25,-0.0407104197543,1
1400.6,-0.0440194395017,1
1404.45,-0.0412706175682,1
1401.65,-0.043264280568,1
1406.85,-0.0395543672515,1
1391.2,-0.0506785098396,1
1399.45,-0.0447483775796,1
1398.25,-0.0456058573038,1
1393.3,-0.0491459967639,1
1409.0,-0.0378777846057,1
1409.9,-0.0372390337185,1
1420.15,-0.0299690145682,1
1424.0,-0.0272580333338,1
1418.45,-0.031155505244,1
1432.75,-0.0210740783343,1
1444.05,-0.0131871476067,1
1446.15,-0.0117329043326,1
1429.7,-0.0231079345853,1
1375.0,-0.0613677093632,1
1381.1,-0.0569313457269,1
1378.0,-0.0591759333744,1
1379.5,-0.058087399267,1
1359.0,-0.0729478559542,1
1362.05,-0.0751921532316,-1
1369.1,-0.0803681746699,-1
1377.5,-0.0865035920974,-1
1384.0,-0.0912222853823,-1
1415.0,-0.113621129313,-1
1418.4,-0.116023956168,-1
1407.0,-0.107986731126,-1
1395.05,-0.0994934830803,-1
1405.5,-0.10698425402,-1
1401.0,-0.103782546443,-1
1400.0,-0.103068770569,-1
1392.6,-0.0977830562829,-1
1387.0,-0.0937618010768,-1
1367.95,-0.0800271219132,-1
1377.0,-0.0866428607925,-1
1377.35,-0.0868970365369,-1
1379.95,-0.0887847194062,-1
1372.85,-0.0836396054528,-1
1363.1,-0.0765375913944,-1
1366.0,-0.0786650948791,-1
1381.0,-0.0896460612042,-1
1370.5,-0.0820428751071,-1
1363.0,-0.0765704197989,-1
1349.45,-0.0666291138561,-1
1339.9,-0.0595521565772,-1
1345.0,-0.0633584107753,-1
1343.25,-0.0620572955336,-1
1327.1,-0.0500342171789,-1
1314.25,-0.0403514502435,-1
1312.35,-0.0389057587845,-1
1312.0,-0.0386390616381,-1
1310.05,-0.0371527811503,-1
1310.85,-0.0377634448654,-1
1306.95,-0.0347882760818,-1
1301.0,-0.0302356918208,-1
1304.3,-0.0327722021974,-1
1303.4,-0.0320821768965,-1
1309.0,-0.0363786323207,-1
1308.8,-0.0362258439327,-1
1309.0,-0.0363786556686,-1
1313.0,-0.0394344234303,-1
1312.1,-0.0387489702696,-1
1321.95,-0.0462560200371,-1
1312.5,-0.0391074894573,-1
1300.0,-0.0295836799335,-1
1327.0,-0.0503529107027,-1
1346.15,-0.0647839581782,-1
1351.85,-0.0690182559905,-1
1338.5,-0.0591428999968,-1
1337.0,-0.0580222425445,-1
1332.0,-0.0542825267629,-1
1339.85,-0.0601759201563,-1
1334.0,-0.0558097597652,-1
1332.0,-0.05730901014,1
1334.1,-0.0557324335634,1
1332.2,-0.0571566146593,1
1333.8,-0.0559555937915,1
1338.1,-0.0527317221466,1
1341.75,-0.0500039738468,1
1345.35,-0.047320910683,1
1360.1,-0.0363572209369,1
1357.9,-0.0379747490598,1
1356.1,-0.0393003253172,1
1359.0,-0.0371618399548,1
1360.45,-0.0360948789541,1
1365.0,-0.0327503973487,1
1360.0,-0.0364134010117,1
1363.0,-0.0342075186588,1
1362.15,-0.0348311430168,1
1361.05,-0.0356386899096,1
1375.0,-0.0253892501388,1
1374.0,-0.0261165228661,1
1373.85,-0.0262256931718,1
1372.05,-0.0275358798734,1
1374.0,-0.0261146488687,1
1372.6,-0.0271335717217,1
1373.65,-0.0263686001349,1
1382.0,-0.0202899046885,1
1383.25,-0.0193854184366,1
1378.3,-0.0229639472637,1
1380.95,-0.0210412889164,1
1383.0,-0.0195568035984,1
1394.0,-0.0116030798095,1
1365.65,-0.0319402390635,1
1366.5,-0.0313178248285,1
1363.8,-0.033293675542,1
1378.95,-0.022185008582,1
1372.7,-0.0267174426804,1
1380.0,-0.0213994562304,1
1379.0,-0.0221240939115,1
1376.3,-0.0240820344481,1
1373.95,-0.0257895110157,1
1372.4,-0.0269176452273,1
1364.2,-0.0328925796488,1
1370.0,-0.0286410036335,1
1353.25,-0.0408672810058,1
1342.0,-0.0491806007915,1
1333.0,-0.0424741924457,-1
1321.85,-0.034109601298,-1
1322.2,-0.0343743817193,-1
1321.05,-0.0335046192023,-1
1315.5,-0.0293034156143,-1
1313.0,-0.0274029975223,-1
1311.4,-0.0261844141255,-1
1305.5,-0.0216854054325,-1
1295.0,-0.0136425099901,-1
1312.0,-0.0267699231175,-1
1301.95,-0.0191098621419,-1
1327.25,-0.0385422520186,-1
1324.0,-0.0360935799523,-1
1321.05,-0.0338654832756,-1
1325.85,-0.0374989566491,-1
1325.1,-0.036933281799,-1
1335.55,-0.0448194790671,-1
1331.0,-0.0414126429322,-1
1332.0,-0.0421639577331,-1
1327.0,-0.0384102039793,-1
1332.25,-0.0423664963682,-1
1339.0,-0.0474331129942,-1
1339.0,-0.0474331129942,-1
1329.5,-0.0403382660935,-1
1331.75,-0.0420306316445,-1
1335.0,-0.044471029617,-1
1333.0,-0.0429729022762,-1
1343.45,-0.0351334424113,1
1339.55,-0.0380364160984,1
1336.0,-0.0406865598034,1
1329.0,-0.0459260807615,1
1330.3,-0.0449479016795,1
1333.95,-0.0422041596664,1
1331.0,-0.0444156368582,1
1332.0,-0.0436643220573,1
1323.4,-0.0501207785137,1
1304.4,-0.0644777378609,1
1310.0,-0.060184576254,1
1316.95,-0.0548792327425,1
1317.75,-0.054271768526,1
1328.5,-0.0624296133372,-1
1328.0,-0.0620532490165,-1
1326.9,-0.0612249357635,-1
1326.55,-0.0609611630602,-1
1323.95,-0.059001191706,-1
1328.95,-0.0627777693713,-1
1327.2,-0.0614609402957,-1
1330.0,-0.0635706449371,-1
1350.9,-0.0792849306513,-1
1365.8,-0.0903146145658,-1
1358.7,-0.0851161960565,-1
1356.25,-0.0869193902863,1
1375.0,-0.0730945054936,1
1370.45,-0.0764035964027,1
1373.4,-0.0742510187822,1
1374.75,-0.0732680567901,1
1379.5,-0.0698128831222,1
1376.2,-0.0722050541986,1
1369.3,-0.0772188603315,1
1368.25,-0.0779856754925,1
1377.8,-0.0710059568738,1
1379.8,-0.0695543673833,1
1380.5,-0.0690470474819,1
1380.6,-0.0689746099593,1
1378.0,-0.0708578491306,1
1381.0,-0.0686807809158,1
1370.45,-0.0763201726609,1
1369.8,-0.0767944694248,1
1373.0,-0.0744583619638,1
1374.85,-0.0731109475429,1
1380.9,-0.0687104674905,1
1383.5,-0.0668276374521,1
1373.5,-0.074055682266,1
1408.65,-0.048464127843,1
1418.9,-0.0411876574635,1
1417.05,-0.0424914843717,1
1422.3,-0.0387866045157,1
1420.95,-0.0397357713581,1
1408.0,-0.048849392527,1
1413.5,-0.044943142527,1
1409.65,-0.0476668779356,1
1417.9,-0.0418143613535,1
1417.05,-0.0424138394549,1
1418.55,-0.0413553023532,1
1408.5,-0.0484400015178,1
1407.1,-0.049433966729,1
1407.95,-0.048829887417,1
1408.95,-0.0481196349222,1
1405.1,-0.0508521662398,1
1408.45,-0.0484679942948,1
1408.8,-0.0482194941705,1
1406.45,-0.0498875804851,1
1406.25,-0.0500297824831,1
1407.25,-0.049318671372,1
1407.25,-0.049318671372,1
1413.35,-0.0449839760442,1
1415.0,-0.043816536981,1
1414.25,-0.0443465723167,1
1432.0,-0.0317957503262,1
1426.2,-0.0358460296558,1
1422.1,-0.0387208017775,1
1424.45,-0.037068316017,1
1429.2,-0.0337336956372,1
1422.65,-0.0383166791245,1
1421.0,-0.0394764865262,1
1412.0,-0.0458100544361,1
1414.3,-0.044181159252,1
1407.3,-0.0491306042071,1
1404.3,-0.05126234584,1
1408.05,-0.0485919762608,1
1422.7,-0.038187516192,1
1419.7,-0.0402961828118,1
1421.9,-0.0387465596519,1
1423.3,-0.0377619615789,1
1427.0,-0.0351623690826,1
1434.5,-0.0299065877231,1
1432.65,-0.0311962356841,1
1437.55,-0.0277760004557,1
1437.55,-0.0277760004557,1
1441.65,-0.0249239257452,1
1443.9,-0.0233632140607,1
1435.9,-0.0289037639603,1
1430.3,-0.032803756996,1
1455.65,-0.0150802024969,1
1456.95,-0.0141871306734,1
1453.0,-0.0168982738149,1
1454.0,-0.0162100425692,1
1457.25,-0.0139748293642,1
1456.9,-0.0142150077825,1
1464.25,-0.00917004930899,1
1460.0,-0.0120725591263,1
1458.0,-0.01344242214,1
1454.0,-0.016185906365,1
1453.9,-0.0162546821559,1
1457.5,-0.0137785833871,1
1489.0,0.00783376652718,1
1478.65,0.000882792719252,1
1484.0,0.00450095793753,1
1476.45,-0.000586643140641,1
1483.0,0.00384967370043,1
1478.8,0.00101757659996,1
1486.0,0.00588638915067,1
1484.2,0.00467508363251,1
1484.25,0.00470877181469,1
1495.3,0.0121536092747,1
1504.0,0.0179718397301,1
1496.45,0.0129518929216,1
1498.0,0.013987677612,1
1513.3,0.0242012957696,1
1507.2,0.0201703699783,1
1494.0,0.0114124081948,1
1495.75,0.0125837602698,1
1498.35,0.0143220186686,1
1487.75,0.00724757010851,1
1489.35,0.00832301961279,1
1471.1,-0.0039306480946,1
1472.1,-0.00325088465228,1
1471.9,-0.00338674498785,1
1473.0,-0.00263941160923,1
1485.35,0.00574483822105,1
1463.95,-0.00866254051123,1
1453.95,-0.0154933748977,1
1456.0,-0.0140834226985,1
1453.95,-0.0126754556655,-1
1453.1,-0.012090841339,-1
1455.25,-0.0135704366869,-1
1456.75,-0.014601187417,-1
1447.15,-0.00801117540396,-1
1447.85,-0.00849488476374,-1
1450.5,-0.0103251848639,-1
1452.25,-0.0115316653878,-1
1456.85,-0.0146991640967,-1
1456.0,-0.0141157135013,-1
1473.5,-0.0261349442705,-1
1458.1,-0.0156836378572,-1
1454.0,-0.0128717593852,-1
1439.0,-0.00255539074699,-1
1440.95,-0.00391049846068,-1
1443.6,-0.00574956296673,-1
1443.5,-0.00568029170045,-1
1441.25,-0.00412158023527,-1
1441.0,-0.00394811969754,-1
1440.9,-0.00387872344494,-1
1431.55,0.00261027648566,-1
1435.95,-0.000463315075931,-1
1433.5,0.00124287246542,-1
1437.0,-0.00119870409545,-1
1435.2,5.39055078932e-05,-1
1432.05,0.0022487215614,-1
1431.9,0.00235346650746,-1
1434.55,0.000502778610262,-1
1434.95,0.000223945526716,-1
1443.5,-0.0057344502362,-1
1458.5,-0.0161258600041,-1
1456.15,-0.0145146155749,-1
1452.55,-0.0120423428008,-1
1451.2,-0.0111129427802,-1
1458.5,-0.0161432625156,-1
1476.05,-0.0281761730401,-1
1473.7,-0.0265840860511,-1
1478.95,-0.0230216242204,1
1478.45,-0.0233597019106,1
1475.0,-0.0256932268861,1
1475.5,-0.0253542438353,1
1502.0,-0.00739423028054,1
1481.35,-0.0211425658331,1
1484.95,-0.0187123501515,1
1482.55,-0.0203285661857,1
1480.6,-0.0216438675246,1
1485.9,-0.0180642376448,1
1491.3,-0.0144300765304,1
1499.3,-0.00906562940369,1
1498.7,-0.00946581615751,1
1498.0,-0.00993288761945,1
1503.0,-0.00659510390783,1
1503.0,-0.00659510390783,1
1502.0,-0.00726043990251,1
1515.0,0.00139468659549,1
1517.0,0.0027148186087,1
1521.0,0.00535160173328,1
1521.5,0.00568033283125,1
1519.5,0.00436584055389,1
1532.0,0.0125922308138,1
1519.95,0.0047266955658,1
1521.5,0.00574646595298,1
1520.85,0.00531925596284,1
1519.55,0.0044644708098,1
1516.9,0.00272053345993,1
1516.0,0.0021272181458,1
1514.95,0.0014346060086,1
1521.3,0.00562616348574,1
1542.95,0.0198574130749,1
1522.55,0.00663598658669,1
1521.7,0.00607771263838,1
1526.5,0.00923207946495,1
1520.0,0.00497397268474,1
1528.0,0.0102371305795,1
1531.65,0.012625874035,1
1530.0,0.0115486044238,1
1532.1,0.0129211534434,1
1538.05,0.0168047119578,1
1534.1,0.0142365249678,1
1538.0,0.0167787321251,1
1542.3,0.0195745708767,1
1539.0,0.0174349093323,1
1541.4,0.0189943635233,1
1543.8,0.0205513896035,1
1548.0,0.0232719492615,1
1528.55,0.0107073497783,1
1526.55,0.00939892022086,1
1528.25,0.0105125424409,1
1529.4,0.0112650371244,1
1493.7,-0.0120774501255,1
1502.35,-0.00628646130583,1
1524.0,0.00812429517568,1
1532.0,0.0133736390077,1
1542.0,0.0199010541513,1
1539.8,0.018474335604,1
1561.6,0.0326320184199,1
1559.0,0.0309670594035,1
1530.0,0.0123653916678,1
1527.0,0.0104046073541,1
1531.4,0.0132860742827,1
1531.2,0.0131554748312,1
1533.25,0.014494294058,1
1534.0,0.0149834510774,1
1534.5,0.0153093963186,1
1541.65,0.0106498981107,-1
1542.15,0.0109742259412,1
1540.0,0.00958006843387,1
1545.0,0.0128268216806,1
1540.0,0.00959057572593,1
1528.5,0.0021230432584,1
1543.55,0.0119692977563,1
1539.2,0.00915111888289,1
1538.05,0.00840397751075,1
1519.1,-0.00391681830213,1
1500.25,-0.0163254813263,1
1500.3,-0.0162921535476,1
1507.65,-0.0113931333516,1
1506.45,-0.0105971926492,-1
1505.1,-0.00970104607945,-1
1511.0,-0.0136210513947,-1
1518.55,-0.0186177423279,-1
1512.0,-0.0143044171163,-1
1503.8,-0.00888113669304,-1
1510.8,-0.0135360110114,-1
1531.15,-0.0270056959466,-1
1532.5,-0.0278873861794,-1
1526.95,-0.0242658527373,-1
1526.7,-0.0241021276645,-1
1532.0,-0.0275736675872,-1
1532.05,-0.0276063046629,-1
1534.35,-0.0291075611493,-1
1552.5,-0.0409366744546,-1
1550.5,-0.0396484296881,-1
1578.8,-0.0579006064053,-1
1597.0,-0.046372863816,1
1592.0,-0.0495037341979,1
1582.0,-0.0557851412331,1
1572.0,-0.0621062537489,1
1573.4,-0.0612156685072,1
1574.75,-0.0603576540163,1
1562.3,-0.0682636708443,1
1556.05,-0.0722641829099,1
1554.8,-0.0730674989987,1
1556.5,-0.0719741107816,1
1557.9,-0.0710746568786,1
1563.3,-0.0676084523725,1
1564.0,-0.0671606816311,1
1571.35,-0.0624611931401,1
1561.05,-0.0690160663383,1
1564.15,-0.0670302234761,1
1564.6,-0.0667425272833,1
1568.0,-0.064569447902,1
1559.35,-0.0700860295346,1
1554.65,-0.0731001059126,1
1552.55,-0.0744508922632,1
1543.75,-0.0801189866885,1
1543.45,-0.0803133186723,1
1544.2,-0.0798273942822,1
1553.75,-0.0860118263506,-1
1552.0,-0.0848855190296,-1
1566.2,-0.0940350035657,-1
1562.85,-0.0918960685637,-1
1562.4,-0.0916081330613,-1
1555.6,-0.0872558545155,-1
1562.7,-0.0918200098253,-1
1577.0,-0.100970838519,-1
1572.6,-0.0981807307196,-1
1568.1,-0.0953192274766,-1
1568.3,-0.0954467703629,-1
1572.1,-0.0930237645604,1
1572.25,-0.0929283507827,1
1571.45,-0.0934371757151,1
1552.85,-0.105273377949,1
1553.25,-0.105015787067,1
1573.35,-0.0920751786657,1
1568.6,-0.095094214481,1
1570.05,-0.0941698233041,1
1591.05,-0.080794453093,1
1577.05,-0.0895936737334,1
1572.4,-0.0925422168995,1
1569.1,-0.0946409195197,1
1568.75,-0.0948639773235,1
1561.0,-0.0998042163673,1
1554.7,-0.103840090807,1
1555.1,-0.103582806443,1
1563.0,-0.0985027472831,1
1563.6,-0.0981188701238,1
1564.2,-0.0977351402696,1
1565.0,-0.0972236967202,1
1562.95,-0.0985336008735,1
1563.7,-0.0990134626733,-1
1561.0,-0.0972867887589,-1
1560.15,-0.0967422660171,-1
1554.0,-0.0928003373563,-1
1554.3,-0.0929933875494,-1
1558.9,-0.0959529191714,-1
1559.4,-0.096273658154,-1
1567.4,-0.101403836428,-1
1574.5,-0.105933630992,-1
1580.0,-0.109426803428,-1
1579.55,-0.109141993301,-1
1576.05,-0.106926172339,-1
1573.1,-0.108797940367,1
1574.2,-0.108098684121,1
1571.5,-0.106383527216,-1
1574.25,-0.104633606758,1
1572.9,-0.105491157973,1
1574.2,-0.104664659149,1
1575.0,-0.104156464511,1
1580.0,-0.100981861336,1
1573.95,-0.10481097526,1
1568.05,-0.108559506027,1
1574.0,-0.104764984168,1
1571.9,-0.1060991646,1
1568.7,-0.108134917511,1
1568.95,-0.107975549882,1
1568.05,-0.108549181928,1
1563.5,-0.111450875114,1
1558.55,-0.114616848891,1
1570.05,-0.107238195656,1
1570.4,-0.107015272819,1
1577.1,-0.102748843883,1
1589.95,-0.0946009775465,1
1603.85,-0.0858585642631,1
1637.9,-0.0646283993474,1
1625.0,-0.0725043380494,1
1625.6,-0.0721351072802,1
1626.85,-0.0713661604298,1
1616.9,-0.0774822743924,1
1614.0,-0.0792758299617,1
1613.6,-0.0795236614363,1
1600.1,-0.0878900471576,1
1602.3,-0.0865151330898,1
1601.95,-0.086733569088,1
1610.0,-0.0817084434599,1
1636.75,-0.0650935366276,1
1639.7,-0.0632911844052,1
1633.05,-0.0673468043357,1
1623.75,-0.0730416697715,1
1622.4,-0.0738730785475,1
1620.45,-0.0750750016244,1
1616.65,-0.0774200292402,1
1598.0,-0.0889562306443,1
1595.0,-0.0908335773277,1
1596.7,-0.0897677466067,1
1591.15,-0.0932436656898,1
1628.5,-0.0697700774046,1
1602.5,-0.0857356899314,1
1602.0,-0.0860477024119,1
1620.7,-0.074374793548,1
1610.0,-0.0809768790666,1
1614.05,-0.0834924070169,-1
1616.5,-0.0850103277753,-1
1614.55,-0.0838040178464,-1
1616.35,-0.0849188795726,-1
1617.25,-0.0854756896694,-1
1620.0,-0.0871761070446,-1
1615.0,-0.0840896872915,-1
1619.95,-0.0871547027714,-1
1623.0,-0.0852719286117,1
1611.2,-0.0925424153646,1
1623.0,-0.0852186815017,1
1625.65,-0.083585902697,1
1629.7,-0.0810945915291,1
1627.0,-0.0827513381696,1
1625.0,-0.0839805944696,1
1625.45,-0.0837036713926,1
1626.0,-0.083365303556,1
1627.4,-0.0825042949459,1
1626.2,-0.083241667442,1
1627.15,-0.0826574834547,1
1633.0,-0.0790622402381,1
1645.0,-0.0717138017812,1
1657.5,-0.0641150175867,1
1679.4,-0.0509023479035,1
1664.5,-0.0597745641712,1
1664.7,-0.0596544079681,1
1659.7,-0.0626579521502,1
1660.6,-0.0621156854755,1
1661.8,-0.061393055101,1
1662.35,-0.061062088679,1
1661.05,-0.0618441141249,1
1663.65,-0.0602788391483,1
1661.6,-0.0615110694852,1
1665.0,-0.0594648489748,1
1659.4,-0.0628282123382,1
1682.0,-0.0492088318392,1
1680.2,-0.0502789864171,1
1682.3,-0.0490291352089,1
1690.5,-0.0441548559484,1
1698.0,-0.0397182987168,1
1693.85,-0.0421623505425,1
1692.1,-0.0431954998768,1
1695.7,-0.0410679660431,1
1696.15,-0.0408025889127,1
1688.15,-0.0455191528959,1
1686.75,-0.0463484630875,1
1731.2,-0.0199960101454,1
1718.9,-0.0271009084819,1
1752.1,-0.00778623049012,1
1761.9,-0.00219294243579,1
1753.5,-0.00696052288871,1
1746.0,-0.0112376828545,1
1745.95,-0.0112663197388,1
1748.65,-0.00971988370111,1
1749.7,-0.00911942048663,1
1753.0,-0.00723338288019,1
1753.5,-0.00694815755218,1
1810.2,0.0253871717891,1
1826.0,0.0341154891021,1
1811.95,0.0264210750824,1
1809.75,0.0252069135438,1
1808.5,0.024516210408,1
1809.35,0.0249862131727,1
1809.75,0.025207287039,1
1808.45,0.0244889557778,1
1845.65,0.0450590572459,1
1866.5,0.0563558903399,1
1861.95,0.0539181726865,1
1862.2,0.054052440524,1
1847.15,0.0459706018386,1
1853.7,0.049516605141,1
1851.0,0.0480600587743,1
1835.0,0.0394160825452,1
1825.8,0.034402458567,1
1826.85,0.0349775489383,1
1814.3,0.0281078004642,1
1815.6,0.0288243302553,1
1813.5,0.027667687823,1
1815.1,0.0285499596731,1
1814.65,0.0283020394483,1
1808.25,0.0247751885404,1
1811.5,0.0265725063891,1
1814.25,0.0280905853292,1
1811.25,0.0264370094714,1
1800.75,0.0206399080222,1
1798.45,0.0193626624301,1
1782.05,0.028481625982,-1
1794.0,0.021775865762,-1
1783.8,0.0274614844911,-1
1785.8,0.0263402825627,-1
1788.35,0.0249123511034,-1
1791.35,0.0232348271288,-1
1803.75,0.0163126734458,-1
1798.55,0.0191955563287,-1
1800.15,0.0183059508131,-1
1800.95,0.0178615434026,-1
1787.4,0.0253853502823,-1
1782.9,0.0279029736459,-1
1792.9,0.0222941341148,-1
1792.8,0.0223499096739,-1
1791.8,0.0229076963763,-1
1791.15,0.0232704600776,-1
1784.2,0.0271506487832,-1
1788.95,0.0244883911887,-1
1786.9,0.0256343147752,-1
1820.05,0.00708263309182,-1
1802.2,0.0168900559648,-1
1798.65,0.0188598706358,-1
1792.0,0.0225570879932,-1
1813.35,0.0106430254932,-1
1810.25,0.0123525686041,-1
1797.55,0.00533696302472,1
1803.0,0.00836886756145,1
1800.25,0.0068436318432,1
1803.6,0.00870448450255,1
1793.5,0.00310457321402,1
1795.15,0.00402456206264,1
1781.05,-0.00382993477607,1
1783.45,-0.00248241505455,1
1786.65,-0.000688139913674,1
1790.25,0.00132680425558,1
1793.0,-0.000209294054711,-1
1777.05,0.00868641146676,-1
1764.35,0.0158330871371,-1
1765.9,0.0149545766375,-1
1764.05,0.0160022010783,-1
1758.45,0.0191767142724,-1
1755.4,0.0209111963446,-1
1753.1,0.0222214390244,-1
1752.3,0.0226777735176,-1
1753.55,0.0219644253466,-1
1758.8,0.0189704987406,-1
1756.0,0.0205624932823,-1
1751.0,0.0234098736923,-1
1731.8,0.0343750364564,-1
1732.4,0.0340285761262,-1
1728.0,0.0365684052649,-1
1702.7,0.0512096089686,-1
1706.35,0.0490659547723,-1
1696.15,0.0550436264106,-1
1684.7,0.0617942086115,-1
1666.35,0.0726863555813,-1
1682.55,0.0629645084303,-1
1684.45,0.0618352700719,-1
1666.25,0.0726399837767,-1
1681.55,0.0634576882028,-1
1676.95,0.0661932595506,-1
1677.3,0.0659845473052,-1
1674.75,0.0675048477881,-1
1676.5,0.0664599157087,-1
1672.55,0.0688160147245,-1
1673.1,0.0684871755269,-1
1675.1,0.0672917897161,-1
1725.75,0.03705478894,-1
1722.9,0.0387062448288,-1
1725.0,0.0374873696764,-1
1712.35,0.0448207030097,-1
1702.05,0.0508358284222,-1
1696.3,0.0542141075562,-1
1686.75,0.0598440079276,-1
1693.0,0.0561386574014,-1
1691.5,0.0570246585827,-1
1691.5,0.0570246585827,-1
1687.0,0.0596850192094,-1
1688.75,0.0586476748111,-1
1686.35,0.0600688443151,-1
1689.05,0.0616699354291,1
1689.15,0.0617291403076,1
1704.0,0.0705205442681,1
1703.0,0.069933689808,1
1700.75,0.068612491922,1
1725.15,0.0829591037109,1
1730.0,0.0857704534486,1
1731.25,0.0864929968012,1
1756.0,0.100789025682,1
1747.45,0.0959200051809,1
1745.8,0.0949757721556,1
1754.2,0.0997873198702,1
1750.15,0.0974785751432,1
1750.65,0.0977642649412,1
1738.0,0.0905383774137,1
1741.0,0.092264499393,1
1741.05,0.09229321852,1
1732.9,0.0876121352656,1
1786.25,0.118398678055,1
1789.85,0.120414073437,1
1787.4,0.119045243646,1
1786.0,0.118261983044,1
1789.0,0.119941714287,1
1789.0,0.119941714287,1
1789.5,0.120221200034,1
1798.5,0.125250537837,1
1776.0,0.112740112483,1
1777.0,0.113303175546,1
1782.85,0.116595240825,1
1778.7,0.11426750714,1
1785.4,0.118034303114,1
1770.9,0.109912873743,1
1759.75,0.103616640189,1
1759.0,0.103190443286,1
1746.1,0.0958567309497,1
1742.0,0.0935086409205,1
1744.6,0.0950011782339,1
1739.9,0.0923071509497,1
1744.9,0.0951808793249,1
1743.0,0.0940919917096,1
1746.0,0.0923708213137,-1
1745.5,0.0926571901568,-1
1721.25,0.10655005753,-1
1753.9,0.0875812848358,-1
1735.0,0.0983572697836,-1
1724.0,0.10469732742,-1
1714.25,0.110352779857,-1
1707.3,0.114407030987,-1
1705.55,0.115432041237,-1
1706.1,0.115109564617,-1
1714.05,0.110449814309,-1
1709.6,0.113046004618,-1
1710.55,0.112490319078,-1
1707.05,0.114536444593,-1
1712.7,0.111226641131,-1
1721.55,0.106059361397,-1
1724.3,0.104461963703,-1
1719.3,0.107361691129,-1
1715.0,0.109862708985,-1
1718.05,0.108084283329,-1
1719.4,0.107298508759,-1
1714.1,0.110380979388,-1
1697.25,0.120211210997,-1
1699.1,0.11912121247,-1
1698.8,0.119297776533,-1
1697.55,0.120033590048,-1
1695.0,0.121535754933,-1
1696.25,0.120798291806,-1
1718.15,0.107887459087,-1
1729.9,0.101048708105,-1
1738.4,0.0961351292853,-1
1733.75,0.0988100027321,-1
1740.0,0.0952051000645,-1
1727.35,0.102475215007,-1
1725.35,0.101317372068,1
1708.6,0.0916091969156,1
1709.1,0.0919018341624,1
1708.05,0.0912874757282,1
1703.4,0.0885650729882,1
1707.0,0.0906784932066,1
1719.0,0.0977083701837,1
1706.75,0.0905821339999,1
1693.8,0.0829946138593,1
1695.05,0.0822566282648,-1
1693.75,0.0830235672931,-1
1695.4,0.0820493975514,-1
1692.25,0.0839073661724,-1
1701.45,0.0784708171991,-1
1700.8,0.0788528442937,-1
1698.4,0.0802639449522,-1
1698.3,0.0803228238971,-1
1702.2,0.078026409836,-1
1703.0,0.0775564298101,-1
1676.7,0.0929997651008,-1
1660.8,0.102482677965,-1
1670.95,0.0963711654412,-1
1663.1,0.101069091771,-1
1661.4,0.102091279252,-1
1655.0,0.105943452118,-1
1658.0,0.104130763296,-1
1660.4,0.102683236155,-1
1659.0,0.103526406476,-1
1658.9,0.103586683751,-1
1650.45,0.108680420565,-1
1644.2,0.112467266576,-1
1633.6,0.118914170846,-1
1637.75,0.116373769279,-1
1631.3,0.120312099305,-1
1626.5,0.123254537851,-1
1627.05,0.12291638845,-1
1622.0,0.126020165224,-1
1609.5,0.133726700366,-1
1597.65,0.141089235315,-1
1592.7,0.144187535944,-1
1599.0,0.14023198876,-1
1610.0,0.133352689197,-1
1608.05,0.134563869322,-1
1602.0,0.138326190145,-1
1632.35,0.119381121481,-1
1637.95,0.115950484669,-1
1660.05,0.102458009319,-1
1671.0,0.0958618224567,-1
1674.25,0.0939168793088,-1
1684.2,0.0879739197747,-1
1680.5,0.0901708085053,-1
1687.0,0.0863029120459,-1
1703.55,0.0961132262131,1
1704.5,0.0966708852192,1
1704.35,0.0965828828725,1
1707.0,0.0981377278281,1
1728.0,0.110440012538,1
1714.55,0.102656447723,1
1721.8,0.106884962494,1
1716.35,0.103719670358,1
1709.95,0.0999908271731,1
1699.5,0.0938795373693,1
1708.5,0.0991752125679,1
1708.9,0.099409336068,1
1713.05,0.101837798822,1
1713.0,0.101808611116,1
1703.9,0.0964962935442,1
1711.5,0.100956649199,1
1710.0,0.10008022501,1
1701.0,0.0948170671148,1
1703.5,0.0962867908068,1
1700.8,0.0947018186906,1
1701.7,0.0952309814375,1
1761.0,0.130078486873,1
1741.85,0.11920398375,1
1740.45,0.118400240603,1
1729.3,0.111993851451,1
1718.0,0.105459415552,1
1715.9,0.104237063981,1
1717.05,0.104907266207,1
1697.0,0.0932302620427,1
1727.3,0.111085300346,1
1729.6,0.112416858268,1
1731.25,0.113370836067,1
1741.0,0.11900260502,1
1725.0,0.109812484399,1
1729.0,0.112131324979,1
1730.0,0.112709693979,1
1725.4,0.110050734441,1
1722.95,0.108630773852,1
1717.7,0.105583674401,1
1719.15,0.106427826464,1
1720.0,0.106922256852,1
1720.85,0.107416442898,1
1726.95,0.110961202755,1
1723.0,0.108673933292,1
1724.75,0.109689603634,1
1723.35,0.108877891792,1
1726.0,0.110415594522,1
1724.25,0.109401689539,1
1722.5,0.10838675551,1
1724.05,0.107486900648,-1
1720.25,0.109691013058,-1
1716.05,0.112132518653,-1
1722.5,0.108373886911,-1
1725.25,0.10677737022,-1
1734.7,0.112254837254,1
1729.0,0.108968966498,1
1727.6,0.108159249899,1
1722.0,0.104917758813,1
1715.0,0.100852718163,1
1711.8,0.102718607376,-1
1711.9,0.102660189336,-1
1726.35,0.0942192757315,-1
1722.0,0.0967390428702,-1
1724.3,0.0954033866565,-1
1724.3,0.0954033866565,-1
1720.5,0.0976071795,-1
1724.95,0.0950207220748,-1
1711.85,0.102615145102,-1
1714.9,0.100833446939,-1
1706.15,0.105935785268,-1
1705.1,0.106551205952,-1
1708.4,0.104615835592,-1
1711.15,0.103006142312,-1
1712.8,0.102041878513,-1
1705.9,0.106070369872,-1
1707.55,0.105103138498,-1
1702.55,0.108031310441,-1
1704.85,0.106680395636,-1
1704.9,0.106651067543,-1
1705.05,0.106563085843,-1
1693.8,0.113161132821,-1
1697.05,0.111242370275,-1
1682.55,0.119786608807,-1
1677.55,0.122758288698,-1
1677.1,0.123026537036,-1
1673.5,0.125173099555,-1
1678.5,0.122185349331,-1
1672.15,0.125968489039,-1
1671.0,0.126656226383,-1
1675.05,0.124232527999,-1
1675.0,0.124262377854,-1
1676.1,0.123605661436,-1
1702.7,0.107735486625,-1
1701.65,0.108352154271,-1
1693.0,0.113435455772,-1
1688.4,0.116152526062,-1
1689.6,0.115441794008,-1
1691.8,0.114139710674,-1
1690.5,0.114908123016,-1
1686.35,0.117363018018,-1
1687.95,0.116414223284,-1
1682.25,0.119791100561,-1
1690.85,0.114678899639,-1
1692.45,0.113732630012,-1
1715.35,0.100201949637,-1
1712.0,0.102154903845,-1
1718.0,0.105659576742,1
1733.95,0.114943627964,1
1726.0,0.110358720672,1
1729.3,0.112270655782,1
1724.0,0.109205831864,1
1724.95,0.109756875948,1
1724.65,0.109582957863,1
1724.25,0.109351026747,1
1728.1,0.111583881611,1
1731.1,0.113319892259,1
1731.1,0.113319892259,1
1724.7,0.109622821033,1
1718.45,0.105999002397,1
1723.25,0.108792217213,1
1728.0,0.111548636769,1
1722.0,0.108076414547,1
1725.0,0.109818574826,1
1712.5,0.102572198014,1
1622.0,0.0497254826856,1
1658.0,0.071920303894,1
1660.5,0.073428144666,1
1665.0,0.0707181175657,-1
1663.25,0.0717691686168,-1
1681.0,0.0610972912682,-1
1677.05,0.0634470830588,-1
1703.65,0.0475858982402,-1
1699.75,0.0498751008347,-1
1700.15,0.0496397721098,-1
1698.95,0.0503455921845,-1
1685.3,0.0583799663568,-1
1695.8,0.0521496216111,-1
1693.95,0.0532405521453,-1
1695.0,0.0526206991391,-1
1698.0,0.0508507876346,-1
1706.05,0.046109916021,-1
1714.9,0.0409224947848,-1
1723.0,0.0361991873033,-1
1717.0,0.0396814856202,-1
1710.35,0.0435545199824,-1
1722.0,0.0367430486462,-1
1710.05,0.0298034435358,1
1718.0,0.0344524304076,1
1716.1,0.0333464932713,1
1714.65,0.0325015541652,1
1720.5,0.035913329163,1
1720.4,0.0358552065243,1
1716.55,0.0336173548619,1
1710.0,0.0298015615555,1
1724.0,0.0379886960585,1
1732.9,0.0431511090515,1
1728.05,0.0403523324343,1
1726.4,0.0393974989514,1
1725.4,0.0388182589144,1
1725.85,0.0390790680021,1
1728.0,0.0403248309595,1
1729.25,0.0410482105891,1
1729.1,0.0409614677816,1
1727.7,0.0401517980112,1
1725.5,0.038878428792,1
1729.95,0.0414573914115,1
1726.4,0.0394053089814,1
1715.2,0.0329178205662,1
1708.4,0.0289532683274,1
1713.45,0.0319092505329,1
1714.95,0.0327846773035,1
1708.65,0.0291111008144,1
1707.35,0.0283502662374,1
1709.0,0.0293166761709,1
1711.25,0.0280001167794,-1
1709.0,0.0293149451213,-1
1705.0,0.0316554951505,-1
1703.0,0.0328285156784,-1
1696.0,0.0369389091018,-1
1690.95,0.0399165034414,-1
1682.25,0.045061540255,-1
1683.0,0.0446157087793,-1
1678.95,0.0470221258916,-1
1668.9,0.0530080099263,-1
1668.15,0.0534574077332,-1
1665.0,0.055345727129,-1
1662.05,0.0571174989007,-1
1652.35,0.0629536650811,-1
1649.0,0.0649810805802,-1
1634.5,0.073774288585,-1
1636.0,0.0728565767466,-1
1620.0,0.0826365278468,-1
1588.55,0.102050108094,-1
1586.05,0.10362387033,-1
1577.5,0.109014620937,-1
1576.0,0.109965492569,-1
1575.7,0.110155847899,-1
1586.0,0.103619070594,-1
1584.35,0.104659423683,-1
1585.5,0.103933573966,-1
1585.1,0.104185860311,-1
1589.6,0.101346922704,-1
1629.95,0.0759631783659,-1
1619.5,0.0823744179744,-1
1638.2,0.0708276442788,-1
1660.45,0.0572456640566,-1
1638.1,0.0707058706272,-1
1637.65,0.0709805791309,-1
1650.05,0.0634087536493,-1
1654.6,0.0606512614521,-1
1643.35,0.0674504878512,-1
1646.65,0.065442394627,-1
1650.5,0.063104314282,-1
1648.3,0.0644372436974,-1
1645.45,0.0627081895203,1
1635.95,0.0569346929085,1
1609.9,0.0410112233648,1
1600.95,0.0354518718523,1
1600.0,0.0348584741821,1
1599.9,0.0347959741821,1
1600.0,0.0348584780886,1
1611.5,0.0420459780886,1
1609.65,0.0408979793297,1
1600.0,0.0349028872289,1
1600.0,0.0349028872289,1
1600.05,0.0349341372289,1
1600.25,0.0350591333228,1
1610.35,0.0287476194969,-1
1605.0,0.0320698786331,-1
1613.3,0.0268985390692,-1
1614.0,0.0264646458069,-1
1609.5,0.0292527498962,-1
1605.1,0.0319865181472,-1
1603.05,0.0332636971391,-1
1602.0,0.0339186985427,-1
1615.5,0.0254917322506,-1
1611.0,0.0282772475709,-1
1614.65,0.0260115740762,-1
1613.0,0.0270334673658,-1
1612.9,0.027095463646,-1
1611.95,0.027684464824,-1
1615.05,0.0257613282503,-1
1634.9,0.0134706870936,-1
1633.6,0.0142658427607,-1
1631.0,0.0126742658753,1
1626.25,0.00976194214748,1
1631.3,0.0128672457601,1
1631.0,0.012683343351,1
1629.2,0.0115797259383,1
1631.3,0.012868702123,1
1630.0,0.0120717916834,1
1621.0,0.0065503192908,1
1620.05,0.0059642613019,1
1632.3,0.0135257563175,1
1637.0,0.0164051289818,1
1637.7,0.0168327404662,1
1634.0,0.0145734744224,1
1632.2,0.0134718832351,1
1632.0,0.0133493492319,1
1620.95,0.00657851589862,1
1616.95,0.00411082719755,1
1618.95,0.00534772382391,1
1619.25,0.00553302911438,1
1611.0,0.000438077748003,1
1612.75,0.00152435956054,1
1626.9,0.0102981930747,1
1634.0,0.0146623211711,1
1713.45,0.063285332187,1
1706.4,0.0591708263654,1
1710.15,0.0613684353668,1
1717.1,0.0654324063635,1
1718.0,0.0659565459011,1
1711.8,0.062347698404,1
1716.1,0.0648596741021,1
1707.6,0.0599065827904,1
1705.4,0.0586182248612,1
1693.0,0.0513472033999,1
1701.0,0.0560725430337,1
1711.5,0.0622453825399,1
1700.1,0.0555845587012,1
1689.2,0.0491731711357,1
1685.75,0.047130784207,1
1685.25,0.0468341803215,1
1668.6,0.0369543405351,1
1661.4,0.0326393459288,1
1658.85,0.0311044958024,1
1653.0,0.0275779563323,1
1647.15,0.0240389363686,1
1649.3,0.0253442212546,1
1650.1,0.0258292755201,1
1663.1,0.0337075859255,1
1668.0,0.0366538910184,1
1690.25,0.0499932195556,1
1705.05,0.0412371183871,-1
1704.85,0.0413544170001,-1
1706.55,0.0403572618251,-1
1713.55,0.0362554189257,-1
1738.8,0.0215199282776,-1
1740.0,0.0208297971527,-1
1740.8,0.0203700270378,-1
1743.0,0.0216338138025,1
1744.0,0.0222075372678,1
1744.55,0.0225229042403,1
1735.3,0.0172206773049,1
1705.55,7.666762362e-05,1
1705.1,-0.000187176884017,1
1704.0,-0.000832300337187,1
1703.5,-0.00112572756723,1
1703.4,-0.00118443023821,1
1701.1,-0.00253467093329,1
1699.65,-0.00338706056352,1
1697.5,-0.00465202688012,1
1697.1,-0.00488766752813,1
1692.3,-0.0077160217795,1
1687.75,-0.0104046703643,1
1687.75,-0.0104046703643,1
1653.65,-0.0306090845251,1
1650.75,-0.0323627808938,1
1650.35,-0.0321204667941,-1
1650.95,-0.0324840260391,-1
1649.9,-0.0318480285831,-1
1650.4,-0.0321510772527,-1
1649.25,-0.0314542764772,-1
1649.9,-0.0318483950159,-1
1649.75,-0.031757480415,-1
1650.0,-0.0319090185268,-1
1648.25,-0.0308484124662,-1
1652.05,-0.0331538879706,-1
1649.5,-0.0316103511527,-1
1650.0,-0.0319134733109,-1
1647.0,-0.0300952914927,-1
1640.0,-0.0258451397016,-1
1647.35,-0.0303268470187,-1
1642.0,-0.0270792068693,-1
1645.5,-0.0292107537634,-1
1640.75,-0.0263240931739,-1
1638.0,-0.0246480303977,-1
1640.3,-0.0260521818019,-1
1645.3,-0.0291004046879,-1
1652.85,-0.0336892334729,-1
1645.0,-0.0289398611766,-1
1650.0,-0.0319793748544,-1
1645.85,-0.0294642233393,-1
1642.95,-0.0277022158659,-1
1645.35,-0.0291630028649,-1
1647.3,-0.0303481610379,-1
1652.9,-0.0337476632537,-1
1647.1,-0.0302386790441,-1
1648.8,-0.0312707960983,-1
1642.45,-0.0274195103147,-1
1640.6,-0.0262931442153,-1
1640.0,-0.0259274243567,-1
1638.9,-0.0252566926494,-1
1638.1,-0.0247685603656,-1
1640.4,-0.0261726260514,-1
1636.3,-0.0236732356588,-1
1641.85,-0.0270650342288,-1
1636.25,-0.0236542476161,-1
1632.0,-0.0210568450187,-1
1638.0,-0.0247333156069,-1
1639.25,-0.0254964413701,-1
1637.85,-0.0246423922622,-1
1638.7,-0.0251613653062,-1
1638.95,-0.0253139252622,-1
1639.25,-0.0254969692843,-1
1639.3,-0.0255274710382,-1
1638.0,-0.0247344496266,-1
1667.4,-0.0426831675753,-1
1661.45,-0.0391147376845,-1
1660.1,-0.0383021944241,-1
1654.45,-0.0417056038572,1
1675.35,-0.0290730069217,1
1673.05,-0.0304458543864,1
1670.1,-0.0322091011513,1
1672.55,-0.030742123126,1
1664.25,-0.035704605563,1
1671.3,-0.0314684631565,1
1670.25,-0.0320967166119,1
1688.55,-0.0211402729658,1
1666.25,-0.0343468703422,1
1673.6,-0.0299357675665,1
1681.1,-0.0254544100139,1
1671.95,-0.0308972748048,1
1667.5,-0.0335588376506,1
1654.65,-0.0412649845772,1
1644.0,-0.047701391068,1
1650.0,-0.0440517560315,1
1643.7,-0.0478699378496,1
1643.35,-0.0480828720834,1
1641.55,-0.0491781956602,1
1640.55,-0.0497873760081,1
1638.7,-0.0509150466063,1
1645.0,-0.0547595574991,-1
1636.0,-0.0492884328791,-1
1643.0,-0.0535671614854,-1
1641.65,-0.0527454938043,-1
1645.85,-0.0553038954125,-1
1642.55,-0.0532988524256,-1
1644.4,-0.0544251499508,-1
1642.95,-0.0535433693621,-1
1640.25,-0.0518999839882,-1
1640.1,-0.0518085345141,-1
1638.3,-0.0507110404588,-1
1636.95,-0.049887015555,-1
nan,-0.049887015555,-1
nan,-0.049887015555,0
1565.25,-0.049887015555,0
1548.5,-0.049887015555,0
1499.85,-0.049887015555,0
1500.0,-0.049887015555,0
1495.15,-0.049887015555,0
1493.4,-0.049887015555,0
1477.5,-0.049887015555,0
1453.0,-0.049887015555,0
1470.0,-0.049887015555,0
1463.9,-0.049887015555,0
1460.0,-0.049887015555,0
1456.05,-0.049887015555,0
1448.65,-0.049887015555,0
1465.0,-0.049887015555,0
1467.0,-0.049887015555,0
1453.1,-0.049887015555,0
1442.3,-0.049887015555,0
1439.15,-0.049887015555,0
1431.0,-0.049887015555,0
1425.15,-0.049887015555,0
1397.5,-0.049887015555,0
1378.8,-0.049887015555,0
1368.3,-0.049887015555,0
1367.0,-0.049887015555,0
1360.0,-0.049887015555,0
1424.25,-0.049887015555,0
1447.8,-0.049887015555,0
1427.0,-0.049887015555,0
1428.2,-0.049887015555,0
1441.2,-0.049887015555,0
1443.0,-0.0511359747556,-1
1448.6,-0.0550167786364,-1
1456.5,-0.0604703199867,-1
1458.0,-0.0615001861041,-1
1454.55,-0.0591339309601,-1
1459.9,-0.062812044466,-1
1458.3,-0.0617160789889,-1
1460.05,-0.0629161064181,-1
1440.85,-0.0497658718371,-1
1440.0,-0.0503558013925,1
1437.8,-0.0518835791703,1
1440.0,-0.0503534637162,1
1441.3,-0.0494506859384,1
1442.0,-0.0489650132817,1
1443.5,-0.0479247913677,1
1441.75,-0.0491371225073,1
1443.9,-0.0476458792266,1
1487.5,-0.0174498822739,1
1479.0,-0.0231641679882,1
1472.95,-0.0272547697461,1
1495.7,-0.0118095747293,1
1495.0,-0.0122775830198,1
1499.9,-0.00899999104651,1
1488.55,-0.0165671621913,1
1479.15,-0.0228820323669,1
1486.0,-0.0182509942707,1
1486.85,-0.0176789888871,1
1491.3,-0.0146860844247,1
1491.05,-0.0148537233974,1
1490.0,-0.0155579251344,1
1493.9,-0.01294047547,1
1492.8,-0.0136768032028,1
1498.0,-0.0101934162789,1
1504.3,-0.00598780880225,1
1522.0,0.00577846122368,1
1520.95,0.00508857948912,1
1520.0,0.00446396987013,1
1520.5,0.00479291723855,1
1524.0,0.00709479162198,1
1531.0,0.011687967475,1
1533.5,0.0133208871354,1
1536.0,0.014951144716,1
1539.5,0.0172297905494,1
1536.0,0.0149563251385,1
1532.0,0.0123521584719,1
1518.0,0.00321377727082,1
1525.0,0.00782510796911,1
1519.1,0.00395625551009,1
1518.5,0.00356128480375,1
1516.35,0.0021454138785,1
1515.05,0.00128809202009,1
1514.8,0.00112308096435,1
1515.4,0.00151917285767,1
1515.25,0.00142018909101,1
1517.0,0.00257511402089,1
1519.0,0.00389350558318,1
1512.25,-0.000550207385879,1
1518.65,0.0036818970942,1
1511.0,-0.00135547162144,1
1477.95,-0.0232284034547,1
1484.65,-0.0277617097235,-1
1491.0,-0.0320388120708,-1
1478.05,-0.0233533660614,-1
1481.05,-0.0253830673571,-1
1473.0,-0.0199477343163,-1
1477.5,-0.023002724133,-1
1482.1,-0.0261160913073,-1
1484.5,-0.0277354152396,-1
1480.85,-0.025276674923,-1
1486.05,-0.0287881716985,-1
1484.3,-0.0276105531796,-1
1483.9,-0.0273410658792,-1
1490.0,-0.0314518550159,-1
1488.4,-0.0303780295125,-1
1474.9,-0.0213078870777,-1
1463.8,-0.0137819531161,-1
1457.45,-0.00944392879581,-1
1463.1,-0.0133205626426,-1
1470.0,-0.0180365765856,-1
1477.0,-0.0227984813475,-1
1473.85,-0.0206657799257,-1
1475.05,-0.0214799740432,-1
1476.75,-0.0226324773481,-1
1492.8,-0.0335009384959,-1
1486.75,-0.0294481517864,-1
1485.35,-0.0285065005336,-1
1479.2,-0.0243660622531,-1
1480.1,-0.0249744992461,-1
1480.2,-0.0250420622486,-1
1482.15,-0.0263594517905,-1
1517.0,-0.0498725914862,-1
1505.0,-0.05778294086,1
1509.75,-0.0546267946806,1
1506.55,-0.0567463508985,1
1510.95,-0.0538257707651,1
1514.0,-0.051807173194,1
1521.3,-0.046985508729,1
1513.45,-0.0521455692036,1
1508.0,-0.055746613176,1
1510.2,-0.0542877272344,1
1500.4,-0.060776933962,1
1496.05,-0.0636761608348,1
1505.0,-0.0576937404611,1
1500.85,-0.0604512155442,1
1500.0,-0.0610175612816,1
1502.5,-0.0593508946149,1
1501.0,-0.0603492307214,1
1500.0,-0.0610154532398,1
1509.8,-0.0544821199064,1
1504.5,-0.0579925186347,1
1504.95,-0.0576934159428,1
1503.5,-0.0586569031018,1
1503.4,-0.0587234145751,1
1503.9,-0.0583908350886,1
1501.7,-0.0598536983109,1
1501.05,-0.0602865410891,1
1500.0,-0.0609860514318,1
1499.45,-0.0613527180985,1
1491.5,-0.0560507740523,-1
1485.75,-0.0521955947027,-1
1492.95,-0.0570416320576,-1
1495.55,-0.0587831505277,-1
1490.9,-0.0556739264964,-1
1491.5,-0.0560763679747,-1
1491.1,-0.0558081815852,-1
1489.65,-0.0548357451289,-1
1482.0,-0.0497003106308,-1
1490.0,-0.0550984212921,-1
1488.55,-0.0541252669297,-1
1489.5,-0.0547634718942,-1
1489.7,-0.0548977451403,-1
1490.0,-0.055099127969,-1
1490.1,-0.055166242063,-1
1517.0,-0.0732187217624,-1
1523.4,-0.0774375747617,-1
1516.8,-0.0731051604253,-1
1514.45,-0.0715558460794,-1
1511.0,-0.06927779134,-1
1512.05,-0.0685828873029,1
1512.0,-0.0686159549925,1
1512.0,-0.0686159549925,1
1510.0,-0.0699387063153,1
1513.55,-0.0675877129378,1
1510.2,-0.0698010524376,1
1509.45,-0.0702976754015,1
1514.55,-0.0669189613003,1
1505.3,-0.0730263859479,1
1502.7,-0.0747536164003,1
1495.95,-0.0792455309541,1
1494.4,-0.0802816618408,1
1494.0,-0.0805493277937,1
1493.2,-0.081084803028,1
1493.85,-0.0806494963042,1
1495.0,-0.0798796733635,1
1494.35,-0.0803144559721,1
1499.5,-0.076868141521,1
1501.15,-0.0757677747321,1
1497.8,-0.0735361523093,-1
1513.05,-0.0837177519888,-1
1524.0,-0.0909547897602,-1
1530.7,-0.0953511152195,-1
1530.0,-0.0948938081052,-1
1526.95,-0.0929003440529,-1
1527.8,-0.0934570093006,-1
1528.05,-0.0932933753171,1
1525.55,-0.0949294474351,1
1518.75,-0.0993868562385,1
1520.95,-0.0979382965677,1
1521.2,-0.0977739256154,1
1520.15,-0.0984641701592,1
1528.8,-0.0927739422211,1
1512.4,-0.103501310091,1
1512.0,-0.103765790388,1
1511.45,-0.104129547001,1
1514.2,-0.102310102097,1
1513.5,-0.102772392416,1
1515.0,-0.101781312138,1
1514.5,-0.102111345142,1
1514.55,-0.102078330945,1
1515.0,-0.10178121299,1
1515.0,-0.10178121299,1
1518.3,-0.0996029951678,1
1560.0,-0.072138067288,1
1548.45,-0.0795419134418,1
1554.1,-0.0758931033414,1
1545.95,-0.0811372961218,1
1544.75,-0.0819135178624,1
1523.6,-0.0956050537097,1
1528.0,-0.0927171566238,1
1531.75,-0.0902629681421,1
1530.5,-0.0910790282042,1
1529.55,-0.0916997403897,1
1530.0,-0.091405536212,1
1531.55,-0.0903924643166,1
1530.55,-0.0910453976195,1
1536.5,-0.0871579061948,1
1522.0,-0.0965949384109,1
1535.0,-0.0880535455068,1
1523.95,-0.0952522425752,1
1526.8,-0.0933821024788,1
1524.6,-0.094823024669,1
1526.0,-0.0939047510234,1
1544.6,-0.0817160223209,1
1538.0,-0.0859889732467,1
1536.0,-0.0872893633638,1
1525.55,-0.0940927487804,1
1533.0,-0.0892092641355,1
1530.05,-0.0911335955119,1
1543.7,-0.0822123184295,1
1521.45,-0.0677988961324,-1
1513.0,-0.0622449837462,-1
1515.0,-0.0635668608116,-1
1517.3,-0.0650850126268,-1
1512.2,-0.0617237788563,-1
1517.0,-0.0648979621654,-1
1519.75,-0.0667107505635,-1
1526.95,-0.0714483718828,-1
1522.3,-0.0684030855277,-1
1525.8,-0.0707022381257,-1
1533.35,-0.0756504620083,-1
1538.95,-0.0793025962242,-1
1561.3,-0.093825485207,-1
1579.0,-0.105162191798,-1
1585.0,-0.10136231846,1
1586.7,-0.100289763255,1
1594.15,-0.0955944837441,1
1587.7,-0.0996405270901,1
1588.7,-0.0990106851804,1
1595.0,-0.0950451787915,1
1589.7,-0.0983680628041,1
1594.0,-0.0956631499274,1
1584.85,-0.101403425963,1
1568.25,-0.111877603329,1
1565.15,-0.113854328979,1
1562.15,-0.115771078172,1
1566.6,-0.112922440078,1
1562.6,-0.115475740218,1
1558.25,-0.118259562053,1
1560.55,-0.116783547293,1
1564.0,-0.114572788266,1
1563.25,-0.115052327908,1
1562.0,-0.115851944092,1
1570.1,-0.110666284681,1
1574.45,-0.107895760511,1
1570.5,-0.110404573112,1
1616.1,-0.0813692340479,1
1606.1,-0.0875569699553,1
1606.0,-0.0876192325791,1
1600.9,-0.0907948241108,1
1602.55,-0.0897641538629,1
1599.2,-0.0918545722585,1
1599.0,-0.0919796347898,1
1598.3,-0.0924174083983,1
1597.0,-0.0932307725978,1
1582.55,-0.102278988002,1
1583.55,-0.101647096434,1
1596.65,-0.0933745442572,1
1599.15,-0.0918087659088,1
1588.0,-0.098781220025,1
1578.45,-0.104795073929,1
1575.95,-0.10637890617,1
1571.0,-0.109519868764,1
1575.0,-0.106973719814,1
1574.15,-0.107513402354,1
1573.05,-0.108212192177,1
1573.6,-0.107862552941,1
1573.0,-0.108243844248,1
1579.05,-0.104397690401,1
1575.15,-0.106867529862,1
1575.1,-0.106835786853,-1
1572.1,-0.104931145878,-1
1570.0,-0.10359535299,-1
1577.0,-0.108053951716,-1
1574.2,-0.10627842857,-1
1575.1,-0.106850147539,-1
1574.0,-0.106151779181,-1
1574.0,-0.106151779181,-1
1575.0,-0.106787103196,-1
1576.5,-0.107739484149,-1
1575.05,-0.106819725189,-1
1575.2,-0.106914960261,-1
1576.4,-0.107676768285,-1
1576.85,-0.107962228828,-1
1574.1,-0.106218245571,-1
1600.1,-0.122735620579,-1
1582.0,-0.111423827566,-1
1585.05,-0.113351766883,-1
1580.25,-0.11638006252,1
1576.6,-0.118689823634,1
1577.0,-0.118436113118,1
1577.65,-0.118023938102,1
1576.95,-0.118467636007,1
1577.0,-0.118435929231,1
1580.0,-0.116533583004,1
1588.9,-0.110900671612,1
1578.0,-0.117760763499,1
1575.0,-0.119661904184,1
1559.55,-0.129471427993,1
1549.9,-0.135659110338,1
1549.55,-0.135433289317,-1
1554.65,-0.13872456743,-1
1549.8,-0.135604894191,-1
1550.0,-0.135733943101,-1
1549.7,-0.135540394714,-1
1549.85,-0.135637187642,-1
1550.4,-0.135992060694,-1
1549.9,-0.135669563274,-1
1537.8,-0.127862607986,-1
1540.6,-0.129683390923,-1
1532.65,-0.124523063778,-1
1524.8,-0.119401215998,-1
1528.0,-0.121499851884,-1
1518.45,-0.115249851884,-1
1517.55,-0.114657142213,-1
1519.0,-0.115612629677,-1
1515.5,-0.113308482211,-1
1513.9,-0.112252725035,-1
1524.0,-0.118924235703,-1
1525.0,-0.119580403682,-1
1521.85,-0.117514829912,-1
1531.0,-0.123527249007,-1
1515.55,-0.113435805506,-1
1513.25,-0.111918204635,-1
1513.0,-0.1117529973,-1
1510.5,-0.110100650968,-1
1510.6,-0.110166854212,-1
1510.05,-0.109802760474,-1
1509.6,-0.109504757097,-1
1510.55,-0.110134062873,-1
1510.05,-0.10980305761,-1
1508.75,-0.108942158965,-1
1487.45,-0.0948245119058,-1
1490.0,-0.0965388552451,-1
1463.7,-0.0788878485337,-1
1456.0,-0.073627207692,-1
1463.9,-0.0790530318678,-1
1453.7,-0.072085342818,-1
1458.85,-0.0756280270032,-1
1453.5,-0.0719607548368,-1
1438.25,-0.0614688387721,-1
1433.85,-0.0584095653495,-1
1426.3,-0.0531440215339,-1
1424.15,-0.0516366247731,-1
1423.0,-0.050829125563,-1
1427.65,-0.0540968697654,-1
1423.2,-0.0509798592937,-1
1438.1,-0.0614492241054,-1
1435.7,-0.0597803554592,-1
1433.95,-0.0585614378581,-1
1427.45,-0.0540285043527,-1
1419.95,-0.048774379865,-1
1424.4,-0.0519082930309,-1
1423.6,-0.0513466530422,-1
1422.55,-0.0506090863099,-1
1419.8,-0.0486759380902,-1
1417.55,-0.0470912078465,-1
1418.05,-0.0474439290909,-1
1418.9,-0.0480433437801,-1
1408.75,-0.0408899150677,-1
1407.65,-0.0401090809949,-1
1403.9,-0.0374450665027,-1
1403.65,-0.0372669911412,-1
1383.65,-0.0230184249032,-1
1379.9,-0.0203082019422,-1
1392.0,-0.029076953301,-1
1386.8,-0.0253413211171,-1
1381.0,-0.0211590309527,-1
1384.6,-0.0237658376145,-1
1383.0,-0.0226102692193,-1
1388.5,-0.0265871311137,-1
1378.15,-0.0191330439693,-1
1368.15,-0.0118769397717,-1
1363.75,-0.00866091813662,-1
1357.15,-0.00382132143634,-1
1354.5,-0.00186870013435,-1
1333.95,0.013302949921,-1
1324.15,0.0206495521175,-1
1328.0,0.0177420265351,-1
1326.8,0.0186456409929,-1
1324.75,0.02019071184,-1
1310.45,0.0309852013664,-1
1301.0,0.0381964646729,-1
1293.0,0.0443455807374,-1
1295.8,0.0421800741636,-1
1297.45,0.0409067295116,-1
1293.25,0.0441438484757,-1
1299.0,0.0396976857075,-1
1300.85,0.0382735132672,-1
1310.0,0.0312396507926,-1
1312.3,0.0294839256018,-1
1308.75,0.0321890997236,-1
1310.3,0.0310047635249,-1
1303.0,0.0365760067517,-1
1297.0,0.0411807650018,-1
1284.7,0.0506641882863,-1
1277.3,0.0564242879205,-1
1288.05,0.0480080975189,-1
1284.35,0.0508806568139,-1
1283.1,0.0518539117678,-1
1281.0,0.0534905729789,-1
1284.0,0.0511486526042,-1
1281.9,0.0527841666229,-1
1284.0,0.0511459733161,-1
1304.0,0.0355696493286,-1
1320.4,0.022992962212,-1
1295.45,0.0418887513668,-1
1289.4,0.046558943192,-1
1284.0,0.050746937608,-1
1303.3,0.0357157849601,-1
1295.4,0.0417773210607,-1
1289.15,0.0466020856122,-1
1298.0,0.0397370970539,-1
1307.45,0.0324566656209,-1
1310.75,0.0299326685273,-1
1318.0,0.0244014840909,-1
1322.0,0.0274363854566,1
1311.0,0.0191156592842,1
1309.0,0.0175901062712,1
1305.8,0.0151454920619,1
1291.95,0.00453896732609,1
1301.05,0.0115825835651,1
1275.85,-0.00778638765045,1
1282.0,-0.00296607178259,1
1249.5,-0.0283170858232,1
1228.0,-0.0455239685763,1
1263.05,-0.0740663138531,-1
1263.35,-0.0743038341413,-1
1259.7,-0.0714146901986,-1
1262.55,-0.0736771336375,-1
1270.5,-0.0799739139631,-1
1269.0,-0.0787932764188,-1
1270.0,-0.0795812984834,-1
1264.2,-0.0750143693496,-1
1303.75,-0.106298976216,-1
1293.45,-0.0983986885837,-1
1302.0,-0.105008917043,-1
1307.9,-0.109540407058,-1
1315.15,-0.115083644308,-1
1307.9,-0.109570965146,-1
1301.15,-0.10441002012,-1
1315.0,-0.115054450047,-1
1326.35,-0.123685628755,-1
1335.65,-0.116673904851,1
1346.8,-0.108325909493,1
1351.8,-0.10461340578,1
1346.0,-0.108903981309,1
1333.5,-0.11819075694,1
1332.0,-0.119315616333,1
1335.2,-0.116913213931,1
1335.15,-0.116950661504,1
1335.15,-0.116950661504,1
1335.3,-0.116838314577,1
1335.5,-0.116688535501,1
1335.15,-0.11695060963,1
1335.35,-0.116800813727,1
1337.05,-0.115527739252,1
1336.0,-0.116313050198,1
1341.95,-0.111859457384,1
1347.9,-0.107425611115,1
1352.75,-0.103827421339,1
1347.1,-0.108004098478,1
1355.5,-0.101768481226,1
1361.85,-0.0970838630039,1
1349.05,-0.106482842333,1
1342.65,-0.1112269215,1
1341.0,-0.112455834471,1
1340.2,-0.113052404195,1
1343.2,-0.110813932325,1
1346.95,-0.108022091944,1
1349.9,-0.10583195868,1
1344.5,-0.109832254998,1
1347.9,-0.107303433875,1
1346.2,-0.108564655034,1
1341.0,-0.11242737974,1
1344.7,-0.109668244767,1
1338.8,-0.114055840513,1
1339.95,-0.113196862323,1
1332.0,-0.119129919527,1
1325.4,-0.124084874482,1
1330.0,-0.120614224112,1
1331.8,-0.121967607571,-1
1333.25,-0.123056359636,-1
1358.9,-0.142295062055,-1
1366.45,-0.147851026438,-1
1358.1,-0.141740301567,-1
1353.85,-0.13861092965,-1
1343.95,-0.131298450424,-1
1340.9,-0.129029020758,-1
1337.75,-0.126679852289,-1
1326.0,-0.117896447318,-1
1325.8,-0.117745617755,-1
1326.7,-0.118424453175,-1
1333.8,-0.123776077506,-1
1331.5,-0.122051681045,-1
1336.0,-0.12543132806,-1
1343.7,-0.131194801114,-1
1342.5,-0.130301744628,-1
1342.0,-0.129929305149,-1
1338.0,-0.126948679218,-1
1336.95,-0.126163925855,-1
1334.0,-0.123957411026,-1
1337.6,-0.126656061701,-1
1336.95,-0.126170116725,-1
1340.6,-0.128900211343,-1
1339.85,-0.128340760351,-1
1337.95,-0.126922691164,-1
1344.05,-0.131481904887,-1
1341.85,-0.129845061019,-1
1355.0,-0.139644964138,-1
1346.0,-0.133002897717,-1
1344.8,-0.132111367257,-1
1345.85,-0.132892152504,-1
1345.5,-0.132632093805,-1
1345.95,-0.132966541965,-1
1345.0,-0.133672363132,1
1347.95,-0.131479054582,1
1352.0,-0.128474492098,1
1346.1,-0.132838397424,1
1346.65,-0.132429809652,1
1351.4,-0.128902538275,1
1346.0,-0.132898394424,1
1356.0,-0.125468973919,1
1354.0,-0.126943900172,1
1354.35,-0.126685406819,1
1353.2,-0.127534522631,1
1352.0,-0.128421309507,1
1353.35,-0.127422788797,1
1351.75,-0.128605040247,1
1352.0,-0.128420094806,1
1348.45,-0.131045834451,1
1349.7,-0.130118844203,1
1354.6,-0.126488407809,1
