227.2,0.0,0
228.2,0.0,0
228.25,0.0,0
227.4,0.0,0
227.85,0.0,0
227.0,0.0,0
227.3,0.0,0
226.65,0.0,0
226.7,0.0,0
226.35,0.0,0
227.6,0.0,0
225.0,0.0,0
225.8,0.0,0
225.0,0.0,0
225.3,0.0,0
225.2,0.0,0
224.85,0.0,0
225.0,0.0,0
224.45,0.0,0
224.5,0.0,0
224.35,0.0,0
224.75,0.0,0
225.3,0.0,0
225.5,0.0,0
225.75,0.0,0
226.5,0.0,0
227.0,0.0,0
225.8,0.0,0
225.45,0.0,0
226.15,-0.00310490130849,-1
226.85,-0.00620019204473,-1
226.95,-0.00664101196979,-1
226.9,-0.00642069912555,-1
226.8,-0.00597997634019,-1
227.8,-0.010389147416,-1
227.95,-0.00973067507186,1
231.15,0.00430749119267,1
229.15,-0.00434489903013,1
229.1,-0.00456309671723,1
229.45,-0.00303537956315,1
229.6,-0.00238164236551,1
228.85,-0.00564819288815,1
229.4,-0.00324487193556,1
228.6,-0.00673223026163,1
227.75,-0.010450515476,1
225.0,-0.0225251587252,1
226.9,-0.0140807142807,1
226.95,-0.013860352888,1
226.05,-0.0178259840843,1
224.55,-0.0244616841507,1
224.05,-0.0266883597241,1
223.5,-0.0291431689184,1
222.65,-0.0329463009095,1
222.9,-0.0340691394453,-1
223.15,-0.0351907186288,-1
223.0,-0.034518525037,-1
223.1,-0.0349669555303,-1
223.5,-0.0367598735043,-1
223.55,-0.0369835871508,-1
223.35,-0.0360889327111,-1
223.7,-0.0376559799464,-1
226.3,-0.0492786889317,-1
227.15,-0.053034764937,-1
227.2,-0.0532548838011,-1
227.0,-0.052374602111,-1
227.25,-0.0534759236969,-1
227.6,-0.0550160777123,-1
227.5,-0.0545767104012,-1
227.0,-0.0523789082034,-1
228.0,-0.056784194547,-1
228.3,-0.0580999840207,-1
228.1,-0.0589760243186,1
228.1,-0.0589760243186,1
228.65,-0.0565648011708,1
223.35,-0.0797443332067,1
223.2,-0.080415924879,1
223.5,-0.0790718388575,1
223.35,-0.0797429797971,1
222.2,-0.0848918492844,1
222.0,-0.0857919392934,1
220.0,-0.0948009483024,1
220.25,-0.0936645846661,1
221.8,-0.100702042101,-1
221.5,-0.099349472218,-1
221.65,-0.100026673121,-1
221.45,-0.099124349638,-1
222.2,-0.10251111866,-1
221.4,-0.0989107586243,-1
221.15,-0.0977815806659,-1
220.15,-0.0932597628951,-1
219.6,-0.0907614662792,-1
220.15,-0.0932660200133,-1
220.6,-0.0953100808808,-1
220.55,-0.0950834263024,-1
220.5,-0.0948567203401,-1
220.55,-0.0950834777097,-1
221.2,-0.0980306552204,-1
221.05,-0.0973525358714,-1
221.2,-0.0980311153783,-1
221.9,-0.10119567234,-1
221.65,-0.100069038722,-1
221.55,-0.0996178769801,-1
221.65,-0.10006924236,-1
221.5,-0.0993924997482,-1
221.7,-0.100295434285,-1
223.0,-0.106159214168,-1
222.4,-0.103468631209,-1
224.35,-0.094700645597,1
225.1,-0.0913576547345,1
225.15,-0.0911355312338,1
225.6,-0.0891368636789,1
223.25,-0.0995535303455,1
222.5,-0.102912992832,1
223.6,-0.0979691726068,1
225.65,-0.0888010151828,1
225.8,-0.0881362688943,1
227.2,-0.0819360917464,1
227.7,-0.0797353875211,1
227.3,-0.0814920849299,1
227.75,-0.0795123225014,1
226.3,-0.0858789525783,1
225.85,-0.0878674634046,1
225.25,-0.0905240939116,1
225.05,-0.0914119962423,1
225.15,-0.0909676505414,1
225.15,-0.0909676505414,1
225.45,-0.0896352055047,1
227.5,-0.0805422802441,1
227.0,-0.0827400824419,1
226.05,-0.0869251044684,1
226.4,-0.0853767744529,1
226.55,-0.0847142302833,1
226.6,-0.0844935284515,1
225.9,-0.0875826723173,1
225.05,-0.0913453991876,1
225.0,-0.0915675720381,1
223.5,-0.0982342387047,1
221.25,-0.108301352799,1
219.0,-0.0981318612733,-1
220.2,-0.103611313328,-1
218.6,-0.0963451916205,-1
218.0,-0.0936004523708,-1
218.0,-0.0936004523708,-1
218.05,-0.0938298101689,-1
219.5,-0.100479661121,-1
220.05,-0.102985355881,-1
219.9,-0.102303692623,-1
220.2,-0.103667949103,-1
220.5,-0.105030346923,-1
221.5,-0.109565494316,-1
221.3,-0.108662559778,-1
221.75,-0.110695998549,-1
221.65,-0.110245040263,-1
221.7,-0.110470621134,-1
221.35,-0.108891911165,-1
221.65,-0.110247230795,-1
222.85,-0.115661171693,-1
222.0,-0.111846946878,-1
222.0,-0.111846946878,-1
222.2,-0.112747847779,-1
224.35,-0.122423815375,-1
223.85,-0.1201951548,-1
223.9,-0.12041851866,-1
223.75,-0.121088460599,1
224.7,-0.116842650543,1
225.0,-0.115507537058,1
224.0,-0.119951981502,1
224.25,-0.118835910074,1
223.8,-0.120842599037,1
223.4,-0.122629909135,1
223.3,-0.123077536709,1
223.85,-0.120614482522,1
224.75,-0.116593933047,1
225.35,-0.113924300121,1
225.25,-0.114368054282,1
225.15,-0.114812005447,1
225.05,-0.115256153793,1
224.0,-0.119921783653,1
222.45,-0.12684142651,1
222.45,-0.12684142651,1
222.55,-0.126391887287,1
221.95,-0.129087910653,1
221.55,-0.130890118357,1
221.95,-0.129084656836,1
220.45,-0.135842935728,1
219.75,-0.132667612525,-1
221.9,-0.142451457804,-1
222.6,-0.145606031937,-1
223.0,-0.14740297713,-1
221.25,-0.139555443498,-1
220.25,-0.135035669486,-1
220.5,-0.136170743266,-1
223.15,-0.148188883856,-1
220.8,-0.137657850918,-1
220.2,-0.134940459614,-1
218.7,-0.128128470513,-1
219.75,-0.132929567907,-1
221.4,-0.14043810033,-1
219.0,-0.129597991929,-1
217.95,-0.124803471381,-1
217.4,-0.122279956813,-1
217.6,-0.123199920015,-1
216.55,-0.118374552368,-1
217.55,-0.122992423529,-1
217.55,-0.122992423529,-1
216.8,-0.119544940192,-1
216.4,-0.117699921742,-1
215.75,-0.114696224884,-1
214.05,-0.106816734733,-1
214.9,-0.110787769538,-1
215.35,-0.112881766746,-1
213.65,-0.104987640905,-1
213.55,-0.104519585674,-1
214.85,-0.110607152989,-1
213.45,-0.104090978914,-1
212.65,-0.100343028574,-1
212.2,-0.0982268752705,-1
213.4,-0.103881917683,-1
213.85,-0.10599063371,-1
214.75,-0.11019919111,-1
214.8,-0.11043201998,-1
214.6,-0.109500921284,-1
213.8,-0.105773055487,-1
213.0,-0.102031240707,-1
210.8,-0.0917026022093,-1
210.25,-0.0890934940499,-1
209.3,-0.0845750636099,-1
209.05,-0.0833806058937,-1
209.25,-0.0843373148151,-1
208.3,-0.0797972909202,-1
209.95,-0.087718558323,-1
210.7,-0.0912908374371,-1
210.7,-0.0912908374371,-1
213.85,-0.10624100355,-1
211.9,-0.0971224625166,-1
214.55,-0.109628361526,-1
212.35,-0.0993743414836,-1
215.35,-0.11350196098,-1
214.95,-0.111644519605,-1
214.0,-0.107224887133,-1
214.95,-0.111664139469,-1
214.7,-0.110501078292,-1
214.35,-0.108870896643,-1
215.0,-0.105838473037,1
214.95,-0.106071031176,1
214.85,-0.106536255647,1
215.6,-0.103045448107,1
219.75,-0.0837968395728,1
223.0,-0.0690073060119,1
226.2,-0.0546575302272,1
223.45,-0.0668149130742,1
224.4,-0.0625634026692,1
225.25,-0.0587755238813,1
225.1,-0.0594414506294,1
225.25,-0.0587750801274,1
224.2,-0.0634365673638,1
225.9,-0.0558540517527,1
225.8,-0.0562967255022,1
226.85,-0.0516465926412,1
226.25,-0.0542915121916,1
226.0,-0.0553964845673,1
225.95,-0.0556177235053,1
225.9,-0.0558390114009,1
225.95,-0.0556176745262,1
225.95,-0.0556176745262,1
225.6,-0.057166689795,1
225.4,-0.0580532146177,1
225.75,-0.0565004195867,1
225.95,-0.055614483817,1
225.95,-0.055614483817,1
225.9,-0.0558357717126,1
225.45,-0.0578278035851,1
225.9,-0.055831795601,1
221.05,-0.0773014724492,1
224.2,-0.0630513028043,1
225.55,-0.0570298933485,1
224.75,-0.0605767787397,1
225.05,-0.059241962277,1
224.45,-0.0619080364827,1
224.3,-0.0612397361931,-1
224.3,-0.0612397361931,-1
223.6,-0.0581189158632,-1
221.5,-0.0487271448435,-1
221.3,-0.0478242103063,-1
222.4,-0.0527948384129,-1
220.7,-0.0451509535209,-1
224.55,-0.0625954483102,-1
227.9,-0.0775141746517,-1
228.95,-0.0821214585482,-1
228.35,-0.0795007990155,-1
228.7,-0.0810335338524,-1
229.05,-0.0825639230085,-1
228.5,-0.084965145449,1
228.25,-0.0860592373527,1
227.9,-0.0875926437054,1
227.4,-0.089786588418,1
225.95,-0.0961630176177,1
224.95,-0.100588775529,1
224.75,-0.101477861992,1
226.6,-0.0932464938055,1
225.75,-0.0969975970712,1
225.5,-0.0981050167832,1
225.9,-0.0963311808631,1
226.4,-0.0941178121158,1
227.8,-0.0879340665328,1
227.85,-0.0877145757514,1
227.9,-0.0874951331356,1
228.8,-0.083546032653,1
228.75,-0.0837645641215,1
228.15,-0.0863875149412,1
227.95,-0.0872641312024,1
229.3,-0.0813417798096,1
232.1,-0.0691307026181,1
233.85,-0.0615908491067,1
237.1,-0.0476930513731,1
237.45,-0.0462168809809,1
236.0,-0.052323429728,1
236.2,-0.0514759721008,1
236.4,-0.05062923205,1
236.35,-0.0508407379722,1
235.75,-0.0533793459688,1
234.75,-0.0576211275171,1
233.9,-0.0612420007865,1
234.5,-0.0586768019836,1
233.0,-0.0650733904697,1
232.95,-0.0652879827444,1
231.55,-0.0712978561078,1
231.5,-0.0715137921907,1
230.95,-0.0738896021259,1
231.6,-0.0710751401212,1
231.65,-0.0708592506566,1
232.2,-0.0684849791262,1
231.65,-0.0708536268437,1
231.85,-0.0699902553781,1
231.5,-0.0714998521002,1
230.0,-0.0779793337416,1
230.25,-0.0768923772199,1
227.25,-0.063863061259,-1
227.6,-0.0654032152744,-1
228.75,-0.0704559393517,-1
228.45,-0.0691444639419,-1
228.7,-0.0702387953054,-1
228.25,-0.0682711521047,-1
228.7,-0.0702426745582,-1
228.7,-0.0702426745582,-1
228.35,-0.0687122854021,-1
229.0,-0.0715587929563,-1
228.65,-0.0700304086768,-1
228.2,-0.068062335202,-1
228.6,-0.0698151835807,-1
228.85,-0.070908796879,-1
228.8,-0.070690313156,-1
228.95,-0.0713459075616,-1
228.75,-0.0704723543841,-1
228.5,-0.0693794582092,-1
228.7,-0.0702547317322,-1
228.6,-0.0698174776876,-1
228.6,-0.0698174776876,-1
228.5,-0.0693800323683,-1
226.65,-0.0612837522807,-1
228.45,-0.0692255127043,-1
228.85,-0.0709764428859,-1
228.7,-0.0703209917171,-1
228.45,-0.0692278566056,-1
228.35,-0.0687901240601,-1
228.6,-0.0698849346579,-1
228.25,-0.0683538760402,-1
228.3,-0.0681348179899,1
228.5,-0.0690108582877,-1
228.45,-0.068792039907,-1
227.65,-0.0652901795436,-1
228.5,-0.0690239814325,-1
228.45,-0.0688051630518,-1
227.45,-0.0644278375976,-1
229.0,-0.0712425221437,-1
228.45,-0.0688407754188,-1
228.6,-0.0694973742369,-1
229.0,-0.0712471555142,-1
227.95,-0.0666620026758,-1
227.75,-0.0657846172843,-1
229.65,-0.0741270980746,-1
228.6,-0.0695549230256,-1
228.15,-0.0675864190886,-1
228.1,-0.0678055731539,1
228.85,-0.0645175415888,1
229.2,-0.0629881555281,1
227.15,-0.0719323091058,1
227.6,-0.0699512393281,1
226.9,-0.0730268105056,1
227.7,-0.0765525927885,-1
226.1,-0.069525803153,-1
224.55,-0.0626704294246,-1
224.65,-0.0631157645393,-1
224.45,-0.0622254907801,-1
225.75,-0.0680174266233,-1
224.2,-0.0611514244084,-1
224.05,-0.0604823789133,-1
222.3,-0.0526716223858,-1
221.0,-0.0468236691694,-1
219.55,-0.0402625831965,-1
216.7,-0.0272814854967,-1
219.75,-0.0413562432263,-1
222.95,-0.0559182455016,-1
223.6,-0.0588336973966,-1
225.0,-0.0650948780764,-1
226.55,-0.0719837669653,-1
225.25,-0.0662455193379,-1
225.1,-0.0655795925898,-1
224.85,-0.0644689750865,-1
226.05,-0.0698058663473,-1
226.4,-0.0713541963628,-1
230.8,-0.0907888253381,-1
229.85,-0.0866727074871,-1
230.9,-0.0912409041371,-1
230.0,-0.0951386953887,1
230.55,-0.0927473910409,1
230.35,-0.0936148818238,1
231.0,-0.0907930889,1
231.2,-0.0899272880342,1
231.5,-0.0886297101795,1
230.25,-0.0940292782141,1
230.5,-0.092943501884,1
230.95,-0.0909912242267,1
231.35,-0.0892592476084,1
231.25,-0.0896914931239,1
231.85,-0.0870968985293,1
231.3,-0.0894691219496,1
231.35,-0.0892529524727,1
230.75,-0.0918464255654,1
230.15,-0.0944466422502,1
230.35,-0.0935776437709,1
230.05,-0.0948800097357,1
230.35,-0.0935759454019,1
230.85,-0.0914053354605,1
231.35,-0.0892394268619,1
232.15,-0.0857814627382,1
235.05,-0.0732895394128,1
239.3,-0.0552082801063,1
240.6,-0.0497757686144,1
240.7,-0.0493601410167,1
240.85,-0.048736958632,1
240.5,-0.0501901452627,1
239.25,-0.0553876504602,1
239.6,-0.053924745549,1
239.85,-0.0528813398729,1
239.75,-0.0532982671191,1
240.0,-0.0522555142515,1
240.5,-0.0501721809182,1
242.0,-0.0439351746812,1
239.75,-0.0532326953424,1
238.95,-0.0565695045186,1
239.6,-0.0538492701599,1
239.6,-0.0538492701599,1
239.2,-0.0555187192417,1
237.75,-0.0615805921514,1
236.75,-0.0657866909948,1
236.7,-0.0659978842366,1
236.85,-0.0653641706751,1
237.15,-0.0640975462292,1
237.7,-0.0617783389765,1
237.85,-0.0611472914375,1
234.3,-0.0760726645719,1
237.15,-0.0639087721263,1
236.7,-0.0658063053331,1
236.0,-0.0628489753796,-1
233.85,-0.0537388058881,-1
236.6,-0.0654984808934,-1
237.0,-0.0671890979686,-1
238.7,-0.0743620937492,-1
236.4,-0.0647265679847,-1
236.45,-0.0649380739068,-1
235.9,-0.0626120007413,-1
235.05,-0.0590087790372,-1
236.25,-0.0641140757825,-1
240.9,-0.0837966154651,-1
243.25,-0.0935517005626,-1
242.85,-0.0919073017959,-1
239.65,-0.078730443653,-1
241.35,-0.0858241219339,-1
240.7,-0.0885173061062,1
239.9,-0.0918409454913,1
239.45,-0.093716727067,1
239.9,-0.0918374203224,1
239.9,-0.0918374203224,1
239.85,-0.0920458404975,1
241.7,-0.0843326864428,1
243.1,-0.0785403819331,1
242.3,-0.0818312087534,1
242.6,-0.0805930742094,1
242.6,-0.0805930742094,1
242.4,-0.0814174765177,1
242.55,-0.0807986646365,1
240.65,-0.0886321010414,1
240.25,-0.0902942660113,1
239.95,-0.0915429652829,1
239.35,-0.0940434862247,1
239.8,-0.0921633943091,1
238.1,-0.0992526353433,1
237.0,-0.103872542945,1
236.5,-0.105982247587,1
237.15,-0.10323383321,1
236.9,-0.102179648095,-1
238.4,-0.108511433659,-1
237.85,-0.106204386679,-1
236.95,-0.102420489265,-1
237.5,-0.104741654067,-1
239.1,-0.111478496173,-1
237.2,-0.103532030259,-1
235.65,-0.0969974602756,-1
237.2,-0.103575011729,-1
236.5,-0.100623915608,-1
236.95,-0.102526664022,-1
236.95,-0.102526664022,-1
236.95,-0.102526664022,-1
236.95,-0.102526664022,-1
237.3,-0.104003768896,-1
237.2,-0.103582361395,-1
237.0,-0.102739191075,-1
237.0,-0.102739191075,-1
236.8,-0.101895309218,-1
236.8,-0.101895309218,-1
236.8,-0.101895309218,-1
235.0,-0.0942939578671,-1
236.55,-0.100889702548,-1
238.15,-0.107653600244,-1
240.35,-0.116891475533,-1
238.85,-0.110650576843,-1
239.3,-0.108766549211,1
238.45,-0.112318575956,1
238.5,-0.11210888839,1
238.3,-0.112947462813,1
237.5,-0.116304575696,1
236.75,-0.119462470433,1
236.85,-0.11904008395,1
236.75,-0.119462292098,1
236.9,-0.118828712373,1
239.9,-0.106165141246,1
240.0,-0.105748300896,1
239.95,-0.105956634229,1
240.0,-0.105748257484,1
239.95,-0.105956590817,1
239.45,-0.108040358269,1
239.05,-0.109710853153,1
239.95,-0.105945950413,1
239.95,-0.105945950413,1
239.95,-0.105945950413,1
239.95,-0.105945950413,1
239.8,-0.106571080648,1
237.5,-0.116162406753,1
239.4,-0.108162406753,1
240.75,-0.102523309009,1
240.3,-0.104392467887,1
240.45,-0.103768248162,1
239.95,-0.105847682556,1
239.75,-0.106681189537,1
239.35,-0.108349594125,1
239.4,-0.108140695023,1
238.95,-0.110020394271,1
238.8,-0.110648140662,1
238.75,-0.110857520896,1
237.55,-0.115883698906,1
238.7,-0.111042612819,1
240.0,-0.105596446083,1
240.5,-0.10351311275,1
240.85,-0.102057811294,1
240.75,-0.102473007474,1
240.75,-0.102473007474,-1
239.5,-0.10766511547,1
238.5,-0.111840480815,1
238.15,-0.110372975574,-1
237.25,-0.106593844774,-1
237.0,-0.105540103994,-1
237.0,-0.105540103994,-1
239.0,-0.113978922559,-1
238.0,-0.109794822141,-1
237.75,-0.108744401973,-1
238.95,-0.113791720585,-1
238.35,-0.111280735023,-1
238.45,-0.111700286103,-1
238.6,-0.1123293488,-1
238.0,-0.109814679898,-1
237.75,-0.10876425973,-1
236.9,-0.105189075713,-1
236.55,-0.103711659082,-1
237.65,-0.108361838748,-1
238.0,-0.109834592798,-1
239.45,-0.115927029773,-1
239.25,-0.11509178233,-1
239.25,-0.11509178233,-1
239.5,-0.11613671441,-1
238.9,-0.113631495203,-1
239.0,-0.114050080385,-1
238.55,-0.112167235197,-1
238.55,-0.112167235197,-1
238.45,-0.111748035868,-1
238.0,-0.109860847778,-1
237.5,-0.111961688114,1
237.95,-0.110066951272,1
237.0,-0.114059386658,1
243.45,-0.0868441967842,1
244.9,-0.0808881483143,1
244.9,-0.0808881483143,1
244.9,-0.0808881483143,1
244.2,-0.0837464578284,1
244.0,-0.0845654586474,1
243.95,-0.0847703766802,1
243.8,-0.0853852567785,1
244.75,-0.0814886201912,1
243.95,-0.0847572616621,1
244.45,-0.0827076613341,1
244.8,-0.0812758756929,1
249.8,-0.0608510390916,1
249.65,-0.0614515194759,1
251.6,-0.0536405841665,1
251.8,-0.0528456716068,1
251.55,-0.0538385230763,1
249.95,-0.0601990875764,1
251.35,-0.0545979673523,1
251.75,-0.0530065609469,1
251.5,-0.0539996096063,1
251.0,-0.0559876811769,1
250.95,-0.0561868843641,1
251.0,-0.055987641487,1
250.4,-0.0583780797341,1
249.1,-0.0635697730248,1
246.6,-0.073605903093,1
245.9,-0.0764445081214,1
245.75,-0.0770545121881,1
245.2,-0.0792925589836,1
244.8,-0.080923880354,1
244.3,-0.0829663640141,1
243.0,-0.0882876902523,1
242.7,-0.0895222581535,1
242.05,-0.092200461697,1
243.7,-0.0990172350909,-1
242.65,-0.0947086589728,-1
239.75,-0.0827572886863,-1
240.5,-0.0858855472891,-1
240.4,-0.0854697468733,-1
239.7,-0.0825579332293,-1
239.5,-0.0817235569256,-1
239.1,-0.0800534107878,-1
239.8,-0.0829810561245,-1
239.85,-0.0831895632138,-1
240.05,-0.0840234177061,-1
240.45,-0.0856897372229,-1
241.5,-0.09005654945,-1
240.1,-0.0842594480007,-1
240.5,-0.0859254205122,-1
245.9,-0.108378642965,-1
246.35,-0.110208655165,-1
245.85,-0.108179022529,-1
245.75,-0.107772270444,-1
245.2,-0.105534223649,-1
245.35,-0.106145969163,-1
245.05,-0.104923226143,-1
245.25,-0.104107066175,1
245.2,-0.104310939774,1
244.95,-0.10533051563,1
244.85,-0.105738762211,1
245.15,-0.104513522268,1
246.4,-0.0994146032389,1
244.65,-0.106516875966,1
245.2,-0.104268766422,1
244.05,-0.108958815362,1
241.5,-0.119407493911,1
242.25,-0.116301903849,1
244.1,-0.108665164943,1
243.55,-0.110918339871,1
244.0,-0.109070669988,1
243.7,-0.110300178185,1
243.15,-0.11255705139,1
245.75,-0.101864063522,1
247.1,-0.0963706759331,1
246.5,-0.0987988426672,1
247.15,-0.0961619258315,1
247.5,-0.0947457817894,1
247.25,-0.0957558827995,1
246.05,-0.100609270059,1
246.3,-0.0995932164118,1
245.85,-0.101420256607,1
246.15,-0.100200000353,1
246.2,-0.099996872179,1
247.85,-0.0932950037793,1
245.85,-0.101364400592,1
247.5,-0.0946529911959,1
248.7,-0.0898045063474,1
249.75,-0.0855825521858,1
250.2,-0.083780750384,1
249.1,-0.0881772331977,1
249.2,-0.087775787995,1
248.9,-0.0889796403224,1
247.45,-0.0948052731067,1
246.75,-0.0976341274207,1
246.9,-0.0970262246851,1
246.75,-0.0976337580995,1
246.35,-0.099254832061,1
245.45,-0.102908170807,1
244.15,-0.108204565184,1
242.05,-0.116805834896,1
243.05,-0.112674457081,1
243.15,-0.113085895057,-1
242.45,-0.110207013708,-1
242.8,-0.111650610326,-1
242.8,-0.111650610326,-1
242.6,-0.110826887097,-1
242.4,-0.110002484788,-1
242.9,-0.112065191059,-1
242.8,-0.111653499005,-1
241.55,-0.106505228823,-1
241.2,-0.105056253456,-1
238.5,-0.0938622236053,-1
239.05,-0.0961683032698,-1
240.05,-0.100351528537,-1
241.15,-0.104933907208,-1
241.5,-0.106385286018,-1
241.0,-0.104314892643,-1
240.6,-0.102655141605,-1
240.5,-0.102239514008,-1
240.3,-0.101407913176,-1
240.0,-0.100159473725,-1
239.35,-0.0974511403921,-1
238.5,-0.0938998556627,-1
236.05,-0.083627318975,-1
240.0,-0.100361061826,-1
240.0,-0.100361061826,-1
240.3,-0.101611061826,-1
240.3,-0.101611061826,-1
240.7,-0.10327564776,-1
240.35,-0.101821555529,-1
239.95,-0.100157315879,-1
238.5,-0.0941143902694,-1
239.75,-0.0993554804161,-1
239.0,-0.0962272218134,-1
240.0,-0.100411322232,-1
240.25,-0.101452988898,-1
243.65,-0.115604913977,-1
245.9,-0.124839471744,-1
246.9,-0.120772777966,1
246.95,-0.120570266828,1
246.95,-0.120570266828,1
249.25,-0.111256640588,1
248.85,-0.112861455031,1
249.85,-0.10884297,1
248.7,-0.113445731657,1
249.4,-0.110631095549,1
249.35,-0.110831576704,1
246.25,-0.123263900746,1
247.85,-0.116766438817,1
242.9,-0.136738195929,1
244.2,-0.131386199222,1
243.75,-0.133228951065,1
243.65,-0.133639207475,1
243.35,-0.134870481844,1
244.4,-0.130555708883,1
244.5,-0.130146543581,1
244.95,-0.128306052783,1
243.7,-0.133409135045,1
243.4,-0.134640156793,1
242.35,-0.138954043399,1
243.75,-0.133177274264,1
244.6,-0.129690094776,1
244.4,-0.130507756265,1
243.6,-0.127234433842,-1
243.3,-0.126002906749,-1
242.0,-0.12065970905,-1
242.25,-0.121692766902,-1
241.5,-0.118596791669,-1
240.65,-0.115077122932,-1
240.7,-0.115284893554,-1
240.35,-0.113830801323,-1
241.25,-0.117575340536,-1
241.65,-0.119233371624,-1
241.6,-0.119026460803,-1
243.25,-0.125855931002,-1
242.05,-0.120922734701,-1
241.75,-0.119683321357,-1
243.75,-0.127956330664,-1
243.0,-0.124879407587,-1
243.15,-0.125496691538,-1
243.1,-0.125291057156,-1
243.2,-0.125702410508,-1
243.0,-0.124880042087,-1
243.0,-0.124880042087,-1
242.7,-0.123645474186,-1
243.0,-0.124881568129,-1
243.8,-0.128173749199,-1
245.7,-0.135967022374,-1
245.4,-0.137188023595,1
244.9,-0.139225513407,1
245.65,-0.136163038928,1
245.65,-0.136163038928,1
245.1,-0.138401996795,1
244.15,-0.142277965787,1
243.9,-0.143301926467,1
243.7,-0.144121934667,1
244.1,-0.142480572336,1
245.5,-0.136745217974,1
245.5,-0.136745217974,1
245.85,-0.135319556059,1
247.2,-0.129828402917,1
245.85,-0.135289567965,1
246.85,-0.131222047119,1
247.15,-0.130006734176,1
247.25,-0.129602121593,1
247.25,-0.129602121593,1
247.25,-0.129602121593,1
247.25,-0.129602121593,1
247.3,-0.129399897124,1
250.3,-0.117268882162,1
251.8,-0.111276073532,1
254.0,-0.102538980602,1
250.6,-0.115924807373,1
250.65,-0.115725286224,1
250.95,-0.114528398133,1
249.55,-0.120107198691,1
250.9,-0.114697461163,1
250.3,-0.117088852156,1
250.35,-0.116889091868,1
250.2,-0.117488253042,1
251.2,-0.113491450485,1
250.9,-0.114685718,1
248.05,-0.126044825214,1
246.85,-0.130882559542,1
248.1,-0.125818755613,1
249.9,-0.118563616556,1
249.95,-0.118363536524,1
250.0,-0.118163496516,1
249.4,-0.120563496516,1
246.15,-0.133594771576,1
249.35,-0.120594568448,1
249.3,-0.120795089803,1
249.25,-0.120995651376,1
250.35,-0.116582411657,1
249.85,-0.118579615571,1
252.25,-0.128185379029,-1
252.1,-0.127590730863,-1
251.55,-0.125409056924,-1
252.25,-0.128191803893,-1
253.15,-0.131759692892,-1
253.3,-0.132352226962,-1
253.85,-0.130180888628,1
254.0,-0.12958998849,1
252.5,-0.135495500301,1
252.65,-0.134901440896,1
252.35,-0.136088854313,1
252.55,-0.135296304284,1
253.65,-0.13094073113,1
253.95,-0.129757999019,1
252.9,-0.133892671198,1
253.95,-0.129740832527,1
252.9,-0.133875504706,1
252.85,-0.13407321131,1
252.75,-0.134468702708,1
252.3,-0.136249118138,1
252.6,-0.135060057496,1
252.75,-0.134466233268,1
252.15,-0.136840120508,1
253.85,-0.130098101869,1
256.0,-0.121628533226,1
257.9,-0.114206658226,1
254.75,-0.126420694674,1
254.45,-0.127598319797,1
254.2,-0.128580831095,1
253.5,-0.13133456831,1
252.55,-0.135082102827,1
251.55,-0.139041714785,1
252.8,-0.134072523769,1
253.7,-0.130512397187,1
253.75,-0.130315314018,1
252.75,-0.134256200717,1
252.85,-0.133860552844,1
252.85,-0.133860552844,1
250.75,-0.142165872203,1
251.75,-0.146153908096,-1
252.95,-0.150920541661,-1
253.45,-0.152897216893,-1
254.25,-0.156053658006,-1
253.1,-0.151530550828,-1
253.25,-0.152123201954,-1
253.8,-0.154294968982,-1
254.5,-0.157053046208,-1
255.45,-0.160785855639,-1
255.9,-0.159024258457,1
255.5,-0.160587369047,1
257.95,-0.150998327951,1
257.2,-0.153905868172,1
256.45,-0.156821886835,1
256.3,-0.157406796174,1
254.8,-0.163259312756,1
254.0,-0.166399030182,1
253.4,-0.168761234906,1
253.55,-0.168169285419,1
252.55,-0.172113280686,1
252.9,-0.170727416501,1
252.55,-0.172111362725,1
254.15,-0.165775983592,1
252.55,-0.172071478378,1
252.8,-0.171081575389,1
254.3,-0.165148031085,1
256.4,-0.156890068049,1
255.5,-0.160400208455,1
255.0,-0.162357155617,1
255.55,-0.160200292872,1
256.5,-0.156482820753,1
256.85,-0.155118298336,1
257.15,-0.153950301451,1
256.5,-0.156478009015,1
257.3,-0.153359100632,1
257.45,-0.152776123563,1
259.1,-0.146367112104,1
261.95,-0.135367498056,1
260.1,-0.142429914547,1
261.5,-0.137047369372,1
261.4,-0.13742977855,1
261.2,-0.138194889491,1
262.95,-0.131495042631,1
261.8,-0.13586849766,1
261.5,-0.137014410571,1
260.9,-0.139308865638,1
260.5,-0.140842020103,1
258.95,-0.146792116072,1
259.35,-0.145247416323,1
258.35,-0.149103209653,1
258.45,-0.148716137851,1
257.35,-0.152972280238,1
257.55,-0.152195128499,1
256.75,-0.155301321472,1
255.55,-0.159975128677,1
255.75,-0.159192502968,1
255.5,-0.160170020074,1
254.15,-0.165453777413,1
253.05,-0.161125624747,-1
253.0,-0.160928035338,-1
253.05,-0.161125663797,-1
254.8,-0.168041293119,-1
253.5,-0.162939252302,-1
253.2,-0.16175582035,-1
252.45,-0.158793735042,-1
252.45,-0.158793735042,-1
252.5,-0.158991794063,-1
252.35,-0.158397734657,-1
251.55,-0.155227534539,-1
252.6,-0.159401654992,-1
252.6,-0.159401654992,-1
252.2,-0.157818123717,-1
252.1,-0.157421613011,-1
252.1,-0.157421613011,-1
251.2,-0.153851601111,-1
248.1,-0.14151083678,-1
249.65,-0.147758317634,-1
249.5,-0.147157476457,-1
249.65,-0.147758678862,-1
249.3,-0.146356716114,-1
250.25,-0.150167385989,-1
249.45,-0.146970582793,-1
249.05,-0.145367055032,-1
248.8,-0.144363240536,-1
248.95,-0.144966134427,-1
249.15,-0.145769508599,-1
250.3,-0.150385201956,-1
249.05,-0.145391194765,-1
251.4,-0.154827051018,-1
250.15,-0.149854895092,-1
249.7,-0.148055974444,-1
248.85,-0.144651889542,-1
248.7,-0.144049116787,-1
247.8,-0.140430298935,-1
248.35,-0.142649830815,-1
248.95,-0.145065776054,-1
249.65,-0.147877585654,-1
248.55,-0.143471417018,-1
248.75,-0.144276084087,-1
253.9,-0.164979601675,-1
253.35,-0.162813394507,-1
254.7,-0.16814199131,-1
255.5,-0.165001041172,1
257.1,-0.158738810252,1
257.9,-0.155627180536,1
257.0,-0.159116905236,1
257.45,-0.157365932473,1
256.15,-0.162415456653,1
256.4,-0.161439466022,1
256.35,-0.161634473822,1
255.6,-0.164560161359,1
259.5,-0.149301945397,1
261.5,-0.141594816302,1
260.3,-0.146183726436,1
262.35,-0.138308198199,1
262.0,-0.139642293873,1
260.25,-0.146321683186,1
261.7,-0.140750117384,1
261.65,-0.140941175848,1
261.45,-0.141705555745,1
260.35,-0.145912861157,1
261.5,-0.141495730371,1
263.2,-0.134994774348,1
266.1,-0.123976537266,1
267.0,-0.120594350119,1
264.1,-0.13145577334,1
263.5,-0.133727640057,1
261.2,-0.142456292808,1
261.35,-0.14188202022,1
260.7,-0.144369106503,1
260.0,-0.147054185137,1
259.25,-0.149938800522,1
257.35,-0.157267633695,1
256.6,-0.160181952715,1
257.05,-0.158428250455,1
256.75,-0.15959533857,1
254.3,-0.169137694948,1
254.2,-0.168744458613,-1
251.7,-0.158909682846,-1
251.65,-0.15871103366,-1
251.75,-0.15910841097,-1
251.65,-0.158711191506,-1
252.05,-0.160300700745,-1
251.4,-0.157721847343,-1
251.6,-0.158517392291,-1
251.1,-0.156530110892,-1
250.7,-0.154937120052,-1
250.0,-0.152144938161,-1
250.2,-0.152944938161,-1
251.0,-0.156142380208,-1
250.25,-0.153154332399,-1
249.8,-0.151356130601,-1
249.95,-0.151956610985,-1
249.8,-0.151356490961,-1
247.75,-0.143149925709,-1
247.75,-0.143149925709,-1
246.5,-0.138104517031,-1
246.2,-0.136887478491,-1
246.9,-0.139730695388,-1
248.6,-0.146616074084,-1
248.3,-0.14540931624,-1
246.45,-0.137958651721,-1
246.6,-0.138567294448,-1
247.9,-0.143838989501,-1
248.85,-0.1476711799,-1
248.15,-0.144858240378,-1
246.95,-0.140022455571,-1
245.85,-0.135568112586,-1
247.7,-0.143093026151,-1
246.8,-0.139459598618,-1
246.4,-0.137838853075,-1
246.1,-0.136621320608,-1
246.05,-0.136418151164,-1
245.75,-0.135198886787,-1
246.0,-0.136216180785,-1
246.5,-0.13824870111,-1
247.6,-0.142711175755,-1
251.2,-0.157250755723,-1
249.35,-0.149886106042,-1
248.55,-0.146677764353,-1
248.9,-0.148085931724,-1
248.9,-0.148085931724,-1
249.05,-0.147483280057,1
249.0,-0.147684042956,1
248.7,-0.148888862233,1
248.45,-0.149894089414,1
247.15,-0.155126530549,1
248.15,-0.151080404715,1
247.85,-0.152289350916,1
248.4,-0.150070266793,1
248.95,-0.147856096101,1
249.85,-0.144240912329,1
249.8,-0.144441032401,1
249.0,-0.14764359445,1
250.05,-0.143426726981,1
249.95,-0.143826646997,1
249.55,-0.145426967061,1
250.4,-0.142020836025,1
250.35,-0.142220516536,1
249.9,-0.144018000059,1
248.7,-0.148819920827,1
248.85,-0.148216784518,1
249.1,-0.147212163261,1
250.25,-0.142595543429,1
253.1,-0.131206932041,1
253.3,-0.130416730539,1
252.7,-0.132785463267,1
252.2,-0.134764094055,1
252.25,-0.134565838702,1
252.2,-0.134764054757,1
252.1,-0.135160565463,1
256.55,-0.117508839957,1
255.25,-0.122576078312,1
255.35,-0.122184305541,1
255.95,-0.119834589465,1
256.95,-0.115927576376,1
256.8,-0.116511347538,1
255.45,-0.121768356884,1
253.7,-0.128619012589,1
253.55,-0.129210262097,1
254.4,-0.125857866119,1
254.2,-0.126644029642,1
254.5,-0.125463856549,1
254.4,-0.125856783858,1
253.1,-0.130966846751,1
252.8,-0.132152149003,1
254.65,-0.124834111028,1
255.9,-0.119925412815,1
254.45,-0.125591688704,1
255.7,-0.12067913221,1
254.7,-0.124589965217,1
254.7,-0.124589965217,1
256.4,-0.117915446175,1
255.8,-0.120255539779,1
256.3,-0.118300887707,1
255.8,-0.120251726568,1
254.55,-0.125138356748,1
254.2,-0.126513332194,1
252.0,-0.135167934869,1
249.7,-0.144294918996,1
249.95,-0.145296120438,-1
251.6,-0.151897440702,-1
252.2,-0.154282178381,-1
255.35,-0.166772265613,-1
254.1,-0.161877023788,-1
253.7,-0.160302840396,-1
253.25,-0.158529091874,-1
252.45,-0.155370158014,-1
253.5,-0.159529397468,-1
251.2,-0.150456419164,-1
252.15,-0.154238266298,-1
252.1,-0.154039971632,-1
252.75,-0.15661831356,-1
252.5,-0.155629193876,-1
252.05,-0.153847015658,-1
253.3,-0.158806349124,-1
253.5,-0.1595959267,-1
252.6,-0.156045630842,-1
251.8,-0.152878568293,-1
251.6,-0.152084287117,-1
250.05,-0.14592371478,-1
249.35,-0.143124274668,-1
247.3,-0.134902899091,-1
247.35,-0.135105082674,-1
247.05,-0.133892226398,-1
246.6,-0.132070732773,-1
246.9,-0.133287277785,-1
247.45,-0.135514900304,-1
249.35,-0.143193219157,-1
249.9,-0.145398954067,-1
249.8,-0.144998794003,-1
250.55,-0.148001195925,-1
249.5,-0.143810415641,-1
250.95,-0.149622038888,-1
251.8,-0.153009167798,-1
250.25,-0.146853488688,-1
249.5,-0.143856485691,-1
248.2,-0.138646064849,-1
247.4,-0.135422857758,-1
248.1,-0.138252283789,-1
248.3,-0.139058410351,-1
247.9,-0.13744745586,-1
247.6,-0.136237290471,-1
247.6,-0.136237290471,-1
247.9,-0.137448922135,-1
247.7,-0.136642145209,-1
248.6,-0.140275572742,-1
247.0,-0.133839530908,-1
247.65,-0.136471109855,-1
247.3,-0.135057824977,-1
248.15,-0.138494945883,-1
247.5,-0.135875562445,-1
247.1,-0.134259400829,-1
247.25,-0.134866442513,-1
247.3,-0.135068666982,-1
247.5,-0.135877401313,-1
247.35,-0.135271340707,-1
247.45,-0.135675626132,-1
244.7,-0.124562269899,-1
242.6,-0.115980332833,-1
240.5,-0.107324108595,-1
242.3,-0.11480851608,-1
243.15,-0.118316563954,-1
244.65,-0.124485595416,-1
245.45,-0.127755572935,-1
246.7,-0.132848259837,-1
246.3,-0.131226857324,-1
248.25,-0.139144031502,-1
248.0,-0.138136982156,-1
247.8,-0.137330530543,-1
247.0,-0.134102120535,-1
247.75,-0.137138557782,-1
245.95,-0.129873169286,-1
246.1,-0.130483049343,-1
247.05,-0.134343268766,-1
246.4,-0.131712222419,-1
246.3,-0.131306378263,-1
246.3,-0.131306378263,-1
247.35,-0.135569472051,-1
247.25,-0.135973757476,1
247.45,-0.1351648596,1
247.3,-0.135771042667,1
246.2,-0.140219081486,1
246.75,-0.137985125353,1
246.0,-0.141024639031,1
248.5,-0.130862037405,1
249.7,-0.126033063562,1
248.7,-0.130037869329,1
247.8,-0.133656687182,1
248.6,-0.130428277173,1
249.55,-0.126606877334,1
249.05,-0.128610483826,1
248.85,-0.129413535422,1
249.9,-0.125194126139,1
250.9,-0.121192525499,1
250.25,-0.123783199074,1
251.0,-0.120786196077,1
250.85,-0.121383805639,1
250.45,-0.122978384072,1
251.25,-0.119784133723,1
251.25,-0.119784133723,1
250.75,-0.121774183474,1
252.4,-0.115193924252,1
252.45,-0.114995825995,1
251.75,-0.117768652297,1
251.95,-0.11697421337,1
252.15,-0.116180405075,1
252.75,-0.113800869084,1
253.55,-0.110635686097,1
252.0,-0.116748878761,1
254.35,-0.107423481936,1
254.95,-0.105064527739,1
255.75,-0.101926657568,1
256.65,-0.0984075959846,1
256.5,-0.0989920495205,1
256.2,-0.100161640164,1
257.25,-0.0960632795081,1
256.95,-0.0972294602661,1
254.0,-0.108710293113,1
254.95,-0.104970135633,1
255.0,-0.104774018747,1
257.2,-0.0961465677666,1
256.6,-0.0984793826966,1
255.3,-0.103545633671,1
255.3,-0.103545633671,1
255.95,-0.100999609386,1
259.65,-0.0865436609583,1
258.4,-0.0913578338834,1
255.5,-0.1025807441,1
255.1,-0.10414630183,1
254.5,-0.106498320646,1
253.35,-0.111016984693,1
253.5,-0.110424918382,1
254.3,-0.107269099841,1
252.75,-0.113364263035,1
250.3,-0.123057635933,1
249.2,-0.118662909604,-1
248.95,-0.117659699331,-1
248.55,-0.116052950988,-1
247.15,-0.110420281505,-1
249.3,-0.11911945205,-1
251.45,-0.127743599663,-1
251.65,-0.12853898642,-1
249.75,-0.120988817534,-1
248.7,-0.11678461333,-1
248.7,-0.11678461333,-1
249.55,-0.120202385747,-1
252.85,-0.133426188592,-1
252.7,-0.132832951495,-1
252.1,-0.13045859455,-1
251.35,-0.127483584633,-1
250.5,-0.124101846022,-1
249.55,-0.120309430852,-1
251.2,-0.126921332274,-1
252.0,-0.13010604565,-1
251.8,-0.129312394857,-1
250.5,-0.124149567216,-1
251.85,-0.129538788772,-1
251.5,-0.128149072672,-1
252.9,-0.133715673069,-1
251.0,-0.12620282214,-1
250.25,-0.129190869949,1
250.05,-0.129990070748,1
248.15,-0.137588551052,1
248.1,-0.137790042086,1
247.7,-0.139402295209,1
247.5,-0.14020972355,1
247.7,-0.141017804358,-1
247.7,-0.141017804358,-1
248.8,-0.145458660232,-1
248.8,-0.145458660232,-1
248.95,-0.146061554123,-1
250.0,-0.150279268523,-1
250.2,-0.151079268523,-1
253.7,-0.165068077476,-1
254.5,-0.168221408182,-1
254.5,-0.168221408182,-1
253.8,-0.165470917023,-1
253.65,-0.164879900474,-1
253.9,-0.163894290381,1
254.35,-0.162121939062,1
254.75,-0.160549302931,1
254.15,-0.162904553176,1
253.4,-0.165855566357,1
254.6,-0.161119970461,1
254.85,-0.160138038018,1
256.5,-0.153663641314,1
256.4,-0.154053504862,1
256.3,-0.154443520463,1
256.2,-0.154833688235,1
256.1,-0.155224008297,1
257.4,-0.150147866165,1
256.95,-0.151896117914,1
257.15,-0.151117756365,1
256.35,-0.154228781059,1
256.75,-0.152668414372,1
256.15,-0.155005317975,1
256.95,-0.151882147958,1
256.15,-0.154995594153,1
256.2,-0.154800396027,1
256.4,-0.154019755902,1
256.95,-0.151874670099,1
257.75,-0.148761223903,1
258.3,-0.146627373273,1
257.8,-0.148563106916,1
257.75,-0.148757055713,1
258.0,-0.147787123608,1
257.8,-0.148562317407,1
255.8,-0.156320269308,1
255.5,-0.157493060551,1
256.5,-0.153579166226,1
256.95,-0.151824780261,1
256.1,-0.155132816844,1
256.35,-0.154156635665,1
255.8,-0.156302139858,1
256.9,-0.1520019053,1
256.5,-0.15355893138,1
255.4,-0.157847430406,1
256.75,-0.163133256561,-1
256.15,-0.160796352958,-1
255.9,-0.159820362327,-1
257.4,-0.16568202704,-1
256.5,-0.162185523544,-1
256.25,-0.161210864674,-1
256.4,-0.161796230528,-1
256.3,-0.161406214927,-1
255.75,-0.159260292181,-1
255.5,-0.158282775074,-1
255.1,-0.156717217344,-1
253.55,-0.150641168736,-1
253.45,-0.150246769209,-1
253.05,-0.148668548653,-1
251.3,-0.14175291933,-1
251.1,-0.14095705781,-1
250.65,-0.139164943115,-1
252.95,-0.148341085146,-1
254.0,-0.152492103133,-1
254.85,-0.155838559826,-1
254.7,-0.155249978308,-1
254.85,-0.155838906458,-1
254.45,-0.154269355742,-1
253.85,-0.151911328625,-1
253.5,-0.150532561637,-1
253.25,-0.149546368343,-1
252.55,-0.146782301215,-1
253.2,-0.149356048988,-1
253.75,-0.151528244881,-1
252.2,-0.145419870497,-1
252.15,-0.145221615144,-1
253.2,-0.149385803127,-1
255.05,-0.15669228022,-1
254.25,-0.153555640346,-1
254.15,-0.153162326678,-1
254.0,-0.152572124042,-1
253.7,-0.15139102168,-1
254.2,-0.153361853371,-1
252.75,-0.147657683426,-1
252.45,-0.148844627046,1
252.6,-0.148250449981,1
254.0,-0.142708090519,1
253.65,-0.144086043275,1
252.85,-0.147239995572,1
252.8,-0.147437741271,1
252.7,-0.147833310891,1
253.35,-0.150405530915,-1
252.4,-0.146655777609,-1
252.0,-0.145070991555,-1
250.85,-0.140507499492,-1
250.8,-0.140308177188,-1
250.7,-0.139909453105,-1
251.35,-0.142502193432,-1
253.4,-0.150658151259,-1
250.8,-0.140397693485,-1
250.8,-0.140397693485,-1
251.05,-0.141394503693,-1
250.7,-0.1400003591,-1
250.75,-0.140199800663,-1
250.3,-0.138405184512,-1
250.4,-0.138804705087,-1
251.8,-0.1443957594,-1
252.4,-0.146778602927,-1
252.6,-0.147570995954,-1
253.4,-0.150738058503,-1
253.15,-0.149751476025,-1
252.05,-0.145406226173,-1
251.75,-0.144215986141,-1
251.3,-0.142428498555,-1
252.35,-0.146606771535,-1
251.75,-0.144229121446,-1
251.9,-0.144824950641,-1
251.55,-0.143435510387,-1
252.35,-0.146615792637,-1
252.85,-0.144634417563,1
253.2,-0.14325019767,1
254.25,-0.139103278239,1
254.2,-0.139299935072,1
255.3,-0.134972633735,1
254.8,-0.136931113954,1
255.55,-0.133987628868,1
255.6,-0.133791972441,1
253.45,-0.142203553035,1
253.65,-0.141414442757,1
253.75,-0.14102019872,1
253.05,-0.14377881941,1
254.4,-0.138443905361,1
254.7,-0.137264660078,1
254.4,-0.13844251638,1
255.35,-0.13470823965,1
255.8,-0.132945952593,1
254.35,-0.138614443602,1
256.0,-0.13212731956,1
256.35,-0.13076013206,1
255.3,-0.134856094611,1
256.0,-0.132114222304,1
256.3,-0.130942347304,1
256.35,-0.130747263418,1
255.9,-0.13250267594,1
256.2,-0.131330342997,1
255.7,-0.13328194331,1
255.3,-0.134846276513,1
254.9,-0.136413060688,1
255.2,-0.135236128558,1
255.25,-0.135040203793,1
256.7,-0.129359498602,1
258.0,-0.124295221235,1
258.95,-0.120613050693,1
259.45,-0.118682176007,1
259.25,-0.119453037444,1
258.65,-0.121767405815,1
257.7,-0.125440322884,1
257.25,-0.127186539415,1
257.65,-0.125631631737,1
257.4,-0.126601940296,1
256.4,-0.130486944181,1
256.6,-0.129706912979,1
258.0,-0.124250950392,1
258.05,-0.124057151942,1
258.35,-0.122894586548,1
258.75,-0.12134629934,1
258.4,-0.122698956345,1
258.25,-0.123279451701,1
258.25,-0.123279451701,1
258.2,-0.123473062544,1
257.7,-0.12540954589,1
258.4,-0.122693209064,1
259.25,-0.11940373538,1
260.2,-0.115739318794,1
260.4,-0.114970679285,1
258.85,-0.120923060238,1
259.1,-0.119957249923,1
259.45,-0.118606420128,1
259.25,-0.119377281565,1
259.8,-0.117255777226,1
260.05,-0.11629349855,1
260.2,-0.115716686398,1
259.9,-0.11686964566,1
260.0,-0.11648488229,1
261.5,-0.110715651521,1
260.8,-0.113392515765,1
260.9,-0.113009080183,1
253.1,-0.142905592256,1
252.0,-0.147251700514,1
253.35,-0.141894557657,1
251.8,-0.135776539105,-1
252.1,-0.136967960869,-1
251.45,-0.134389618941,-1
251.75,-0.135582699076,-1
252.4,-0.13816462559,-1
252.75,-0.139551313387,-1
253.95,-0.144299087868,-1
254.3,-0.145677311928,-1
256.0,-0.152362329624,-1
255.3,-0.149627954624,-1
255.85,-0.151782282865,-1
256.5,-0.154322833969,-1
258.85,-0.163484627341,-1
258.05,-0.160394034334,-1
258.7,-0.162912926022,-1
258.8,-0.163299474147,-1
258.85,-0.163492673529,-1
257.2,-0.157118325451,-1
256.7,-0.155174313009,-1
257.85,-0.159654250679,-1
257.55,-0.158490783547,-1
256.4,-0.162955935945,1
257.7,-0.157885733137,1
258.45,-0.154975372252,1
259.1,-0.152460379023,1
258.3,-0.155547989984,1
258.3,-0.155547989984,1
257.85,-0.157290150263,1
256.6,-0.16213792998,1
256.9,-0.16096879514,1
257.25,-0.159606397319,1
256.5,-0.162521849214,1
258.0,-0.156673895998,1
258.35,-0.155317306851,1
259.4,-0.151253052932,1
259.1,-0.152409567966,1
259.05,-0.152602543651,1
259.0,-0.152795556583,1
259.0,-0.152795556583,1
258.8,-0.153567757355,1
258.55,-0.154533754264,1
258.75,-0.153760209495,1
258.55,-0.154533156355,1
258.55,-0.154533156355,1
259.0,-0.152792680625,1
260.75,-0.146035923869,1
260.8,-0.145844169314,1
260.9,-0.145460733732,1
260.55,-0.146802243889,1
260.95,-0.145267029918,1
260.4,-0.147374713382,1
260.5,-0.146990688805,1
260.95,-0.145263241588,1
261.65,-0.142580735361,1
264.5,-0.131688321831,1
265.95,-0.126206280243,1
263.35,-0.135982553979,1
264.1,-0.133134632961,1
264.75,-0.130673444018,1
264.2,-0.132750875557,1
265.6,-0.12745185966,1
265.95,-0.126134088576,1
267.05,-0.121997972764,1
267.2,-0.121436280197,1
267.65,-0.119752148461,1
266.25,-0.124982860211,1
266.15,-0.125358447066,1
265.75,-0.126861358958,1
267.05,-0.121969543341,1
268.7,-0.115790925105,1
267.15,-0.121559440178,1
266.4,-0.124366851744,1
264.95,-0.129809794687,1
265.05,-0.129432364983,1
264.8,-0.130375583244,1
265.0,-0.129620296235,1
266.0,-0.125846711329,1
265.3,-0.128478290277,1
265.05,-0.129420619715,1
264.8,-0.130363837976,1
264.6,-0.131119124985,1
265.05,-0.129418444713,1
265.5,-0.127720651844,1
267.55,-0.119999371241,1
267.15,-0.121494418896,1
267.3,-0.120932936582,1
267.45,-0.120371769354,1
267.5,-0.120184818522,1
267.1,-0.121680145625,1
267.55,-0.119995383364,1
267.0,-0.122051073889,1
266.5,-0.123923733065,1
267.25,-0.121109474153,1
270.35,-0.109509848335,1
272.55,-0.101372248927,1
271.45,-0.105408205632,1
271.8,-0.10411883374,1
271.0,-0.107062174432,1
271.35,-0.105770661517,1
270.9,-0.107429036309,1
270.65,-0.108351886069,1
271.0,-0.107058702992,1
270.9,-0.107427706682,1
271.0,-0.107058566778,1
271.05,-0.106874064933,1
270.7,-0.108165339605,1
268.85,-0.114999473333,1
267.5,-0.120020860723,1
266.4,-0.124133010256,1
265.95,-0.125822199445,1
265.6,-0.127138236294,1
264.6,-0.130903296535,1
264.9,-0.129769509687,1
265.0,-0.130147010631,-1
265.0,-0.130147010631,-1
264.95,-0.129958331386,-1
265.15,-0.130713190793,-1
265.1,-0.130524618287,-1
264.9,-0.129770185997,-1
264.0,-0.126372677503,-1
268.8,-0.144554495685,-1
268.45,-0.143252412352,-1
268.95,-0.145114956587,-1
269.8,-0.148275395331,-1
270.4,-0.150499264864,-1
270.35,-0.150314353621,-1
270.3,-0.15012940818,-1
269.6,-0.147539693049,-1
269.95,-0.148837912633,-1
269.95,-0.148837912633,-1
268.6,-0.143836986536,-1
269.3,-0.141230880802,1
272.05,-0.131019220943,1
273.0,-0.127527215797,1
273.25,-0.126611464882,1
273.4,-0.126062517032,1
273.25,-0.126611163703,1
273.5,-0.12569625062,1
273.5,-0.12569625062,1
273.45,-0.125879065976,1
271.85,-0.131730227066,1
271.5,-0.133017701776,1
272.45,-0.129518622587,1
272.45,-0.129518622587,1
273.95,-0.124013025229,1
275.3,-0.119085118677,1
275.5,-0.118358638474,1
275.6,-0.117995662067,1
274.8,-0.120898419687,1
274.0,-0.123809627838,1
273.95,-0.12399210959,1
274.1,-0.123444564418,1
274.4,-0.122350073356,1
274.95,-0.120345700178,1
275.1,-0.119800146441,1
275.7,-0.117619121359,1
278.9,-0.106012302353,1
279.9,-0.102426787832,1
278.75,-0.10653539805,1
277.2,-0.112095936166,1
278.45,-0.107586556657,1
278.8,-0.106329598496,1
279.8,-0.102742797922,1
280.45,-0.100419710002,1
280.25,-0.101132849599,1
280.55,-0.100062376807,1
279.25,-0.104696131931,1
279.65,-0.103263723694,1
280.05,-0.101833364317,1
279.85,-0.102547522503,1
278.4,-0.107728869653,1
278.4,-0.107728869653,1
279.75,-0.102879731722,1
279.0,-0.105560696869,1
279.65,-0.103230947765,1
279.8,-0.102694562999,1
279.5,-0.103766757423,1
279.0,-0.105555666189,1
279.25,-0.104659608841,1
279.35,-0.104301506782,1
279.9,-0.102332650509,1
279.05,-0.105369449365,1
279.15,-0.105011090648,1
279.0,-0.105548436161,1
279.0,-0.105548436161,1
279.6,-0.103397898527,1
279.6,-0.103397898527,1
279.35,-0.104292033005,1
279.2,-0.104828993807,1
278.2,-0.108410655698,1
278.75,-0.110387650666,-1
278.8,-0.110567022863,-1
277.5,-0.105904182117,-1
277.65,-0.106444722657,-1
277.6,-0.106264639819,-1
277.75,-0.106804985641,-1
277.8,-0.106985003642,-1
279.15,-0.111844614873,-1
277.25,-0.105038238373,-1
277.3,-0.105218581024,-1
276.95,-0.10395641009,-1
277.25,-0.10503963811,-1
276.7,-0.103055868948,-1
277.0,-0.104140075671,-1
276.55,-0.102515526934,-1
276.1,-0.100888334745,-1
276.3,-0.101612709971,-1
276.25,-0.101431747249,-1
276.0,-0.100526769874,-1
276.05,-0.100707929294,-1
277.15,-0.104692714659,-1
278.5,-0.109563723138,-1
276.95,-0.103998193515,-1
278.8,-0.110678099635,-1
279.45,-0.113009520008,-1
278.9,-0.111041368282,-1
278.25,-0.108710783843,-1
278.65,-0.110148339997,-1
278.9,-0.111045522843,-1
279.45,-0.109073489857,1
279.0,-0.110683795815,1
278.4,-0.112834333449,1
278.2,-0.113552724254,1
277.6,-0.115709446037,1
277.0,-0.117870829322,1
277.3,-0.116787796831,1
278.15,-0.113722524563,1
277.85,-0.114801079299,1
277.75,-0.115160985724,1
277.75,-0.115160985724,1
277.3,-0.11678114774,1
277.8,-0.114978046406,1
277.25,-0.116957888018,1
277.65,-0.11551514681,1
277.4,-0.116415561,1
277.45,-0.116235315867,1
277.3,-0.11677595382,1
279.35,-0.109383238349,1
279.5,-0.109920199151,-1
280.95,-0.115108034572,-1
279.7,-0.119557224819,1
279.9,-0.118842172978,1
280.0,-0.118484902524,1
280.2,-0.11777061681,1
280.3,-0.117413728872,1
280.5,-0.116700207645,1
280.45,-0.116878460765,1
283.5,-0.106003081909,1
284.65,-0.101946644519,1
284.4,-0.102824916081,1
284.5,-0.102473298641,1
285.05,-0.100540082472,1
284.75,-0.101592529411,1
284.5,-0.102470492537,1
285.0,-0.100713023292,1
286.15,-0.0966779355731,1
286.85,-0.094231666134,1
286.95,-0.0938830518757,1
287.9,-0.0905723705724,1
287.2,-0.0930037703639,1
287.7,-0.0912628232887,1
284.5,-0.102385520543,1
283.55,-0.105724712107,1
281.1,-0.114365163526,1
278.55,-0.123436668329,1
278.1,-0.125052177214,1
276.5,-0.130805503356,1
278.5,-0.1235722303,1
279.55,-0.119802032813,1
279.65,-0.119444315053,1
278.05,-0.113722877542,-1
277.45,-0.111564992269,-1
278.5,-0.115349457939,-1
277.9,-0.113195059375,-1
276.65,-0.108697038504,-1
277.2,-0.110685110075,-1
278.5,-0.115374864764,-1
277.6,-0.112143266919,-1
279.65,-0.119527993144,-1
279.15,-0.117740043921,-1
277.35,-0.111291897763,-1
278.05,-0.113815784549,-1
277.45,-0.111657899277,-1
278.6,-0.115802790248,-1
279.3,-0.118315353062,-1
284.5,-0.136933326567,-1
282.1,-0.128497474195,-1
284.05,-0.135409916591,-1
285.6,-0.140866702368,-1
284.1,-0.135614601528,-1
284.2,-0.135262612791,1
284.3,-0.134910747907,1
283.8,-0.1366694535,1
283.6,-0.137374175135,1
283.3,-0.138432003062,1
283.95,-0.136137615487,1
283.95,-0.136137615487,1
284.05,-0.135785440808,1
283.35,-0.138249795675,1
285.4,-0.131014927138,1
284.95,-0.132591661546,1
285.6,-0.130310559598,1
284.85,-0.132936610018,1
284.4,-0.134516388849,1
284.9,-0.132758301648,1
285.8,-0.129599298489,1
285.35,-0.131173826131,1
286.0,-0.128895921803,1
285.5,-0.130644173551,1
285.5,-0.130644173551,1
286.6,-0.126791283884,1
291.95,-0.108124151993,1
294.0,-0.101102401693,1
297.75,-0.0883472996522,1
301.0,-0.0774321023391,1
301.95,-0.0742759561597,1
302.9,-0.0711297398987,1
304.45,-0.0660125395025,1
303.0,-0.0707752263148,1
303.35,-0.0696201108033,1
300.8,-0.0780262423345,1
301.45,-0.0758653380792,1
298.95,-0.0841585873742,1
297.5,-0.0890088967905,1
298.6,-0.0853114177989,1
297.1,-0.0903348605317,1
297.2,-0.089998273524,1
297.7,-0.0883159047487,1
296.7,-0.0916749910772,1
297.55,-0.0888101444308,1
297.05,-0.0904905342812,1
296.2,-0.093352005414,1
296.55,-0.092170371383,1
294.7,-0.0984087797458,1
296.3,-0.092979529661,1
298.25,-0.0863983619256,1
296.65,-0.0917629889164,1
298.25,-0.0863694274803,1
296.65,-0.0917340544711,1
298.1,-0.0868461394197,1
295.0,-0.0764469445187,-1
294.75,-0.0755994868915,-1
296.0,-0.079840368995,-1
296.0,-0.079840368995,-1
296.95,-0.0830498284545,-1
295.95,-0.0796822581565,-1
297.5,-0.084919629334,-1
294.15,-0.0736591251323,-1
294.65,-0.0753589381529,-1
298.0,-0.0867283595003,-1
297.2,-0.0840437957419,-1
295.4,-0.077987268151,-1
296.0,-0.0800184123623,-1
295.5,-0.0783292231731,-1
297.0,-0.0834053653051,-1
297.4,-0.0847521666519,-1
298.05,-0.0869377752598,-1
297.0,-0.0834148764173,-1
297.5,-0.0850983781008,-1
297.1,-0.0864429159159,1
291.9,-0.103945440319,1
301.2,-0.135805666423,-1
300.65,-0.13763169564,1
303.4,-0.128484847145,1
302.7,-0.130792032379,1
302.0,-0.133104553026,1
301.05,-0.136250248391,1
300.85,-0.136914589862,1
300.75,-0.137246981419,1
300.65,-0.137579483498,1
300.65,-0.137579483498,1
300.55,-0.13791209617,1
300.1,-0.139409351203,1
296.35,-0.151905185924,1
293.45,-0.161690912261,1
293.15,-0.162713232929,1
292.6,-0.164589405537,1
293.6,-0.161171770541,1
293.1,-0.162874767816,1
293.35,-0.163727719027,-1
293.1,-0.162875494722,-1
293.15,-0.163046084964,-1
293.3,-0.163557768402,-1
293.65,-0.164751085825,-1
293.55,-0.164410544364,-1
294.45,-0.167476461584,-1
292.4,-0.160514328794,-1
291.05,-0.15589736573,-1
290.1,-0.152633321751,-1
290.05,-0.152460967391,-1
287.75,-0.144531300092,-1
288.85,-0.148354062907,-1
288.2,-0.146103759981,-1
287.9,-0.145062816192,-1
288.15,-0.145931173261,-1
286.9,-0.141593154868,-1
288.15,-0.145950073655,-1
289.35,-0.150114571312,-1
287.45,-0.143548129287,-1
293.4,-0.164247381331,-1
295.95,-0.172938587875,-1
293.85,-0.165842794666,-1
294.45,-0.167884652757,-1
295.2,-0.17043177451,-1
295.0,-0.169754267735,-1
293.3,-0.16399155587,-1
292.8,-0.162286816695,-1
292.9,-0.16262834675,-1
292.7,-0.163311173653,1
294.05,-0.1586989427,1
296.25,-0.151217221904,1
297.95,-0.14547882528,1
301.2,-0.134570954832,1
300.95,-0.135400968112,1
300.05,-0.1383914981,1
299.95,-0.138724775887,1
299.85,-0.139058164785,1
297.9,-0.145561416411,1
297.2,-0.147911198217,1
296.8,-0.149257093237,1
297.65,-0.146393211836,1
297.45,-0.147065141955,1
297.7,-0.146224664564,1
296.15,-0.151431248373,1
296.45,-0.150418248204,1
300.7,-0.136081935167,1
297.4,-0.14705632825,1
297.75,-0.145879462076,1
296.1,-0.151421023789,1
295.25,-0.154291675596,1
295.0,-0.155138415646,1
294.7,-0.156155364799,1
294.05,-0.158360997646,1
294.15,-0.158020919428,1
294.25,-0.157680956824,1
296.5,-0.165327515872,-1
294.6,-0.158919421437,-1
293.3,-0.154506658369,-1
293.7,-0.155870449709,-1
293.35,-0.154678757506,-1
292.95,-0.153315198617,-1
295.3,-0.161337045349,-1
295.5,-0.162014322694,-1
295.8,-0.16302955112,-1
296.25,-0.164550849294,-1
297.0,-0.167082494864,-1
296.1,-0.164052191834,-1
299.9,-0.176885694029,-1
298.75,-0.173051082492,-1
299.1,-0.174222630609,-1
299.15,-0.17438979878,-1
300.0,-0.171548414859,1
300.45,-0.170048414859,1
299.3,-0.173876006804,1
298.1,-0.177885361966,1
298.45,-0.176711259316,1
298.0,-0.178219049566,1
298.2,-0.177547908626,1
297.75,-0.179056962952,1
299.95,-0.171668214002,1
301.0,-0.168167630571,1
302.0,-0.164845371435,1
303.05,-0.161368550243,1
302.95,-0.161698528794,1
302.6,-0.162853834951,1
302.6,-0.162853834951,1
302.2,-0.164175712016,1
301.9,-0.165168432069,1
300.3,-0.170468200204,1
300.75,-0.168969698706,1
301.45,-0.166642184159,1
300.8,-0.168798428975,1
300.85,-0.168632205571,1
298.85,-0.175280036716,1
297.5,-0.179797353096,1
296.3,-0.183830966541,1
296.55,-0.182987227088,1
295.7,-0.185853522822,1
295.4,-0.184838981057,-1
296.2,-0.187547173338,-1
296.15,-0.187378368477,-1
294.5,-0.181806867548,-1
293.6,-0.178750840383,-1
293.5,-0.178410240928,-1
293.3,-0.177728809923,-1
293.35,-0.177899283841,-1
293.4,-0.178069728702,-1
293.5,-0.178410560331,-1
292.5,-0.175003405306,-1
291.7,-0.17226836257,-1
292.2,-0.173982452389,-1
292.25,-0.174153568063,-1
292.25,-0.174153568063,-1
291.9,-0.172955963273,-1
290.75,-0.169016257894,-1
290.0,-0.16643672221,-1
288.5,-0.161264308417,-1
290.0,-0.166463615176,-1
290.2,-0.167153270349,-1
290.25,-0.167325565318,-1
292.75,-0.175938829745,-1
291.9,-0.173035328464,-1
291.75,-0.17252145385,-1
291.0,-0.169950759762,-1
289.9,-0.166170691034,-1
289.35,-0.164273485101,-1
289.75,-0.165655893948,-1
289.5,-0.164793081178,-1
289.7,-0.165483927465,-1
291.2,-0.170661697572,-1
290.2,-0.167227631638,-1
289.35,-0.164298617165,-1
289.95,-0.166372230436,-1
289.35,-0.164302908139,-1
289.7,-0.165512515881,-1
289.6,-0.165167331207,-1
289.25,-0.163958767671,-1
288.6,-0.16171157666,-1
288.2,-0.160325575274,-1
287.5,-0.157896706433,-1
287.05,-0.156331489041,-1
284.9,-0.148841504718,-1
286.15,-0.153229009106,-1
286.2,-0.153403742637,-1
284.25,-0.146590325446,-1
283.65,-0.144479507504,-1
284.0,-0.14571342254,-1
283.6,-0.144304971836,-1
283.75,-0.1448338858,-1
283.85,-0.145186308707,-1
283.8,-0.145010159332,-1
284.3,-0.14677196342,-1
283.8,-0.145013257827,-1
284.0,-0.145717979462,-1
284.2,-0.146422204814,-1
284.5,-0.147477799466,-1
282.1,-0.139041947093,-1
280.7,-0.134079167937,-1
280.6,-0.13372291571,-1
280.55,-0.133544726117,-1
281.1,-0.135505160977,-1
280.5,-0.133370689258,-1
281.25,-0.13604448605,-1
280.7,-0.134088930494,-1
280.8,-0.134445182721,-1
281.1,-0.135513558789,-1
284.3,-0.146897407953,-1
284.2,-0.146545666835,-1
285.9,-0.152527369861,-1
284.85,-0.148854757059,-1
284.75,-0.148503695097,-1
284.5,-0.147625731971,-1
286.7,-0.155358596646,-1
287.45,-0.157974571533,-1
287.1,-0.159192174594,1
287.4,-0.158147242515,1
286.9,-0.159886978075,1
286.8,-0.160235531578,1
287.55,-0.157620468816,1
287.75,-0.156924937604,1
287.25,-0.158662557066,1
289.3,-0.151525916509,1
289.25,-0.15169874748,1
291.5,-0.143920009364,1
292.35,-0.141004057392,1
292.95,-0.138951722861,1
294.3,-0.13434342793,1
293.9,-0.135702585253,1
293.15,-0.13825447365,1
292.4,-0.140812890843,1
291.7,-0.143206871691,1
293.1,-0.1384074202,1
290.25,-0.148131064007,1
294.5,-0.133488514481,1
296.95,-0.125169329421,1
296.2,-0.127695007145,1
296.1,-0.128032616868,1
297.3,-0.123979931964,1
296.5,-0.126670816593,1
296.45,-0.126839450657,1
296.5,-0.12667078815,1
297.25,-0.124141277189,1
296.45,-0.126832614447,1
294.8,-0.132398477156,1
294.2,-0.134433755311,1
294.9,-0.132054421524,1
294.0,-0.135106303518,1
291.7,-0.14292943277,1
292.7,-0.139501253133,1
293.25,-0.137622196078,1
293.2,-0.137792699062,1
292.3,-0.140862276143,1
292.85,-0.138980647679,1
292.5,-0.14017579878,1
292.6,-0.140517679122,-1
291.45,-0.136587398876,-1
290.35,-0.132813166589,-1
290.45,-0.133157578505,-1
292.55,-0.140387738602,-1
293.05,-0.142096848156,-1
295.0,-0.148751002737,-1
295.5,-0.150445917991,-1
295.3,-0.14976909904,-1
295.85,-0.151631611739,-1
295.25,-0.149603556982,-1
295.9,-0.151805081114,-1
296.5,-0.153832793179,-1
296.3,-0.153158256922,-1
296.5,-0.153833248485,-1
298.8,-0.146076081537,1
298.05,-0.148586121698,1
297.1,-0.151773506365,1
296.35,-0.154297908923,1
296.35,-0.154297908923,1
296.85,-0.152610714727,1
296.75,-0.1529475852,1
297.2,-0.151431157231,1
299.7,-0.143019313354,1
298.6,-0.146689650358,1
298.15,-0.148196683178,1
297.1,-0.151718400434,1
297.05,-0.151886693938,1
298.05,-0.148520257311,1
297.4,-0.150701099452,1
298.5,-0.147002377192,1
298.1,-0.148342410693,1
298.05,-0.148510139643,1
298.7,-0.146329297503,1
298.45,-0.147166257663,1
297.8,-0.149344176913,1
299.0,-0.145314626879,1
298.9,-0.14564907504,1
300.7,-0.139626994076,1
299.8,-0.142620010371,1
300.2,-0.141285787556,1
299.0,-0.145283122666,1
300.15,-0.14143696882,1
299.1,-0.144935219695,1
298.5,-0.146941237749,1
298.0,-0.148616279625,1
296.25,-0.154488762846,1
295.9,-0.155670197445,1
295.6,-0.156684053478,1
296.0,-0.155330873505,1
295.85,-0.154824116748,-1
295.6,-0.153979093933,-1
295.15,-0.152456766463,-1
293.75,-0.147713415624,-1
289.6,-0.13358575605,-1
289.0,-0.131513932846,-1
290.75,-0.137569296167,-1
290.65,-0.137225358076,-1
290.6,-0.137053329864,-1
290.0,-0.134988636127,-1
290.1,-0.135333463713,-1
290.1,-0.135333463713,-1
290.0,-0.134988754992,-1
289.1,-0.131885306716,-1
287.75,-0.12721564224,-1
288.4,-0.12947454754,-1
288.5,-0.129821288178,-1
291.1,-0.138833419893,-1
291.55,-0.140379280422,-1
293.3,-0.146381681383,-1
291.45,-0.140074146436,-1
291.0,-0.138530142318,-1
291.1,-0.13887378493,-1
291.7,-0.140934932302,-1
291.0,-0.138535206556,-1
290.25,-0.135957886969,-1
290.25,-0.135957886969,-1
290.15,-0.135613356392,-1
290.2,-0.135785681051,-1
290.7,-0.137508630741,-1
291.2,-0.139228616981,-1
290.5,-0.136824770827,-1
291.4,-0.13992287754,-1
290.6,-0.142668244733,1
291.25,-0.140431493184,1
291.05,-0.141118188463,1
291.25,-0.14043102131,1
291.3,-0.14025934749,1
291.45,-0.139744414431,1
291.25,-0.140430638484,1
290.85,-0.141804029041,1
291.0,-0.141288299284,1
292.75,-0.135274553579,1
292.9,-0.134762171,1
293.3,-0.133396517194,1
293.35,-0.133226043276,1
293.9,-0.131351149804,1
294.9,-0.127948631941,1
295.05,-0.127439984942,1
294.4,-0.12964300138,1
294.15,-0.130492186162,1
294.05,-0.130832148767,1
294.25,-0.130151992331,1
296.15,-0.123694898023,1
294.2,-0.13027939912,1
293.65,-0.132148875667,1
294.95,-0.127721836675,1
294.75,-0.128399917706,1
293.55,-0.132471164525,1
293.85,-0.131449192118,1
293.4,-0.132980585686,1
293.35,-0.133151001501,1
293.45,-0.132810111779,1
293.5,-0.132639725001,1
294.3,-0.12991400098,1
293.6,-0.132292526295,1
294.25,-0.130078629837,1
292.35,-0.136535724145,1
293.1,-0.133970305981,1
293.5,-0.132605584043,1
292.45,-0.13618309682,1
290.8,-0.130541106737,-1
291.6,-0.133292138373,-1
291.75,-0.133806541666,-1
290.8,-0.130550329155,-1
291.1,-0.131581966019,-1
291.5,-0.132956064267,-1
290.7,-0.130211638881,-1
291.05,-0.131415629249,-1
291.9,-0.134336089651,-1
290.75,-0.130396384272,-1
292.2,-0.135383486594,-1
291.35,-0.132474520133,-1
291.25,-0.13213129034,-1
291.1,-0.131616268881,-1
291.1,-0.131616268881,-1
290.35,-0.129039834666,-1
290.55,-0.129728658499,-1
290.2,-0.128524046556,-1
289.55,-0.12628421196,-1
290.35,-0.12904711992,-1
287.1,-0.117853732629,-1
289.15,-0.124994101838,-1
287.7,-0.119979403585,-1
286.0,-0.114070470669,-1
285.95,-0.113895645494,-1
285.65,-0.11284651103,-1
285.55,-0.112496432262,-1
285.5,-0.112321331579,-1
285.3,-0.111620806185,-1
285.65,-0.112847585014,-1
285.8,-0.113372703166,-1
285.9,-0.113722598197,-1
285.95,-0.113897484521,-1
286.1,-0.114422051753,-1
286.1,-0.114422051753,-1
287.1,-0.117917333123,-1
287.35,-0.118788109856,-1
286.5,-0.115830044779,-1
286.3,-0.1151319645,-1
285.2,-0.111289840853,-1
285.3,-0.111640471989,-1
284.95,-0.11041369316,-1
283.3,-0.1046232036,-1
283.7,-0.106035134416,-1
283.3,-0.104625194338,-1
284.75,-0.109743443544,-1
281.2,-0.0972763671611,-1
282.05,-0.100299126763,-1
281.9,-0.0997673061637,-1
281.8,-0.0994125704418,-1
281.15,-0.097105970016,-1
280.25,-0.0939048318335,-1
279.75,-0.0921207105132,-1
278.9,-0.0890822833461,-1
278.3,-0.0869309746333,-1
278.4,-0.0872902991033,-1
279.05,-0.0896250692183,-1
278.45,-0.0874749169158,-1
278.45,-0.0874749169158,-1
278.75,-0.0885523096254,-1
278.55,-0.0878348208362,-1
278.4,-0.0872963178744,-1
278.4,-0.0872963178744,-1
278.5,-0.0876555132767,-1
278.6,-0.088014579704,-1
278.5,-0.0876556421592,-1
278.7,-0.0883737750137,-1
278.8,-0.0887325837687,-1
278.9,-0.0890912638261,-1
278.15,-0.0864021279351,-1
281.7,-0.0991650256521,-1
283.0,-0.103779864133,-1
284.95,-0.110670323497,-1
285.25,-0.11172313978,-1
284.9,-0.110496145915,-1
284.95,-0.11032064574,1
284.9,-0.11049611512,1
285.5,-0.108390113014,1
284.35,-0.11241813403,1
284.8,-0.110835577322,1
284.95,-0.110308891929,1
285.0,-0.110133422548,1
284.75,-0.11101061553,1
284.6,-0.111537393406,1
285.5,-0.108375060307,1
284.9,-0.110476636489,1
283.7,-0.114688640701,1
283.2,-0.116451065798,1
282.95,-0.117333834159,1
279.65,-0.128996672117,1
274.5,-0.147412549106,1
275.95,-0.142130217594,1
275.25,-0.144666909023,1
270.25,-0.162832213292,1
270.5,-0.163757282672,-1
271.45,-0.16726929746,-1
273.55,-0.17500552881,-1
273.5,-0.174822746869,-1
274.3,-0.177747792573,-1
276.2,-0.184674515139,-1
275.85,-0.183407317456,-1
273.75,-0.175794484395,-1
275.45,-0.182004530057,-1
274.65,-0.179100191702,-1
276.55,-0.186018087205,-1
277.5,-0.189453270716,-1
279.1,-0.195219036482,-1
275.65,-0.182857875608,-1
279.0,-0.195010968298,-1
280.1,-0.198953620627,-1
279.65,-0.197347051545,-1
280.85,-0.201638129678,-1
280.3,-0.199679788927,-1
280.85,-0.201641972302,-1
282.0,-0.205736684782,-1
281.55,-0.207332429463,1
281.75,-0.206622076062,1
282.85,-0.202717905698,1
283.6,-0.200066323588,1
283.4,-0.200771542205,1
281.8,-0.206417272622,1
283.5,-0.200384625354,1
282.9,-0.202501027471,1
283.2,-0.201440582084,1
282.95,-0.202323350445,1
283.0,-0.202146640779,1
283.0,-0.202146640779,1
283.0,-0.202146640779,1
283.0,-0.202146640779,1
282.9,-0.20249999767,1
282.5,-0.203913924852,1
282.5,-0.203913924852,1
283.0,-0.202144013348,1
285.1,-0.194723518648,1
284.5,-0.196828043376,1
285.3,-0.194016092586,1
285.25,-0.194191346704,1
284.05,-0.198398182813,1
284.85,-0.19558177725,1
284.65,-0.196283901175,1
284.3,-0.197513481361,1
284.85,-0.195578905209,1
285.1,-0.194701250303,1
285.95,-0.191719840272,1
286.3,-0.190495850064,1
287.45,-0.186479084433,1
287.55,-0.186131197844,1
288.1,-0.184218487011,1
288.55,-0.182656529358,1
287.85,-0.185082452075,1
288.5,-0.182824331526,1
287.8,-0.18525067468,1
287.75,-0.185424406438,1
287.35,-0.186814502007,1
285.7,-0.192556628334,1
284.95,-0.195181759591,1
285.6,-0.192900657643,1
286.25,-0.190624747279,1
285.1,-0.194642214528,1
282.9,-0.202358805198,1
282.6,-0.203419250585,1
282.6,-0.203419250585,1
282.0,-0.205542392835,1
281.1,-0.202350903474,-1
281.2,-0.20270664876,-1
281.05,-0.202173220595,-1
279.9,-0.198081421983,-1
279.45,-0.196473704941,-1
279.5,-0.196652627825,-1
279.0,-0.194863719059,-1
279.0,-0.194863719059,-1
279.95,-0.198268736981,-1
279.5,-0.196661307082,-1
279.95,-0.198271324971,-1
281.45,-0.203629424632,-1
281.0,-0.202030561601,-1
281.25,-0.202920241317,-1
281.1,-0.202386907983,-1
280.35,-0.199718818335,-1
279.1,-0.195260106012,-1
279.05,-0.195080958753,-1
277.7,-0.190243116072,-1
277.9,-0.190963317728,-1
278.25,-0.192222763572,-1
278.15,-0.191863374534,-1
277.95,-0.191144338043,-1
278.6,-0.193482888142,-1
276.7,-0.186663074789,-1
276.75,-0.186843775909,-1
276.65,-0.186482438963,-1
276.55,-0.186120971404,-1
276.85,-0.187205766197,-1
276.6,-0.186302750124,-1
277.85,-0.190821911367,-1
278.0,-0.191361771004,-1
277.9,-0.191002058774,-1
277.75,-0.190462296269,-1
276.9,-0.187401990239,-1
277.3,-0.188846555063,-1
276.75,-0.186863143596,-1
276.1,-0.184514453442,-1
275.05,-0.180711483504,-1
274.45,-0.178530061944,-1
274.15,-0.177436966662,-1
273.85,-0.176342675216,-1
274.0,-0.176890420332,-1
274.7,-0.179445164858,-1
275.3,-0.181629365804,-1
277.1,-0.188167687635,-1
277.45,-0.189430769555,-1
280.6,-0.200784166563,-1
279.4,-0.196507616314,-1
279.5,-0.196865526121,-1
277.2,-0.188636545799,-1
277.0,-0.187915045077,-1
276.5,-0.186109990925,-1
277.2,-0.183578345356,1
278.6,-0.178527840305,1
278.25,-0.179784121712,1
276.45,-0.186253124408,1
276.0,-0.1878809052,1
279.25,-0.176105542881,1
280.4,-0.171987369202,1
281.2,-0.169134302154,1
281.9,-0.166644970718,1
282.75,-0.163629717082,1
282.15,-0.165751732997,1
282.1,-0.1659289437,1
283.25,-0.161852375108,1
281.25,-0.168913275372,1
281.25,-0.168913275372,1
283.15,-0.162157719817,1
283.75,-0.160038701629,1
285.5,-0.153871300748,1
284.0,-0.159125241203,1
285.4,-0.154195663738,1
286.1,-0.15174296577,1
288.8,-0.142305706071,1
286.5,-0.150269694991,1
287.6,-0.146430253455,1
287.15,-0.147994926612,1
287.2,-0.14782080159,1
287.35,-0.147298517468,1
286.7,-0.149560567233,1
287.2,-0.147816583975,1
287.0,-0.148512962805,1
287.95,-0.145202858276,1
285.65,-0.153190356105,1
285.2,-0.15476571056,1
286.5,-0.150207505791,1
285.25,-0.154570507536,1
284.3,-0.157900919456,1
283.95,-0.159132013371,1
283.8,-0.159660275389,1
284.15,-0.158427012527,1
284.95,-0.155611598134,1
285.0,-0.155436128753,1
283.85,-0.159471216472,1
284.2,-0.15823817085,1
284.55,-0.157006643756,1
284.0,-0.155073767284,-1
285.35,-0.159827288411,-1
285.45,-0.160177735231,-1
285.85,-0.16157903143,-1
284.8,-0.157905776226,-1
285.3,-0.159661394204,-1
285.05,-0.158785123611,-1
284.9,-0.158258900142,-1
284.65,-0.157381399264,-1
285.0,-0.15861097945,-1
283.95,-0.154926768924,-1
285.1,-0.158976777728,-1
284.85,-0.158099892425,-1
285.05,-0.15880201635,-1
284.9,-0.15827579288,-1
284.5,-0.156871791476,-1
284.7,-0.157574779174,-1
284.9,-0.158277273027,-1
285.3,-0.156873271623,1
284.85,-0.158450558689,1
284.65,-0.159152682614,1
283.4,-0.163544040422,1
283.2,-0.164249756724,1
283.45,-0.165132525086,-1
281.75,-0.159134994657,-1
282.1,-0.160377230682,-1
281.6,-0.158604809555,-1
282.1,-0.160380377737,-1
282.9,-0.16321625154,-1
281.75,-0.15915121089,-1
283.0,-0.163587768121,-1
282.5,-0.161820983669,-1
282.25,-0.160936027917,-1
285.0,-0.170679163435,-1
285.15,-0.171205479224,-1
284.4,-0.16857528459,-1
281.2,-0.157323526503,-1
281.35,-0.157856954668,-1
281.9,-0.159811815162,-1
281.15,-0.157151297248,-1
281.65,-0.158929707349,-1
281.4,-0.158042080862,-1
281.15,-0.157153665795,-1
281.0,-0.156620142764,-1
281.05,-0.156798078708,-1
279.8,-0.15235047152,-1
280.9,-0.156281851077,-1
280.4,-0.154501858197,-1
275.5,-0.137026822534,-1
276.0,-0.138841704566,-1
275.8,-0.138117066885,-1
276.05,-0.139023520837,-1
276.9,-0.142102673165,-1
276.35,-0.140116396531,-1
277.5,-0.144277786073,-1
278.0,-0.146079587875,-1
278.15,-0.14661915622,-1
278.05,-0.146259637974,-1
278.05,-0.146259637974,-1
278.05,-0.146259637974,-1
281.0,-0.156869240564,-1
277.2,-0.143346108891,-1
279.3,-0.150921866467,-1
279.55,-0.151816961347,-1
278.5,-0.14806092486,-1
282.7,-0.163141714806,-1
283.75,-0.166855899454,-1
282.55,-0.162626824564,-1
283.0,-0.164219463035,-1
283.45,-0.162629357028,1
283.2,-0.163511346797,1
283.05,-0.164041007814,1
282.35,-0.166514069111,1
276.1,-0.188649716357,1
275.75,-0.189917373003,1
276.35,-0.18774148905,1
276.2,-0.188284278991,1
276.0,-0.189008391952,1
277.1,-0.185022884706,1
276.0,-0.18899257074,1
275.8,-0.189717208421,1
276.0,-0.188992045259,1
276.1,-0.1893543641,-1
275.5,-0.187181238421,-1
276.05,-0.189177608657,-1
275.55,-0.187366342582,-1
273.1,-0.178475034289,-1
271.65,-0.173165623817,-1
271.35,-0.172061261586,-1
270.85,-0.170218622927,-1
270.6,-0.169295602806,-1
271.0,-0.170773799406,-1
271.0,-0.170773799406,-1
271.35,-0.172065312321,-1
271.2,-0.171512520723,-1
271.0,-0.170775057596,-1
270.8,-0.170037050216,-1
267.1,-0.156373830128,-1
268.35,-0.161053725298,-1
268.3,-0.160867401467,-1
267.1,-0.156394796175,-1
265.5,-0.150404530357,-1
266.5,-0.154171008699,-1
266.55,-0.15435862596,-1
266.5,-0.154171043893,-1
266.55,-0.154358661154,-1
266.6,-0.154546243221,-1
266.55,-0.154358696334,-1
266.5,-0.154171114267,-1
266.05,-0.15248255892,-1
263.7,-0.143649632778,-1
268.65,-0.162420963836,-1
265.65,-0.151254017996,-1
263.95,-0.144854620292,-1
262.75,-0.140308304702,-1
263.8,-0.144304498803,-1
264.15,-0.145631261502,-1
263.85,-0.14449554316,-1
263.9,-0.144685044771,-1
263.1,-0.141653593464,-1
262.1,-0.13785275728,-1
263.05,-0.141477328054,-1
261.2,-0.134444444572,-1
264.9,-0.148609835077,-1
263.0,-0.141437317146,-1
262.95,-0.141247203078,-1
262.85,-0.14086690264,-1
262.15,-0.138203786795,-1
260.15,-0.130574566882,-1
260.2,-0.130766763692,-1
259.7,-0.128845164922,-1
260.0,-0.130000343975,-1
259.8,-0.129231113205,-1
258.9,-0.125766909972,-1
260.0,-0.130015654661,-1
259.05,-0.126361808507,-1
259.4,-0.12771289903,-1
256.8,-0.11768976873,-1
259.55,-0.128398491471,-1
259.2,-0.127050003704,-1
260.0,-0.130136423457,-1
260.0,-0.130136423457,-1
259.95,-0.129944115765,-1
260.05,-0.130328805128,-1
260.2,-0.130905617279,-1
260.2,-0.130905617279,-1
260.2,-0.130905617279,-1
260.5,-0.132058576542,-1
245.8,-0.0756286341231,-1
251.05,-0.0969874624388,-1
247.3,-0.0820501989455,-1
246.55,-0.0790174452051,-1
247.55,-0.0830734176244,-1
247.3,-0.0820635206339,-1
246.75,-0.0798395012243,-1
249.15,-0.0895659449933,-1
251.05,-0.097191873149,-1
254.95,-0.112726627182,-1
256.15,-0.117433432438,-1
260.65,-0.135001263787,-1
264.8,-0.150922997913,-1
267.0,-0.159231155013,-1
267.15,-0.159792952766,-1
269.7,-0.169338152092,-1
268.05,-0.175456060879,1
268.75,-0.172844607792,1
269.1,-0.171542282211,1
269.15,-0.171356477677,1
268.35,-0.174328797945,1
268.45,-0.173956150283,1
268.55,-0.173583641436,1
268.65,-0.1732112713,1
267.0,-0.179353091512,1
254.25,-0.227105900501,1
252.05,-0.235758801189,1
250.45,-0.242106748025,1
251.9,-0.236317169267,1
252.85,-0.232545831435,1
253.1,-0.231557102939,1
250.8,-0.240644420205,1
251.45,-0.238052713666,1
250.8,-0.240637720626,1
251.25,-0.238843462253,1
250.6,-0.236256397576,-1
250.25,-0.234859749531,-1
246.95,-0.221672936345,-1
237.05,-0.181583849485,-1
237.05,-0.181583849485,-1
238.85,-0.189177184224,-1
238.8,-0.188967847821,-1
238.3,-0.186874045476,-1
238.5,-0.187713323696,-1
239.5,-0.191906195814,-1
239.0,-0.189818513142,-1
239.0,-0.189818513142,-1
239.5,-0.191910563351,-1
239.5,-0.191910563351,-1
239.6,-0.192328099885,-1
244.4,-0.212361488867,-1
244.6,-0.213179819472,-1
245.65,-0.217472542285,-1
245.0,-0.21482650117,-1
245.65,-0.217479562394,-1
247.35,-0.224399977619,-1
247.1,-0.223389264055,-1
248.8,-0.230269069802,-1
249.15,-0.231675822214,-1
248.4,-0.228665587415,-1
249.1,-0.231483622842,-1
249.4,-0.23268795845,-1
249.9,-0.230683146903,1
249.7,-0.231483467031,1
249.6,-0.231883947607,1
249.0,-0.234287793761,1
250.05,-0.230070926291,1
250.0,-0.230270886299,1
250.5,-0.228270886299,1
251.15,-0.22567607592,1
251.7,-0.223486149581,1
251.95,-0.222492903653,1
250.0,-0.230232534533,1
250.1,-0.229832534533,1
249.05,-0.234030855204,1
248.9,-0.234633143901,1
248.3,-0.237043750571,1
248.15,-0.237647858505,1
249.95,-0.230394181293,1
249.0,-0.234194941445,1
248.65,-0.235600563935,1
249.15,-0.233589705299,1
249.7,-0.23138219978,1
250.05,-0.229980517762,1
250.05,-0.229980517762,1
250.0,-0.230180477769,1
250.1,-0.229780477769,1
250.8,-0.226981597322,1
250.05,-0.229972027944,1
249.8,-0.230971827984,1
249.7,-0.230571507727,-1
250.0,-0.231772949458,-1
252.0,-0.239772949458,-1
252.2,-0.238979298664,1
252.4,-0.238186277252,1
252.4,-0.238186277252,1
251.0,-0.243733028441,1
249.8,-0.248513904935,1
250.05,-0.247513104294,1
250.0,-0.247713064302,1
249.2,-0.250913064302,1
247.0,-0.259741314704,1
249.15,-0.251036861262,1
249.5,-0.249632085023,1
249.45,-0.249832485825,1
249.5,-0.249632044855,1
250.8,-0.244421624013,1
250.7,-0.244820348096,1
250.45,-0.245817555914,1
251.1,-0.243222227505,1
249.85,-0.248200323881,1
250.15,-0.249401044313,-1
251.55,-0.254997686328,-1
253.45,-0.262550856672,-1
253.95,-0.260578080977,1
253.45,-0.262546972491,1
254.3,-0.259193253809,1
254.5,-0.258406781138,1
254.45,-0.258603244793,1
255.05,-0.256245217675,1
254.95,-0.25663729766,1
254.75,-0.257421765202,1
255.1,-0.256047869226,1
254.4,-0.258791891178,1
255.2,-0.25564723709,1
252.55,-0.266031249629,1
253.2,-0.263457501856,1
253.2,-0.263457501856,1
253.05,-0.264049918918,1
255.1,-0.255948753141,1
255.1,-0.255948753141,1
255.15,-0.255752751573,1
255.0,-0.256340641049,1
254.3,-0.259085739089,1
254.2,-0.259478975424,1
253.5,-0.262232712638,1
250.95,-0.272291884236,1
250.8,-0.272889612867,1
252.95,-0.264317045084,1
253.2,-0.263328707468,1
251.95,-0.268265516315,1
252.95,-0.272234557791,-1
253.2,-0.273222895407,-1
252.6,-0.270853227161,-1
252.3,-0.269665578705,-1
251.5,-0.266494750326,-1
253.25,-0.273453000823,-1
254.55,-0.278586268345,-1
254.55,-0.278586268345,-1
254.75,-0.279371968601,-1
253.55,-0.27466146811,-1
251.45,-0.266379078049,-1
249.75,-0.259618290616,-1
249.0,-0.256615287613,-1
249.3,-0.25782010689,-1
249.6,-0.259023476324,-1
249.85,-0.260025078888,-1
249.5,-0.258624238384,-1
249.1,-0.257021031971,-1
249.5,-0.258626812782,-1
249.65,-0.259228015187,-1
249.45,-0.258426893617,-1
250.1,-0.261032626229,-1
247.95,-0.252436064853,-1
247.55,-0.25082283638,-1
249.85,-0.260113888692,-1
248.85,-0.256111487251,-1
248.7,-0.255508714497,-1
247.75,-0.251688851208,-1
248.35,-0.254110647373,-1
248.25,-0.253707989833,-1
250.0,-0.260757335251,-1
250.05,-0.260957335251,-1
248.05,-0.252958934931,-1
248.05,-0.252958934931,-1
247.35,-0.25013692324,-1
247.0,-0.248721924251,-1
246.75,-0.247709778502,-1
247.0,-0.248722949728,-1
249.5,-0.258844407218,-1
250.0,-0.260848415234,-1
250.0,-0.260848415234,-1
250.0,-0.260848415234,-1
250.7,-0.263648415234,-1
251.3,-0.266041713997,-1
250.0,-0.260868614117,-1
250.05,-0.260668614117,1
251.25,-0.255869573925,1
253.2,-0.248108379895,1
259.0,-0.225201586846,1
258.2,-0.228290389935,1
258.2,-0.228290389935,1
257.6,-0.23061416995,1
257.15,-0.23236106436,1
257.6,-0.23061111297,1
257.65,-0.230417013591,1
257.45,-0.231193260437,1
257.1,-0.232552747717,1
256.4,-0.235275423718,1
255.25,-0.239760603125,1
252.95,-0.248771376876,1
252.35,-0.251143387155,1
252.6,-0.250152699618,1
253.1,-0.248173285525,1
254.95,-0.240863921637,1
254.3,-0.24341344115,1
252.95,-0.248722131673,1
254.0,-0.244571113686,1
254.65,-0.242012058568,1
254.0,-0.244564581638,1
254.0,-0.244564581638,1
253.35,-0.247123636757,1
255.6,-0.238242642085,1
254.85,-0.241176914386,1
255.1,-0.240195945188,1
255.9,-0.243331970276,-1
255.4,-0.241378082039,-1
254.4,-0.237462655257,-1
255.0,-0.239821145823,-1
255.0,-0.239821145823,-1
254.45,-0.237664283078,-1
254.6,-0.238253789857,-1
255.0,-0.239824881766,-1
254.7,-0.238648411178,-1
254.2,-0.236685317342,-1
253.8,-0.235111753219,-1
254.85,-0.239248869059,-1
253.75,-0.243565133528,1
254.1,-0.242185823183,1
253.95,-0.242776141955,1
254.25,-0.241594807047,1
253.9,-0.242971404884,1
254.3,-0.241395981489,1
254.45,-0.240806126986,1
254.8,-0.242181642804,-1
255.3,-0.240219319414,1
255.0,-0.241394407545,1
255.0,-0.241394407545,-1
254.1,-0.237864995781,-1
254.7,-0.240226270869,-1
255.0,-0.241404127171,-1
256.1,-0.245717852661,-1
255.55,-0.243570254066,-1
255.65,-0.243178941212,1
255.6,-0.243374521106,1
255.75,-0.242787666646,1
255.7,-0.242983170067,1
255.8,-0.242592086767,1
255.65,-0.243178482388,1
255.9,-0.242200582916,1
256.4,-0.240246694679,1
256.9,-0.238296616676,1
257.35,-0.236544962335,1
257.4,-0.236350674401,1
257.2,-0.237127675178,1
257.2,-0.237127675178,1
257.1,-0.237516477666,1
257.45,-0.236155139665,1
257.05,-0.237708839413,1
256.25,-0.240821074387,1
256.85,-0.238479610972,1
254.0,-0.249575581383,1
257.0,-0.237764557761,1
255.95,-0.241850160873,1
254.3,-0.248296732469,1
253.8,-0.250262914145,1
253.45,-0.251641952758,1
252.65,-0.25479839387,1
252.35,-0.253610980453,-1
251.75,-0.251233330363,-1
251.5,-0.250240281704,-1
251.95,-0.252029546118,-1
252.6,-0.254609423077,-1
252.85,-0.255599130124,-1
254.0,-0.260147281202,-1
252.0,-0.252273265454,-1
250.0,-0.244336757517,-1
250.1,-0.244736757517,-1
250.25,-0.245336517613,-1
250.15,-0.244936917214,-1
250.3,-0.245536557429,-1
250.9,-0.247933680881,-1
251.0,-0.248332246047,-1
250.1,-0.244746588676,-1
250.05,-0.244546668644,-1
250.5,-0.246346308716,-1
250.35,-0.245747506321,-1
250.25,-0.245348065538,-1
249.15,-0.240952461142,-1
250.0,-0.244364060581,-1
250.05,-0.244564060581,-1
250.05,-0.244564060581,-1
250.05,-0.244564060581,-1
252.35,-0.253762220948,-1
253.0,-0.256338008545,-1
250.8,-0.247642356371,-1
251.4,-0.250034700869,-1
251.55,-0.25063135958,-1
250.95,-0.248246147892,-1
251.6,-0.250836305294,-1
251.65,-0.251035033434,-1
252.0,-0.252425854018,-1
254.95,-0.264132203225,-1
254.6,-0.265505021424,1
254.9,-0.264326702493,1
254.9,-0.264326702493,1
254.55,-0.265699789978,1
255.0,-0.263931964403,1
255.0,-0.263931964403,1
254.95,-0.264128042835,1
254.75,-0.264912510377,1
253.0,-0.27178199026,1
253.7,-0.269015191841,1
252.5,-0.273745187899,1
252.35,-0.274339247305,1
252.45,-0.27394297229,1
253.0,-0.271764323053,1
252.7,-0.272950093804,1
252.6,-0.273345819961,1
253.2,-0.270970523049,1
253.55,-0.269588216572,1
253.55,-0.269588216572,1
253.65,-0.269193817045,1
253.9,-0.268208206953,1
253.1,-0.271359053743,1
250.95,-0.279853719883,1
250.0,-0.283639334547,1
250.0,-0.283639334547,-1
250.05,-0.283839334547,-1
250.15,-0.284239254563,-1
250.0,-0.283639614347,-1
250.0,-0.283639614347,-1
250.25,-0.284639614347,-1
251.2,-0.288435818143,-1
252.3,-0.292814799035,-1
252.0,-0.291625738393,-1
251.15,-0.28825272252,-1
250.25,-0.284669206693,-1
249.35,-0.281072803096,-1
249.25,-0.280671760385,-1
250.0,-0.283680787466,-1
249.1,-0.280080787466,-1
249.65,-0.282288736081,-1
249.55,-0.281888175296,-1
249.7,-0.282489257244,-1
250.05,-0.283890939262,-1
250.0,-0.283690979254,-1
250.0,-0.283690979254,-1
250.05,-0.283890979254,-1
250.0,-0.283691019246,-1
249.6,-0.282091019246,-1
250.2,-0.2844948654,-1
251.0,-0.287692307446,-1
252.85,-0.295062825375,-1
251.7,-0.290514674297,-1
251.05,-0.293097113709,1
250.7,-0.294491258302,1
251.15,-0.292696284229,1
251.15,-0.292696284229,1
250.95,-0.29349262108,1
251.0,-0.293293378202,1
251.2,-0.292496565453,1
250.55,-0.295084145071,1
250.05,-0.29707975473,1
251.0,-0.293280514578,1
251.15,-0.292682905016,1
251.0,-0.293280157654,1
250.75,-0.29427617359,1
251.0,-0.293279164617,1
251.0,-0.293279164617,1
250.2,-0.296466415613,1
250.9,-0.293668653823,1
250.45,-0.295462197067,1
250.45,-0.295462197067,1
248.5,-0.303248182294,1
246.6,-0.310894057545,1
245.4,-0.306027877497,-1
246.1,-0.308880363234,-1
245.4,-0.306035991028,-1
245.2,-0.305220995103,-1
247.4,-0.314193262639,-1
246.75,-0.311565938468,-1
247.65,-0.315213354881,-1
247.7,-0.315415252721,-1
247.85,-0.316020823977,-1
248.5,-0.318643377941,-1
248.0,-0.316631305506,-1
249.5,-0.322679692603,-1
245.55,-0.306848029276,-1
244.9,-0.304200910563,-1
245.1,-0.305017570424,-1
246.75,-0.311749516569,-1
248.55,-0.319044349396,-1
249.45,-0.322665351206,-1
248.8,-0.320059618594,-1
247.6,-0.315236467469,-1
247.95,-0.316650037744,-1
246.65,-0.311407045205,-1
245.75,-0.307758150009,-1
245.3,-0.305927020813,-1
243.8,-0.299812059541,-1
244.75,-0.303708696128,-1
244.95,-0.304525856496,-1
244.0,-0.300647513977,-1
243.5,-0.298598333649,-1
242.3,-0.293670202232,-1
240.6,-0.286654106483,-1
243.2,-0.297460424023,-1
242.05,-0.292731805602,-1
241.25,-0.28942670335,-1
240.8,-0.287561418376,-1
239.4,-0.281747464888,-1
238.6,-0.278405777335,-1
241.25,-0.289512231652,-1
243.1,-0.297180625435,-1
243.25,-0.297797655463,-1
243.25,-0.297797655463,-1
243.3,-0.298003205309,-1
245.35,-0.306429017064,-1
244.75,-0.303983531024,-1
243.35,-0.29826340845,-1
243.55,-0.299085269966,-1
244.3,-0.302164719771,-1
244.4,-0.302574052559,-1
245.65,-0.307688618844,-1
247.1,-0.313591325947,-1
249.0,-0.321280520605,-1
249.95,-0.317465259561,1
249.95,-0.317465259561,1
250.0,-0.317265219553,1
250.75,-0.314265219553,1
249.75,-0.318253255445,1
250.35,-0.315850853043,1
250.2,-0.316450014217,1
250.15,-0.316649854345,1
249.9,-0.317649254705,1
250.0,-0.317249094641,1
250.85,-0.313849094641,1
251.15,-0.312653160816,1
251.9,-0.309666897627,1
252.5,-0.307285000048,1
252.35,-0.307879059454,1
252.0,-0.309266022006,1
251.4,-0.311646974387,1
251.7,-0.310453656965,1
251.95,-0.309460411037,1
252.2,-0.308468150668,1
251.85,-0.309855938138,1
251.6,-0.310848592496,1
251.65,-0.310649864356,1
253.75,-0.302304940851,1
254.25,-0.300334497501,1
255.5,-0.295418076656,1
256.95,-0.289742929885,1
256.35,-0.292078014531,1
257.2,-0.288762235323,1
257.25,-0.288567834079,1
258.65,-0.283125657208,1
258.5,-0.283705591483,1
260.3,-0.276742341966,1
259.55,-0.279623632784,1
