885.9,0.0,0
886.25,0.0,0
885.0,0.0,0
886.85,0.0,0
888.0,0.0,0
888.0,0.0,0
887.55,0.0,0
887.65,0.0,0
888.0,0.0,0
891.0,0.0,0
888.45,0.0,0
893.8,0.0,0
893.75,0.0,0
892.5,0.0,0
891.9,0.0,0
891.5,0.0,0
890.15,0.0,0
890.8,0.0,0
891.35,0.0,0
890.65,0.0,0
889.0,0.0,0
888.55,0.0,0
885.55,0.0,0
884.95,0.0,0
888.5,0.0,0
888.05,0.0,0
887.2,0.0,0
886.1,0.0,0
882.7,0.0,0
883.95,-0.00141610966353,-1
882.55,0.000167690325155,-1
880.75,0.00220723482688,-1
881.3,0.00158276704374,-1
881.5,0.00135582956502,-1
877.0,0.0064607643353,-1
876.0,0.00760101519048,-1
865.05,0.0201010151905,-1
857.4,0.028944434646,-1
856.4,0.0301107514176,-1
855.45,0.0312200461397,-1
852.5,0.0346685235493,-1
852.45,0.0347271745757,-1
852.5,0.0346685201091,-1
851.5,0.035841540637,-1
851.55,0.035782820731,-1
849.5,0.0381901955181,-1
842.35,0.0466069112332,-1
839.8,0.0496341564401,-1
832.5,0.0583267022843,-1
849.35,0.0380864620441,-1
848.55,0.0390283587887,-1
846.7,0.0412085485241,-1
843.75,0.0446926633227,-1
846.0,0.0420259966561,-1
844.95,0.0432671314078,-1
850.05,0.0372312712978,-1
852.1,0.0348196484521,-1
851.2,0.0358758625114,-1
852.05,0.0348772722859,-1
855.1,0.0312976701499,-1
853.8,0.0328179601744,-1
856.8,0.029304256731,-1
847.9,0.0396917450596,-1
846.0,0.0419325753462,-1
845.25,0.0428191001689,-1
842.9,0.0455993427007,-1
842.75,0.0457772997538,-1
843.05,0.045421322299,-1
845.2,0.0428710583763,-1
844.3,0.0439358951014,-1
848.8,0.0386060360465,-1
848.25,0.0392540096563,-1
842.55,0.0459737267209,-1
843.0,0.0454396337887,-1
850.25,0.0368393965408,-1
848.7,0.0350164033035,1
849.25,0.0356644532623,1
849.3,0.0357233287406,1
850.0,0.0365475369121,1
849.25,0.0374298898532,-1
849.75,0.0368411350696,-1
846.5,0.0406657893797,-1
847.6,0.0393663209804,-1
852.8,0.0332313516553,-1
855.1,0.0305343535314,-1
860.1,0.0246870842062,-1
849.9,0.0128279980534,1
849.2,0.0120043717444,1
849.8,0.0127109190831,1
847.3,0.00976905040814,1
848.0,0.0105952040727,1
847.3,0.00976973237461,1
844.1,0.00599302990795,1
844.1,0.00599302990795,1
843.8,0.00563762178095,1
844.5,0.00646720225025,1
848.95,0.011736592422,1
847.7,0.0102641853308,1
852.5,0.01592656589,1
846.5,0.00888844272284,1
845.9,0.00959724366791,-1
844.65,0.01107495971,-1
844.1,0.0117261169941,-1
844.65,0.0110745354279,-1
844.7,0.0110153393112,-1
843.35,0.0126135398558,-1
846.15,0.00929344736746,-1
846.05,0.00941162972284,-1
845.0,0.0106526911258,-1
841.3,0.0150313893507,-1
842.9,0.0131295707366,-1
844.1,0.0117059143124,-1
843.15,0.0128313733812,-1
838.8,0.0179905977185,-1
839.2,0.017513725997,-1
838.1,0.018824498161,-1
837.75,0.0192421094245,-1
834.85,0.0227037626624,-1
834.7,0.0228834356575,-1
835.05,0.0224641233298,-1
833.0,0.0249190661475,-1
833.9,0.0238386339747,-1
833.15,0.0247380223906,-1
837.0,0.0201170057669,-1
849.0,0.00578008820418,-1
846.75,0.00843026488262,-1
845.55,0.00984744823072,-1
851.0,0.00340193939032,-1
856.7,-0.00329606295986,-1
856.05,-0.00253733761843,-1
857.0,-0.00142758935607,1
854.95,-0.00381965470029,1
856.1,-0.00247454679924,1
859.2,0.00114652550539,1
864.85,0.00772241004916,1
866.9,0.0100927632896,1
855.35,-0.00323057273531,1
864.1,0.00699915778436,1
865.65,0.00879293165312,1
866.15,0.00937053230003,1
866.7,0.0100055262387,1
865.2,0.00827482357345,1
866.5,0.00977736633813,1
868.25,0.0117969854957,1
865.75,0.00891763047118,1
872.85,0.0171186122789,1
872.4,0.0166030597784,1
872.65,0.0168896255739,1
867.5,0.0109880613729,1
867.85,0.0113915195862,1
874.6,0.0191693613791,1
880.0,0.0253436124653,1
884.55,0.0305140670108,1
878.0,0.0231091718664,1
880.55,0.0260134998846,1
878.1,0.0232311479455,1
879.6,0.0249393816318,1
884.35,0.0303395635327,1
881.65,0.0272864736927,1
880.15,0.0255851182796,1
880.6,0.0260963947665,1
886.8,0.033137048866,1
884.55,0.0305998364167,1
884.15,0.0301476290797,1
883.6,0.0295255626882,1
882.8,0.0286201756353,1
883.6,0.0295263831568,1
883.9,0.0298659033017,1
884.45,0.0304881456368,1
893.25,0.0404378318824,1
893.15,0.0403258811408,1
899.7,0.0476594757218,1
903.0,0.0513273650182,1
902.55,0.0508290261478,1
897.95,0.0457323556032,1
893.95,0.0412777645903,1
894.65,0.0420608061475,1
906.0,0.0547473316043,1
905.1,0.0537539541209,1
906.45,0.0552455020162,1
904.0,0.0525426502317,1
904.0,0.0525426502317,1
904.4,0.0529851281078,1
903.25,0.0517135668517,1
906.85,0.0556991743801,1
906.55,0.05536835892,1
898.2,0.0461576148904,1
898.1,0.0460462811118,1
891.75,0.0389757989828,1
889.45,0.0363966007771,1
887.85,0.0345977363103,1
889.4,0.0363435267028,1
887.25,0.0339261666848,1
886.1,0.0326300269271,1
886.05,0.0325735998873,1
884.8,0.0311628442866,1
881.75,0.0346099509773,-1
879.7,0.0369348730074,-1
884.2,0.0318194927641,-1
892.4,0.0225455728365,-1
889.6,0.025683179291,-1
882.65,0.033495679291,-1
880.7,0.0357049355081,-1
885.35,0.0304250445123,-1
883.0,0.0330793620139,-1
884.65,0.0312107323423,-1
885.45,0.0303064199023,-1
889.05,0.0262406906121,-1
892.65,0.0221914245416,-1
886.45,0.0291370359235,-1
886.75,0.0287986073601,-1
885.65,0.0300390922769,-1
883.25,0.0327489663807,-1
885.0,0.0307676473883,-1
884.3,0.0315586078403,-1
884.3,0.0315586078403,-1
890.15,0.0249432058274,-1
890.6,0.024437673052,-1
895.15,0.0193287577141,-1
890.6,0.0142458107219,1
892.8,0.0167160555007,1
890.65,0.0143079013789,1
890.9,0.0145885952541,1
888.45,0.0118385671926,1
893.3,0.0172975125469,1
889.75,0.0133234836652,1
886.95,0.0101765322744,1
889.8,0.0133897911954,1
895.55,0.0198519175159,1
899.25,0.0239834567935,1
898.75,0.0234274378888,1
891.85,0.0157501082643,1
892.6,0.0165910568543,1
893.35,0.017431298844,1
895.75,0.0201178158866,1
903.0,0.0282115920519,1
913.0,0.0392857891726,1
914.85,0.0413120761386,1
919.35,0.0462309152926,1
929.5,0.0572713242772,1
930.2,0.058024417338,1
930.1,0.0579169135753,1
932.8,0.0608198272405,1
928.8,0.056531662575,1
929.0,0.0567469941857,1
931.7,0.0596533451006,1
927.65,0.055306452324,1
928.3,0.0560071476293,1
929.45,0.0572459712855,1
925.0,0.0524581935675,1
924.95,0.0524041395134,1
924.3,0.0517013988247,1
921.05,0.0481852244225,1
917.1,0.0438966407408,1
917.5,0.0443327981937,1
918.7,0.045640700101,1
918.0,0.0448787538727,1
918.5,0.045423416182,1
916.25,0.0429737700198,1
915.3,0.0419369350948,1
916.3,0.0430294730605,1
917.0,0.0437934150009,1
914.0,0.0405218773783,1
914.0,0.0405218773783,1
914.2,0.0403030589975,-1
912.95,0.0416703746834,-1
912.8,0.0418346772191,-1
913.55,0.0410130295416,-1
911.3,0.0434759489221,-1
913.95,0.040568015201,-1
917.1,0.0371214371606,-1
914.0,0.0405016574201,-1
910.45,0.0443856836784,-1
907.9,0.0471864964632,-1
926.6,0.0265895144168,-1
924.7,0.0286400216475,-1
926.3,0.0269097307423,-1
927.8,0.025290384958,-1
926.4,0.0267993308515,-1
923.2,0.030253562285,-1
923.45,0.0305243595121,1
926.4,0.0337189017179,1
927.15,0.0345284872102,1
931.85,0.0395977855977,1
933.05,0.0408855465034,1
938.4,0.0466194300038,1
936.0,0.0440618852467,1
937.95,0.0461452185801,1
936.1,0.0441728319923,1
934.4,0.042356786698,1
938.95,0.0472262216295,1
942.7,0.0512200445168,1
940.0,0.0483559308009,1
940.0,0.0483559308009,1
942.0,0.0504835903753,1
935.0,0.0430525924985,1
934.7,0.0427317368835,1
931.95,0.039789616417,1
928.8,0.0364096067599,1
925.75,0.033125799697,1
930.3,0.0380407335344,1
933.8,0.0418029607729,1
933.0,0.040946246273,1
932.0,0.0398744349118,1
930.6,0.0383722889891,1
929.0,0.0366529681208,1
927.45,0.0349845074104,1
936.0,0.0442033332231,1
933.7,0.0417460682658,1
933.55,0.0415854170931,1
927.1,0.0484945274782,-1
929.0,0.0464451261191,-1
925.1,0.0506431885518,-1
921.5,0.0545346597441,-1
922.7,0.0532324351104,-1
920.15,0.055996063592,-1
918.0,0.0583326391503,-1
919.85,0.0563173886057,-1
917.1,0.0593070064782,-1
909.2,0.0679211161718,-1
910.65,0.0663263075488,-1
908.25,0.0689617877003,-1
910.0,0.0670350054267,-1
911.2,0.0657163241081,-1
904.0,0.073617992238,-1
904.4,0.0731755143619,-1
911.95,0.0648274382893,-1
908.3,0.0688298507023,-1
910.6,0.0662976476857,-1
906.65,0.0706354469389,-1
905.15,0.0722898891162,-1
908.35,0.0687545634795,-1
908.25,0.0688646532027,-1
906.5,0.0707914354763,-1
903.85,0.073714766971,-1
903.25,0.0743785939335,-1
898.8,0.0793052476838,-1
903.5,0.0740760532023,-1
897.4,0.0808275750617,-1
900.5,0.0773731511705,-1
902.95,0.0746524404542,-1
898.4,0.0796914791607,-1
890.0,0.0890414346371,-1
893.0,0.0856706481202,-1
892.1,0.086678486866,-1
887.2,0.0921711446398,-1
871.45,0.109923624351,-1
881.4,0.0985058723288,-1
882.2,0.0975982254034,-1
890.6,0.088076574984,-1
891.35,0.0872344460822,-1
889.9,0.0888611920293,-1
889.7,0.0890859363826,-1
889.95,0.0888049427893,-1
891.5,0.0870632719089,-1
891.3,0.0872876129072,-1
890.8,0.0878485912534,-1
895.85,0.0821795297357,-1
898.05,0.0797237614709,-1
901.0,0.0764388664205,-1
901.4,0.0759949152552,-1
907.0,0.0697823570124,-1
900.75,0.076673205965,-1
892.65,0.0856657122098,-1
892.1,0.086281855155,-1
894.0,0.0841520490794,-1
890.15,0.0798455613837,1
891.4,0.081249819093,1
889.95,0.0796231643926,1
890.8,0.0805782742302,1
890.45,0.0801853689765,1
896.7,0.087204291993,1
904.15,0.0955125333223,1
910.2,0.102203900905,1
915.6,0.108136662935,1
913.25,0.105570039956,1
911.2,0.103325309597,1
911.8,0.103983781941,1
913.85,0.106232082007,1
916.4,0.109022474304,1
914.9,0.107385634496,1
917.75,0.110500729042,1
918.5,0.111317945059,1
917.1,0.10979372078,1
915.0,0.107503894153,1
918.75,0.111602254809,1
921.5,0.114595452087,1
921.8,0.114921008246,1
918.0,0.110798638968,1
916.1,0.108728922193,1
911.2,0.103380161141,1
910.75,0.102886306882,1
909.55,0.101568711494,1
911.05,0.103217878665,1
910.4,0.102504416176,1
908.6,0.100527263276,1
906.0,0.097665718042,1
903.85,0.0952926496093,1
904.0,0.0954586063499,1
898.1,0.0889320576774,1
903.85,0.0953344627548,1
904.5,0.0946153168788,-1
902.5,0.096826483269,-1
900.95,0.0985439347926,-1
899.8,0.0998203652271,-1
900.4,0.0991535503794,-1
900.7,0.0988203651284,-1
898.35,0.101429446954,-1
902.35,0.0969768393953,-1
904.0,0.0951482806321,-1
901.85,0.0975265992162,-1
904.8,0.0942555452715,-1
904.05,0.0950844577384,-1
900.2,0.0993430717531,-1
893.4,0.106896948669,-1
890.05,0.110646668839,-1
892.15,0.108287250829,-1
889.2,0.111593869671,-1
892.7,0.107657747314,-1
892.15,0.108273855749,-1
894.8,0.10530350323,-1
890.55,0.11005316796,-1
898.4,0.101238390575,-1
903.35,0.0957285953834,-1
883.25,0.117979107367,-1
874.5,0.127885702328,-1
875.6,0.126627840693,-1
876.6,0.125485766687,-1
879.65,0.122006414645,-1
879.5,0.122176937012,-1
876.4,0.125701666972,-1
876.85,0.1251882028,-1
876.5,0.12558735887,-1
873.15,0.129409378266,-1
876.0,0.126145334287,-1
874.0,0.12842843931,-1
867.9,0.135407844344,-1
874.85,0.12740000934,-1
870.0,0.13294381685,-1
869.0,0.134093242137,-1
869.5,0.133517868144,-1
866.55,0.136910622601,-1
867.0,0.136391321926,-1
866.7,0.136737342687,-1
864.7,0.139044946241,-1
863.9,0.139970122602,-1
858.55,0.146162968997,-1
857.3,0.147618912157,-1
849.9,0.156250663002,-1
846.6,0.160133472745,-1
847.1,0.15954287506,-1
844.85,0.162198995943,-1
840.8,0.166992746313,-1
842.05,0.16550606696,-1
841.1,0.166634265998,-1
841.65,0.165980360398,-1
838.8,0.169366566065,-1
845.0,0.161975054382,-1
844.6,0.162448427163,-1
841.35,0.166296402536,-1
840.0,0.167900966629,-1
848.85,0.157365252344,-1
855.0,0.150120156037,-1
854.95,0.150178635569,-1
851.2,0.154564856985,-1
850.35,0.155563447211,-1
850.15,0.155798644483,-1
849.0,0.157151346947,-1
849.0,0.157151346947,-1
846.7,0.159860416441,-1
846.8,0.159742310854,-1
844.6,0.162340326915,-1
842.0,0.165418707213,-1
843.05,0.164171676334,-1
846.75,0.159782850049,-1
845.5,0.161259082703,-1
845.85,0.160845126464,-1
840.2,0.154165455127,1
839.7,0.153570358722,1
840.0,0.153927629176,1
839.2,0.152975248223,1
839.4,0.152736926012,-1
841.15,0.150652103519,-1
838.5,0.15380255231,-1
842.05,0.149568801564,-1
841.5,0.150221969428,-1
848.25,0.142200579054,-1
846.3,0.144499429629,-1
848.5,0.141899878642,-1
845.85,0.145023037157,-1
845.45,0.145495934243,-1
848.0,0.142479788995,-1
849.7,0.140475072014,-1
849.8,0.140357383418,-1
851.6,0.138239237972,-1
851.3,0.137886959907,1
850.5,0.136947220685,1
850.1,0.136476909103,1
857.95,0.145711116843,1
860.55,0.148741596475,1
859.0,0.146940422807,1
860.0,0.148104567161,1
859.75,0.147813869487,1
855.65,0.143045041339,1
855.05,0.142343820045,1
853.75,0.14082344112,1
861.3,0.149666779334,1
859.35,0.147402759828,1
864.0,0.152813826332,1
860.3,0.148531418925,1
863.4,0.152134813089,1
867.7,0.15711512349,1
869.0,0.158613337158,1
863.65,0.152456835432,1
858.55,0.146551665514,1
857.15,0.144921009175,1
857.2,0.144979342022,1
860.45,0.148770755928,1
861.55,0.150049156765,1
857.8,0.145696536487,1
858.25,0.146221134295,1
859.0,0.147095005545,1
858.2,0.146163690062,1
867.4,0.156883801924,1
875.0,0.165645618848,1
877.05,0.167988475991,1
881.3,0.172834265855,1
881.9,0.173515078291,1
879.95,0.171303943242,1
893.8,0.187043473897,1
896.5,0.190064283921,1
902.6,0.196868522627,1
900.9,0.19498507481,1
902.35,0.19659457642,1
902.1,0.196317522062,1
905.4,0.199975653089,1
904.8,0.199312962566,1
897.5,0.191244881222,1
899.6,0.193584714091,1
898.65,0.192528689191,1
898.8,0.192695606233,1
898.15,0.191972419762,1
896.35,0.189968300183,1
895.4,0.188908446331,1
897.7,0.191477130718,1
897.9,0.191699922297,1
893.85,0.187189397739,1
887.1,0.179637795121,1
888.9,0.181666878652,1
887.0,0.17952940537,1
887.15,0.179698514728,1
896.5,0.190237882366,1
892.25,0.185497224251,1
893.7,0.187122329322,1
888.05,0.180800297321,1
886.65,0.17922380951,1
882.5,0.183904348618,-1
884.65,0.181468087995,-1
886.35,0.17954642406,-1
884.35,0.181802869031,-1
883.4,0.182877104345,-1
886.9,0.17891513921,-1
885.05,0.18100105645,-1
881.75,0.184729659354,-1
883.35,0.182915086062,-1
884.95,0.181103799483,-1
885.0,0.181047299115,-1
885.65,0.180312835839,-1
882.05,0.184377646994,-1
878.6,0.188288989889,-1
873.95,0.193581500701,-1
874.05,0.193467077679,-1
873.25,0.194382357126,-1
867.9,0.200508895917,-1
867.65,0.200796947536,-1
863.65,0.2054071014,-1
863.0,0.206159721096,-1
868.0,0.200365978338,-1
874.5,0.192877499075,-1
866.55,0.201968408166,-1
866.8,0.201679907791,-1
865.9,0.202718209591,-1
864.1,0.204796971572,-1
859.5,0.210120429506,-1
856.7,0.213378137475,-1
859.35,0.210284872622,-1
862.9,0.206153843356,-1
864.4,0.2044155191,-1
866.0,0.20256452419,-1
867.95,0.200312792089,-1
863.4,0.205555029545,-1
862.05,0.207118615368,-1
861.0,0.208336642165,-1
862.95,0.206071833803,-1
863.0,0.206013893018,-1
861.45,0.207809953273,-1
863.25,0.205720453012,-1
859.3,0.21029618426,-1
854.3,0.216114873891,-1
862.15,0.206926064339,-1
860.0,0.209419829925,-1
858.25,0.211454713646,-1
859.15,0.210406068147,-1
859.15,0.210406068147,-1
857.9,0.211860994527,-1
857.75,0.212035840081,-1
857.0,0.212910220728,-1
857.4,0.21244347627,-1
857.55,0.212268528754,-1
856.45,0.213551252794,-1
861.4,0.207771580892,-1
864.55,0.204114743186,-1
868.15,0.199950727224,-1
861.1,0.20807144369,-1
858.95,0.210568250101,-1
858.15,0.211499619796,-1
854.65,0.215578160844,-1
854.45,0.215812174768,-1
855.9,0.214115176699,-1
853.0,0.217503422989,-1
852.05,0.218617139285,-1
849.35,0.221785967405,-1
849.35,0.221785967405,-1
851.8,0.218901408625,-1
846.85,0.224712631917,-1
843.9,0.228196129585,-1
845.5,0.226300170348,-1
842.05,0.230380596131,-1
842.05,0.230380596131,-1
843.95,0.228124198055,-1
842.3,0.230079290181,-1
842.55,0.229782483818,-1
843.3,0.228892328931,-1
842.3,0.230078146552,-1
842.2,0.230196869098,-1
841.8,0.230671815666,-1
844.2,0.227820782166,-1
843.3,0.228886880247,-1
847.55,0.223847155357,-1
845.95,0.225734949588,-1
854.1,0.216100810454,-1
855.05,0.21498852852,-1
850.55,0.220251378646,-1
849.7,0.221250732005,-1
850.05,0.220838821919,-1
847.75,0.223544545112,-1
850.0,0.220890460771,-1
847.35,0.22400810783,-1
858.95,0.210318369233,-1
859.0,0.210376579839,1
861.2,0.212937697418,1
858.35,0.209628361607,1
861.7,0.213531198445,1
860.8,0.212486751422,1
864.1,0.216320394545,1
862.6,0.214584484349,1
860.2,0.211802198237,1
858.0,0.20924465348,1
859.9,0.211459105695,1
859.05,0.210470618661,1
862.6,0.214603090578,1
872.05,0.225558342143,1
873.1,0.226762401543,1
873.3,0.226991470379,1
872.95,0.226590691723,1
870.6,0.223898670416,1
868.2,0.221141950912,1
867.95,0.220853998827,1
867.0,0.219759465732,1
866.1,0.218721403448,1
867.95,0.220857415456,1
866.95,0.219705275356,1
862.4,0.214456991141,1
855.55,0.206514041234,1
859.45,0.211072512393,1
856.9,0.208105498605,1
853.45,0.204079357865,1
853.75,0.204430872306,1
855.45,0.206422087533,1
853.05,0.209227628477,-1
852.85,0.209462081322,-1
853.5,0.208699930886,-1
853.65,0.208524183961,-1
859.6,0.20155411426,-1
859.5,0.201670447439,-1
852.85,0.209407503867,-1
860.15,0.200847968192,-1
860.35,0.200615450608,-1
858.0,0.203346897113,-1
852.45,0.209815428581,-1
847.05,0.216150110967,-1
847.65,0.215441770255,-1
845.45,0.218037181097,-1
844.25,0.219456543567,-1
845.35,0.218153611971,-1
841.5,0.222707938581,-1
839.3,0.225322317666,-1
838.7,0.226037199115,-1
843.0,0.22091021688,-1
847.4,0.21569076255,-1
847.45,0.215631758538,-1
846.2,0.217106771813,-1
846.2,0.217106771813,-1
849.35,0.213384247587,-1
847.5,0.215562383809,-1
847.25,0.21585736906,-1
850.5,0.212021429255,-1
845.6,0.217782746127,-1
852.1,0.210095896553,-1
853.6,0.208335539787,-1
847.8,0.215130291427,-1
846.05,0.217194457504,-1
842.1,0.221863212306,-1
841.9,0.22210071379,-1
842.7,0.221150482171,-1
841.95,0.222040478611,-1
843.0,0.220793373676,-1
842.55,0.221327181506,-1
843.15,0.220615057596,-1
842.35,0.221563880463,-1
843.0,0.220792229724,-1
843.8,0.219843238027,-1
844.25,0.219309936297,-1
844.95,0.218480798009,-1
848.05,0.214811941863,-1
844.35,0.219174892161,-1
842.75,0.221069840938,-1
844.7,0.218755987482,-1
844.15,0.219407106223,-1
841.4,0.222664821084,-1
839.2,0.225279510886,-1
842.0,0.221942999924,-1
839.75,0.22461520895,-1
841.0,0.223126670694,-1
839.4,0.225029167722,-1
827.35,0.23938465974,-1
833.3,0.232193023794,-1
832.15,0.233573078996,-1
828.0,0.238560160652,-1
822.85,0.244779967415,-1
821.0,0.24702825082,-1
809.4,0.261157361661,-1
807.2,0.263875424423,-1
803.3,0.268706940776,-1
807.6,0.263354021568,-1
818.15,0.250290623846,-1
819.05,0.249190581067,-1
817.45,0.25114406376,-1
810.4,0.259768444456,-1
813.5,0.255943172985,-1
807.4,0.263441636415,-1
804.5,0.267033412486,-1
805.1,0.266287607639,-1
803.75,0.267964417973,-1
800.5,0.272007963851,-1
798.5,0.274506402327,-1
803.55,0.268182044156,-1
808.0,0.2626441187,-1
810.15,0.259983227611,-1
809.0,0.261402717829,-1
810.05,0.260104819188,-1
825.8,0.240661574944,-1
827.0,0.239208438592,-1
825.6,0.240901304372,-1
832.1,0.233028242356,-1
827.75,0.238255979407,-1
828.15,0.237772741714,-1
828.75,0.238497248144,1
829.6,0.23952288917,1
829.3,0.239161269112,1
828.8,0.238558350988,1
825.9,0.235059316239,1
824.8,0.233727435866,1
826.5,0.235788541589,1
822.95,0.231493320778,1
822.05,0.230399694191,1
817.65,0.225047221714,1
816.2,0.223273846798,1
814.75,0.221497321436,1
819.5,0.227327330642,1
820.5,0.228547586896,1
820.1,0.228060079278,1
822.0,0.230376869914,1
823.4,0.232080032931,1
833.05,0.24379973174,1
835.1,0.246260568425,1
831.7,0.242189199726,1
828.65,0.238522012039,1
830.15,0.240332185212,1
828.35,0.238163902371,1
827.1,0.236654878408,1
825.75,0.238287087331,-1
824.15,0.240224719786,-1
824.05,0.240346056921,-1
824.35,0.239982001342,-1
826.3,0.242347501433,1
822.6,0.237869708864,1
824.95,0.24072650439,1
825.1,0.240908333592,1
829.9,0.246725810262,1
833.0,0.250461200068,1
831.25,0.248360359731,1
833.95,0.251608480032,1
831.95,0.249210254719,1
831.0,0.248068359172,1
829.4,0.246142968077,1
831.15,0.248252927084,1
827.65,0.244041894178,1
829.5,0.246277138544,1
828.35,0.244890761208,1
832.85,0.250323247476,1
837.7,0.256146625035,1
847.0,0.267248451465,1
846.15,0.266244909552,1
848.65,0.269199468437,1
854.0,0.275503598525,1
853.85,0.275327954497,1
858.0,0.280188292964,1
856.15,0.278032115808,1
855.55,0.277331304035,1
859.25,0.281656007442,1
863.05,0.286078468891,1
865.8,0.289264842797,1
866.5,0.290073343606,1
863.5,0.286611139336,1
863.85,0.287016466492,1
866.8,0.290431411217,1
873.95,0.298680142181,1
882.05,0.307948406956,1
883.6,0.309705676952,1
884.25,0.310441303933,1
890.4,0.317396350582,1
890.4,0.317396350582,1
882.2,0.308187006467,1
885.15,0.311530919412,1
893.6,0.321077323976,1
899.1,0.327232203117,1
901.5,0.32990153912,1
901.1,0.329457834183,1
899.0,0.327127349221,1
894.1,0.321676848664,1
892.55,0.319943261817,1
896.25,0.324088687844,1
896.7,0.324590779894,1
896.75,0.324646539903,1
899.9,0.328159224598,1
902.9,0.331492928343,1
898.9,0.327062758889,1
903.8,0.332513865797,1
905.6,0.334505456857,1
908.25,0.337431693606,1
909.5,0.338807966659,1
909.25,0.338533090353,1
908.5,0.337708234703,1
909.6,0.338919021714,1
913.5,0.343206620659,1
912.4,0.342002460834,1
915.0,0.34485208819,1
912.3,0.341901268518,1
918.95,0.349190537399,1
921.45,0.351911033618,1
919.95,0.350283164498,1
913.25,0.343000159987,1
910.95,0.340481682024,1
911.8,0.341414773851,1
912.75,0.342456669004,1
909.85,0.339279457281,1
911.0,0.340543401887,1
910.75,0.340268978177,1
910.4,0.339884679522,1
912.45,0.342136436991,1
916.0,0.346027061135,1
936.85,0.368789069869,1
919.8,0.350589785031,1
937.5,0.369833098795,1
933.5,0.365566432128,1
929.4,0.361174359284,1
925.0,0.356440122142,1
927.0,0.358602284304,1
922.65,0.35390972767,1
920.0,0.351037565962,1
923.5,0.354841913788,1
925.0,0.356466169337,1
926.75,0.358358061229,1
925.6,0.357117165626,1
928.4,0.360142230449,1
942.0,0.3747910887,1
937.25,0.369748625855,1
939.95,0.37262939406,1
939.6,0.372257033828,1
938.1,0.370660609817,1
936.6,0.369061633163,1
931.45,0.363563021162,1
933.25,0.36549549204,1
931.95,0.364102510524,1
932.15,0.364317114312,1
930.1,0.362117897448,1
934.05,0.366364752625,1
925.4,0.357104006412,1
924.4,0.356023392623,1
919.75,0.350993102705,1
917.7,0.348764236166,1
909.55,0.357645134063,-1
909.3,0.357919995258,-1
909.45,0.357755033199,-1
904.4,0.36330783984,-1
896.5,0.372042912817,-1
894.6,0.374162265856,-1
888.0,0.381539864783,-1
884.55,0.385424999918,-1
883.4,0.386725096013,-1
891.7,0.377329578693,-1
888.5,0.380918229585,-1
883.85,0.386151769258,-1
889.6,0.379646140475,-1
886.8,0.382793622489,-1
887.05,0.382511709995,-1
887.2,0.38234261017,-1
895.05,0.373494548853,-1
890.0,0.37913669175,-1
889.1,0.380147927705,-1
889.9,0.379248141405,-1
879.55,0.390878661688,-1
875.0,0.396051761569,-1
883.7,0.386108904426,-1
882.0,0.388032634198,-1
879.5,0.390867101318,-1
880.3,0.389957493587,-1
879.3,0.391093469958,-1
880.45,0.389785611435,-1
878.3,0.392227544537,-1
875.3,0.395643233937,-1
874.75,0.396271589929,-1
869.8,0.401930349575,-1
871.8,0.399630970407,-1
879.3,0.391028079836,-1
880.7,0.389435904242,-1
887.0,0.382282503538,-1
884.85,0.384706404327,-1
879.45,0.390809133603,-1
878.1,0.392344183919,-1
877.5,0.393027477393,-1
877.25,0.393312377678,-1
875.3,0.395535233192,-1
872.0,0.399305369146,-1
875.35,0.395463626027,-1
877.35,0.393178825661,-1
874.95,0.395914336005,-1
877.55,0.392942737628,-1
880.6,0.389467152191,-1
879.7,0.390489182625,-1
879.9,0.390261832392,-1
879.9,0.390261832392,-1
877.5,0.392989415071,-1
876.15,0.39452787661,-1
878.8,0.391503280365,-1
878.15,0.392242925335,-1
877.0,0.390933354078,1
874.6,0.388196752025,1
870.5,0.383508894719,1
874.85,0.378511766632,-1
883.0,0.369195883909,-1
881.55,0.370838013014,-1
879.0,0.37373064531,-1
875.85,0.377314263057,-1
879.15,0.373546494604,-1
886.15,0.365584258353,-1
886.0,0.365753529921,-1
882.0,0.361238857234,1
880.6,0.359651555647,1
880.35,0.359367658304,1
878.75,0.357550199339,1
878.5,0.357265704318,1
874.35,0.35254174302,1
880.0,0.359003686178,1
880.4,0.359458231633,1
879.2,0.358095214822,1
876.7,0.355251720736,1
874.15,0.352343086084,1
865.0,0.341875774982,1
865.3,0.341528954172,-1
864.4,0.342569055871,-1
861.9,0.345461235418,-1
860.7,0.346853508303,-1
866.05,0.3406376375,-1
867.75,0.338674702335,-1
865.05,0.341786197581,-1
869.0,0.337219987536,-1
863.2,0.343894325856,-1
862.2,0.34505280593,-1
864.35,0.34255918496,-1
860.1,0.347476174605,-1
862.75,0.344395137517,-1
864.75,0.34207696887,-1
862.65,0.344505416398,-1
862.15,0.345085025741,-1
857.4,0.35059450785,-1
853.4,0.355259774937,-1
849.8,0.359478195373,-1
853.05,0.355653766095,-1
852.6,0.356181284998,-1
854.95,0.353425010074,-1
858.75,0.348980305705,-1
856.4,0.351716841368,-1
857.9,0.349965323385,-1
855.1,0.353229107043,-1
852.35,0.356445105172,-1
853.45,0.355154555515,-1
860.05,0.347421237805,-1
860.0,0.34747937396,-1
863.05,0.343932862332,-1
865.2,0.341441697278,-1
868.7,0.337396389834,-1
868.4,0.337741733451,-1
874.0,0.331293092272,-1
874.3,0.330949842844,-1
875.6,0.332436746653,1
875.1,0.33186570965,1
871.0,0.327180530813,1
875.0,0.331772953316,1
874.2,0.330858667601,1
875.4,0.332231351198,1
881.3,0.3389711273,1
891.4,0.350431469976,1
890.4,0.349309639148,1
887.15,0.345659594224,1
896.6,0.356311682372,1
898.0,0.357873136755,1
898.7,0.358652646777,1
893.45,0.35281087533,1
894.85,0.354377834868,1
893.6,0.352980952709,1
890.2,0.349176118332,1
893.7,0.353107819073,1
889.8,0.348743938576,1
892.6,0.351890713132,1
891.1,0.350210229153,1
881.9,0.339885910895,1
876.7,0.333989550763,1
881.4,0.339350563652,1
875.65,0.332826851376,1
877.7,0.335167969403,1
880.5,0.338358125493,1
884.85,0.34329850028,1
882.9,0.34109473693,1
883.5,0.341774315591,1
887.4,0.346188577051,1
885.4,0.343934801978,1
878.25,0.335859355852,1
869.5,0.345822350444,-1
874.0,0.34064696229,-1
869.05,0.34631057785,-1
865.4,0.350510566343,-1
863.95,0.352186092112,-1
862.45,0.353922303698,-1
863.3,0.352936739318,-1
868.3,0.347145009907,-1
869.15,0.346166085572,-1
867.95,0.347546744837,-1
863.4,0.352788982293,-1
870.2,0.34491314259,-1
867.15,0.348418083982,-1
872.0,0.342825049329,-1
874.45,0.340015416301,-1
873.0,0.341673601446,-1
874.95,0.33943992447,-1
878.7,0.335153965273,-1
878.0,0.33595059666,-1
882.2,0.331166997571,-1
880.3,0.333320704213,-1
885.15,0.327811218811,-1
889.4,0.323009772728,-1
887.95,0.324640085298,-1
889.95,0.326892464374,1
895.3,0.332904038058,1
890.85,0.327933637075,1
887.05,0.323668048031,1
886.45,0.32299164873,1
889.45,0.326375934363,1
886.0,0.322497132857,1
884.0,0.320239796514,1
887.1,0.323746583844,1
890.2,0.327241116591,1
892.55,0.329880972803,1
890.8,0.327920298331,1
897.05,0.334936463576,1
887.5,0.324290457222,1
879.85,0.315670738912,1
875.2,0.310385747152,1
871.0,0.305586844044,1
870.25,0.304725764825,1
870.35,0.304840674334,1
870.0,0.304438537262,1
870.8,0.303518997032,-1
874.6,0.299155193633,-1
874.8,0.298926517667,-1
869.4,0.305099357173,-1
871.0,0.303259007507,-1
870.0,0.304407113132,-1
877.8,0.295441595891,-1
879.1,0.293960620726,-1
875.5,0.298055717984,-1
863.6,0.311647950994,-1
861.0,0.314658604074,-1
861.5,0.314077883981,-1
860.65,0.315064535171,-1
862.3,0.313147379533,-1
867.95,0.306595135534,-1
876.15,0.297147586712,-1
878.8,0.294122990468,-1
883.2,0.289116162975,-1
874.05,0.299476217323,-1
878.1,0.294842615127,-1
878.95,0.293874616038,-1
877.95,0.295012337182,-1
877.4,0.295638796548,-1
879.95,0.298545110658,1
876.3,0.294397147705,1
878.1,0.29645123877,1
878.2,0.296565121016,1
875.7,0.293718389064,1
876.85,0.29503162419,1
877.6,0.295886958626,1
878.15,0.296513667833,1
878.3,0.296684481475,1
878.6,0.297026050415,1
877.0,0.295204971426,1
876.6,0.294748871084,1
877.05,0.295262218106,1
876.6,0.294749134474,1
877.0,0.295205442938,1
877.0,0.295205442938,1
875.6,0.293609091741,1
875.1,0.293038054738,1
876.1,0.294180781283,1
875.65,0.293667141288,1
878.45,0.29686476591,1
880.05,0.295043375961,-1
880.45,0.294588856332,-1
883.0,0.291692610094,-1
880.5,0.288861353016,1
881.25,0.289713141772,1
882.5,0.291131581489,1
880.9,0.289318550327,1
885.0,0.293972881125,1
887.4,0.296684745532,1
888.3,0.297698944315,1
888.65,0.298092955347,1
890.45,0.300118499712,1
890.6,0.300286953865,1
891.35,0.301129082767,1
892.4,0.302307071211,1
889.75,0.299337550817,1
889.05,0.298550812969,1
895.0,0.305243349947,1
895.5,0.305802009165,1
896.0,0.306360356457,1
898.4,0.309038927885,1
902.0,0.313046051661,1
896.5,0.306948490685,1
895.0,0.305275317233,1
903.2,0.314437328406,1
902.9,0.314105176059,1
902.45,0.313606781995,1
903.0,0.314216234042,1
904.4,0.315766621639,1
904.6,0.315987762727,1
903.05,0.314274298213,1
903.2,0.314440401972,1
903.0,0.314218967074,1
901.85,0.312945434405,1
902.1,0.313222642366,1
904.55,0.315938527523,1
908.45,0.320250063646,1
909.35,0.321240762089,1
904.6,0.316017250789,1
902.15,0.313308871395,1
903.85,0.315193258692,1
900.45,0.311431572572,1
898.7,0.309488099864,1
900.1,0.311045905583,1
898.75,0.309546072231,1
900.0,0.310936892815,1
896.35,0.30688133726,1
896.8,0.307383373295,1
896.5,0.307048850547,1
900.4,0.302698599571,-1
900.4,0.302698599571,-1
898.75,0.304531118452,-1
903.4,0.299357265879,-1
901.55,0.301405085228,-1
899.05,0.30417808728,-1
899.9,0.303232644868,-1
901.0,0.302010286829,-1
901.3,0.301677323455,-1
901.65,0.301288995484,-1
900.0,0.303118973857,-1
904.0,0.298674529412,-1
903.65,0.299061697554,-1
899.0,0.304207495153,-1
905.75,0.29669915255,-1
903.95,0.29868645589,-1
905.75,0.296695195311,-1
903.1,0.29962094745,-1
902.4,0.298845839489,1
902.75,0.299233694099,1
896.15,0.291922699914,1
893.75,0.289244576832,1
893.0,0.288405415993,1
896.6,0.292436770976,1
895.35,0.291042615277,1
894.2,0.292327029193,-1
893.0,0.293669010853,-1
892.25,0.294508876474,-1
889.55,0.297534934193,-1
891.0,0.295904896534,-1
891.5,0.295343729306,-1
893.4,0.293212489822,-1
891.3,0.295563060675,-1
892.5,0.294216712644,-1
891.9,0.294888981552,-1
888.9,0.298252587337,-1
889.1,0.298027590149,-1
883.35,0.304494804186,-1
882.65,0.305287242065,-1
886.65,0.30075543444,-1
885.05,0.302559979638,-1
884.8,0.302842449555,-1
885.65,0.301881780477,-1
886.0,0.301486590504,-1
886.15,0.301317290278,-1
886.9,0.300470932438,-1
887.8,0.299456161889,-1
885.65,0.301877878492,-1
886.5,0.300918131413,-1
886.25,0.30120013931,-1
891.55,0.295219885431,-1
889.85,0.297126676974,-1
893.0,0.293586754515,-1
893.45,0.293082835142,-1
891.55,0.295209423088,-1
890.55,0.296331065172,-1
890.45,0.296443355329,-1
886.75,0.300598557755,-1
884.75,0.302853984877,-1
886.95,0.300367406747,-1
882.95,0.304877243829,-1
882.55,0.305330270614,-1
875.3,0.313545102635,-1
878.4,0.31000345977,-1
882.15,0.305734334087,-1
884.9,0.302616950422,-1
886.2,0.301147857869,-1
882.9,0.304871622257,-1
882.2,0.305664464028,-1
880.9,0.307138052783,-1
881.9,0.30600285015,-1
875.25,0.313543387626,-1
874.05,0.314914424472,-1
876.5,0.312111381168,-1
875.3,0.313480462742,-1
883.95,0.303598136683,-1
886.45,0.300769922417,-1
893.4,0.292929660699,-1
898.65,0.287053233567,-1
901.8,0.28354797568,-1
901.2,0.284213311675,-1
901.9,0.284990053796,1
902.7,0.285877070095,1
901.65,0.28471389296,1
902.15,0.285268431861,1
902.1,0.285213008705,1
902.9,0.286099828348,1
901.45,0.284493891921,1
894.6,0.276895023431,1
897.95,0.280639713796,1
895.3,0.27768854725,1
897.05,0.279643199322,1
893.6,0.275797259854,1
900.4,0.283406928609,1
914.15,0.29867791928,1
911.5,0.295779051479,1
910.5,0.294681958775,1
906.9,0.290728087276,1
896.2,0.278929653049,1
899.95,0.283113986903,1
902.5,0.285947477653,1
906.4,0.290268807293,1
905.85,0.289662011176,1
905.85,0.289662011176,1
907.6,0.291593898354,1
903.55,0.287131580152,1
890.4,0.272577875321,1
895.35,0.278137174513,1
893.65,0.27623847568,1
890.9,0.279315743066,-1
891.8,0.278305528676,-1
892.0,0.278081263146,-1
897.3,0.27213955911,-1
899.9,0.269241977476,-1
899.0,0.2702420886,-1
900.0,0.269129741547,-1
901.55,0.267407519325,-1
906.6,0.26180605518,-1
906.9,0.261475148496,-1
910.15,0.257891511932,-1
904.8,0.263769663885,-1
903.2,0.265538010481,-1
902.65,0.266146956451,-1
905.2,0.263321941218,-1
910.45,0.257522117974,-1
911.55,0.258730311724,1
911.5,0.258675460098,1
910.0,0.257029821042,1
909.35,0.256315535327,1
907.85,0.254666005443,1
909.1,0.256042884884,1
913.0,0.260332841984,1
910.5,0.257594616354,1
910.4,0.257484786591,1
910.8,0.257924153902,1
909.95,0.256990908403,1
911.4,0.258584402551,1
908.0,0.254853878083,1
901.65,0.247860486013,1
905.9,0.252574066671,1
905.4,0.252022129371,1
905.8,0.252463923053,1
901.75,0.247992737361,1
898.5,0.244388634228,1
892.0,0.237154354873,1
890.75,0.238555700165,-1
887.75,0.241923648523,-1
886.75,0.243050091778,-1
889.85,0.23955417974,-1
884.25,0.245847375223,-1
883.6,0.246582461454,-1
883.6,0.246582461454,-1
883.95,0.246186354618,-1
884.95,0.245055068912,-1
884.2,0.245902574421,-1
882.0,0.248390699279,-1
883.25,0.246973465719,-1
885.9,0.243973182674,-1
883.1,0.247133810284,-1
885.7,0.244189636351,-1
883.5,0.246673547382,-1
880.2,0.250408691694,-1
883.95,0.24614829633,-1
893.5,0.235344517836,-1
896.55,0.231930975586,-1
902.4,0.225405963038,-1
905.35,0.222136902754,-1
905.75,0.221695084673,-1
904.65,0.222909547825,-1
904.65,0.222909547825,-1
906.05,0.224457107655,1
905.6,0.223960446322,1
906.6,0.225064686605,1
909.5,0.22826345122,1
905.1,0.223425628241,1
903.65,0.221823595316,1
903.2,0.221325614903,1
899.45,0.217173710563,1
888.95,0.205499909907,1
887.6,0.203981264314,1
886.1,0.202291313886,1
886.4,0.202629876125,1
884.6,0.200599190204,1
883.4,0.199242644873,1
880.15,0.195563677248,1
876.0,0.190848571868,1
880.1,0.186168206571,-1
877.5,0.18912241632,-1
885.05,0.180518427716,-1
886.65,0.178710620248,-1
887.05,0.178259483948,-1
884.85,0.180739614719,-1
883.95,0.181756736265,-1
888.05,0.177118464869,-1
889.45,0.175541977059,-1
889.85,0.175092260942,-1
890.0,0.174923693206,-1
888.75,0.176328187588,-1
891.2,0.173571506857,-1
889.3,0.175703463769,-1
895.75,0.168450568233,-1
901.6,0.161919728155,-1
898.6,0.165247146079,-1
900.65,0.162965819571,-1
901.15,0.163520974181,1
900.55,0.162855158279,1
900.3,0.162577550151,1
899.25,0.161411272244,1
900.05,0.162300902491,1
901.0,0.163356399408,1
901.15,0.163522881095,1
900.8,0.163134488486,1
901.45,0.163856069303,1
895.1,0.156811862746,1
895.5,0.15725874019,1
897.3,0.159268790442,1
895.75,0.157541386006,1
895.55,0.157318109422,1
895.4,0.157150614587,1
895.05,0.156759727832,1
894.5,0.156145237022,1
894.3,0.155921648425,1
896.05,0.157878486175,1
901.0,0.163402731474,1
904.8,0.167620267545,1
897.2,0.159220621214,1
895.0,0.156768548098,1
897.1,0.159114916813,1
901.7,0.153987283327,-1
911.65,0.142952571117,-1
910.2,0.144543093795,-1
911.0,0.145422021504,1
916.5,0.151459343128,1
917.5,0.152550450602,1
925.1,0.160833829349,1
937.35,0.174075641045,1
935.55,0.172155333796,1
931.45,0.167772884969,1
948.2,0.18575560009,1
943.9,0.181220691843,1
967.05,0.205746595011,1
967.5,0.206211927724,1
963.3,0.201870842452,1
963.5,0.202078462093,1
963.2,0.201767097277,1
970.55,0.209397911231,1
972.4,0.211304046927,1
970.45,0.209298699334,1
973.4,0.212338526218,1
978.85,0.217937457798,1
995.05,0.234487491,1
989.8,0.229211374222,1
994.2,0.233656716716,1
990.45,0.22988483983,1
991.85,0.231298338744,1
991.7,0.231147106199,1
991.35,0.230794176886,1
992.05,0.231500284719,1
993.7,0.233163507338,1
994.3,0.233767311303,1
1000.0,0.239499987558,1
998.75,0.238249987558,1
997.15,0.236647985055,1
991.6,0.231082122346,1
989.6,0.229065180031,1
992.05,0.231540927808,1
992.0,0.231490527122,1
990.95,0.23043205938,1
990.0,0.229473383362,1
991.9,0.231392575281,1
990.55,0.230031550985,1
994.0,0.233514464518,1
993.8,0.233313257274,1
995.9,0.235426358502,1
992.4,0.231911949425,1
995.8,0.235337987312,1
995.1,0.234635034912,1
998.6,0.238152269361,1
996.7,0.236249605632,1
996.0,0.235547287984,1
996.6,0.236149697622,1
997.1,0.236651403422,1
995.85,0.235397767879,1
994.3,0.233841308573,1
995.0,0.234545321446,1
995.3,0.234846828984,1
996.45,0.236002259507,1
993.2,0.232740680903,1
999.25,0.238832102571,1
1001.2,0.240783566168,1
999.0,0.238586203004,1
998.9,0.238486102904,1
999.5,0.239086763631,1
998.1,0.237686063281,1
998.35,0.237936539185,1
998.95,0.238537530821,1
999.1,0.238687688487,1
1004.05,0.2436421475,1
1000.2,0.239807677105,1
988.05,0.227660106619,1
996.05,0.235756862856,1
997.6,0.237313009636,1
998.25,0.237964573389,1
1003.0,0.242722900461,1
1002.4,0.242124695077,1
1001.0,0.240728047033,1
999.95,0.239679095984,1
998.8,0.238529038481,1
999.2,0.238929519057,1
1000.0,0.23973015957,1
1000.2,0.23993015957,1
998.75,0.238480449512,1
1006.8,0.246540524606,1
997.5,0.237303337478,1
1002.0,0.241814615674,1
1010.7,0.250497250404,1
1010.9,0.25069513306,1
1008.15,0.247974784855,1
1000.85,0.240733798891,1
999.95,0.239834563241,1
1003.75,0.243634753251,1
1002.35,0.242239983637,1
1003.95,0.243836232452,1
1000.0,0.239901773565,1
1002.05,0.241951773565,1
980.45,0.220395962976,1
979.75,0.2196820051,1
980.0,0.219426837965,-1
980.3,0.219120715516,-1
979.15,0.220293825789,-1
980.95,0.218455496626,-1
983.95,0.215397236776,-1
984.9,0.214431740561,-1
984.55,0.214787106588,-1
984.6,0.214736321966,-1
990.85,0.208388566532,-1
990.0,0.209246415853,-1
990.3,0.20894338555,-1
990.3,0.20894338555,-1
990.0,0.209246324054,-1
990.05,0.209195819003,-1
991.9,0.207327226508,-1
998.55,0.200622921639,-1
995.35,0.203827568376,-1
991.0,0.208197890374,-1
992.55,0.206633813684,-1
993.35,0.205827808948,-1
992.4,0.206784168741,-1
998.75,0.200385539156,-1
1000.55,0.19858328634,-1
1006.3,0.204330125578,1
1004.8,0.202839516416,1
1008.0,0.206024229792,1
1007.55,0.20557780122,1
1006.7,0.204734170631,1
1005.7,0.20374082604,1
1007.5,0.205530624191,1
1007.25,0.205282485233,1
1007.7,0.205729246216,1
1005.1,0.20314911324,1
1006.55,0.204591755763,1
1006.1,0.204144684082,1
1006.0,0.204045290384,1
1016.15,0.214134753605,1
1013.9,0.211920513581,1
1015.8,0.213794465647,1
1015.6,0.213597576496,1
1016.0,0.213991432345,1
1015.0,0.213007180376,1
1011.85,0.2099037321,1
1009.75,0.207828325666,1
1012.95,0.210997426929,1
1014.0,0.212034003266,1
1013.75,0.211787454942,1
1010.0,0.208088318074,1
1007.65,0.205761585401,1
1010.0,0.208093744385,1
1008.7,0.206806615672,1
1009.35,0.207451009446,1
1009.35,0.207451009446,1
1010.0,0.208094988244,1
1010.05,0.208144493195,1
1009.1,0.207203945697,1
1008.3,0.206411160046,1
1007.9,0.206014452717,1
1008.15,0.206262493197,1
1008.95,0.207056025906,1
1005.4,0.210574535247,-1
1003.5,0.212464330354,-1
1004.25,0.211716946198,-1
1004.95,0.211019908608,-1
1001.85,0.214104639192,-1
1002.85,0.213106485775,-1
1003.4,0.212558048821,-1
1006.5,0.209468553106,-1
1006.1,0.209865969897,-1
1005.6,0.210362938389,-1
1006.0,0.209965165915,-1
1009.95,0.206038724563,-1
1017.9,0.198167047747,-1
1012.8,0.203177363103,-1
1009.1,0.206830601649,-1
1010.35,0.20559187407,-1
1009.85,0.206086752083,-1
1006.35,0.202620890816,1
1007.95,0.204210794925,1
1010.0,0.206244625968,1
1009.3,0.205551556661,1
1008.8,0.205056163815,1
1007.5,0.203767504021,1
1002.7,0.199003236031,1
1002.35,0.198654178486,1
1004.15,0.200449958404,1
997.5,0.193827441847,1
999.95,0.191371301496,-1
1003.8,0.187521108987,-1
999.1,0.192203316598,-1
998.6,0.192703767003,-1
996.6,0.194706570929,-1
999.0,0.19229838309,-1
994.5,0.196802887595,-1
999.0,0.192278000717,-1
999.65,0.191627350066,-1
1006.5,0.184774951727,-1
996.75,0.194461986004,-1
994.45,0.196769485377,-1
993.35,0.197875624449,-1
991.5,0.199738009308,-1
995.3,0.195905432404,-1
995.8,0.195403071307,-1
995.0,0.196206445479,-1
995.0,0.196206445479,-1
996.4,0.194799410303,-1
992.9,0.198312055827,-1
993.45,0.197758122903,-1
992.2,0.199016364385,-1
988.8,0.202443092867,-1
990.0,0.201229500634,-1
996.0,0.195168894573,-1
992.6,0.198582549192,-1
994.7,0.196466893338,-1
996.85,0.194305437623,-1
998.35,0.192800697692,-1
1000.0,0.191147970693,-1
1000.25,0.190897970693,-1
1000.85,0.190298120655,-1
999.5,0.19164697413,-1
999.0,0.192147224255,-1
1001.85,0.195000077108,1
1002.2,0.195349430803,1
1000.8,0.193952504042,1
1000.3,0.193452903722,1
999.2,0.192353233624,1
996.9,0.19005139215,1
997.4,0.19055294697,1
996.5,0.18965060087,1
1002.0,0.195169918482,1
1009.9,0.203054150019,1
1009.0,0.202162972675,1
1010.0,0.203154052952,1
1007.9,0.201074845031,1
1009.4,0.202563087913,1
1005.8,0.198996612779,1
1000.25,0.193478617154,1
1001.15,0.19437839221,1
1002.25,0.195477128663,1
1001.2,0.194429485859,1
1002.2,0.195428287297,1
1007.85,0.201065884583,1
1003.6,0.196848987228,1
1003.75,0.196998449165,1
1002.5,0.195753119152,1
1001.6,0.194855363541,1
999.5,0.192758718174,1
998.45,0.191708192911,1
1003.95,0.197216731145,1
1010.25,0.203491944054,1
1010.8,0.204036363753,1
1013.5,0.206707515316,1
1011.8,0.205030159618,1
1011.0,0.204239489525,1
1011.0,0.204239489525,1
1010.0,0.203250369841,1
1005.45,0.198745419346,1
1009.95,0.203221027283,1
1010.3,0.203567579092,1
1011.4,0.204656364602,1
1008.85,0.202135106939,1
1018.0,0.211204839803,1
1023.55,0.216656706208,1
1026.45,0.21948998255,1
1023.75,0.216859557298,1
1024.2,0.217299117738,1
1023.55,0.216664476066,1
1023.2,0.216322528921,1
1023.0,0.216127063714,1
1023.45,0.216566946412,1
1027.0,0.220035606337,1
1023.9,0.21701710585,1
1024.2,0.217310103213,1
1030.9,0.223851794289,1
1024.3,0.21744962143,1
1029.5,0.222526259134,1
1028.5,0.221554913821,1
1029.0,0.222041058692,1
1028.7,0.221749513502,1
1026.5,0.219610891941,1
1024.55,0.217711232906,1
1024.55,0.217711232906,1
1024.8,0.217955242471,1
1023.05,0.216247592198,1
1023.1,0.216296465664,1
1024.0,0.21717614507,1
1023.55,0.216736691945,1
1020.95,0.214196513155,1
1025.85,0.218995964647,1
1026.35,0.219483365339,1
1023.5,0.216706534823,1
1023.5,0.216706534823,1
1023.4,0.21680423878,-1
1024.3,0.215924817244,-1
1023.6,0.216608210781,-1
1023.55,0.216657057987,-1
1023.1,0.217096704316,-1
1024.0,0.21621702491,-1
1022.55,0.217633040535,-1
1025.95,0.214308019754,-1
1024.4,0.215818814627,-1
1024.0,0.216209287098,-1
1023.0,0.217185849598,-1
1020.2,0.219922897497,-1
1020.7,0.219432797516,-1
1019.85,0.220265559346,-1
1018.35,0.221736363877,-1
1019.5,0.220607086123,-1
1017.5,0.222568832077,-1
1009.7,0.230234679743,-1
1010.8,0.229145247238,-1
1012.3,0.227661274148,-1
1020.0,0.220054833369,-1
1022.4,0.217701892193,-1
1024.55,0.215598997044,-1
1029.0,0.211255626784,-1
1041.0,0.199593819204,-1
1044.55,0.196183636687,-1
1043.0,0.194699744102,1
1044.75,0.196377596451,1
1042.75,0.194463262878,1
1045.0,0.196621018812,1
1049.1,0.200544463788,1
1062.25,0.213079017215,1
1057.5,0.208607376829,1
1058.1,0.209174752715,1
1055.5,0.206717518049,1
1049.35,0.200890895596,1
1048.8,0.200366761608,1
1048.0,0.199603985101,1
1049.25,0.200796733193,1
1047.2,0.198842956686,1
1048.35,0.199941123225,1
1045.2,0.19693640152,1
1047.0,0.198658559958,1
1044.95,0.196700584791,1
1044.7,0.196461338894,1
1040.8,0.192728209766,1
1040.85,0.192776249736,1
1040.1,0.192055684813,1
1043.15,0.194988095158,1
1039.9,0.19187253172,1
1039.75,0.191728287081,1
1039.5,0.191487844667,1
1038.8,0.190814443994,1
1034.9,0.194568775915,-1
1038.05,0.19152500357,-1
1024.2,0.204867328121,-1
1021.25,0.207747624938,-1
1026.55,0.202557906456,-1
1019.1,0.209815224657,-1
1022.95,0.206037381462,-1
1019.65,0.209263345586,-1
1014.65,0.214166988993,-1
1012.05,0.216729448954,-1
1011.0,0.217766947102,-1
1011.3,0.217470211197,-1
1015.5,0.213317140891,-1
1012.2,0.216566771615,-1
1009.15,0.219580010105,-1
1002.1,0.226566087497,-1
1011.0,0.217684738331,-1
1007.8,0.220849921318,-1
1007.75,0.220899534336,-1
1005.4,0.223231461898,-1
1008.5,0.220148111987,-1
1009.9,0.21875991169,-1
1011.7,0.216977557001,-1
1016.4,0.212331911058,-1
1010.05,0.218579451397,-1
1012.9,0.215757808904,-1
1013.4,0.215264176759,-1
1010.3,0.218323186034,-1
1007.45,0.221144130308,-1
1008.0,0.220598197508,-1
1010.25,0.218366054651,-1
1008.1,0.220494240743,-1
1006.95,0.221635000588,-1
1004.6,0.223968780816,-1
1004.9,0.223670154497,-1
1003.1,0.225461377504,-1
1003.7,0.224863231756,-1
998.45,0.230093878364,-1
999.05,0.22949294692,-1
998.2,0.230343755188,-1
995.9,0.232647902653,-1
1003.65,0.224865996839,-1
1006.5,0.222026361508,-1
1006.5,0.222026361508,-1
1004.05,0.224460539352,-1
1003.05,0.225456505689,-1
1000.5,0.227998751838,-1
998.8,0.229697902263,-1
999.6,0.228896941109,-1
996.0,0.232498381685,-1
998.45,0.230038542328,-1
997.5,0.230990017114,-1
1000.05,0.228433626136,-1
1001.5,0.226983698633,-1
994.3,0.234172914809,-1
992.8,0.235681513823,-1
992.9,0.235580788601,-1
997.45,0.230998252596,-1
997.9,0.230547102162,-1
998.85,0.229595102964,-1
1003.0,0.225440324969,-1
1003.7,0.224742418688,-1
1004.0,0.224443524596,-1
1004.3,0.224144719815,-1
1001.75,0.226683801763,-1
1001.0,0.227432491556,-1
1007.15,0.221288635412,-1
1007.35,0.221487215564,1
1011.0,0.225110583807,1
1007.7,0.221846488852,1
1008.0,0.222144196503,1
1006.95,0.221102529836,1
1007.0,0.221152184735,1
1003.35,0.217527557128,1
1004.0,0.218175386898,1
1003.6,0.217776980524,1
1004.0,0.218175545689,1
1003.7,0.217876740908,1
997.3,0.211500333615,1
994.45,0.208642617782,1
994.05,0.208240385393,1
993.5,0.207687093305,1
994.05,0.208240691694,1
992.75,0.206932910395,1
988.8,0.210911757034,-1
981.6,0.218193310432,-1
986.45,0.213252397636,-1
987.8,0.211883853868,-1
987.25,0.212440646741,-1
988.6,0.211073211948,-1
989.35,0.210314563354,-1
996.35,0.203239210849,-1
995.45,0.204142507884,-1
993.25,0.206352563637,-1
992.0,0.207611058477,-1
994.5,0.205090897187,-1
993.5,0.206096427604,-1
1000.05,0.199503574056,-1
997.0,0.202553421564,-1
996.9,0.202653722467,-1
993.9,0.205663051386,-1
994.85,0.20470722082,-1
988.0,0.21159268094,-1
987.5,0.212098753814,-1
987.1,0.212503817105,-1
986.7,0.212909044539,-1
986.0,0.213618480031,-1
982.7,0.216965336015,-1
984.0,0.215642450088,-1
984.15,0.215490011064,-1
983.6,0.216048868962,-1
985.35,0.214269690434,-1
983.0,0.216654629795,-1
983.75,0.215891659297,-1
980.4,0.219296996019,-1
978.0,0.221744976435,-1
988.15,0.211366653326,-1
987.9,0.211619651353,-1
992.55,0.206912697208,-1
991.15,0.208323205495,-1
989.0,0.210492402892,-1
989.25,0.210239622305,-1
989.95,0.209532015532,-1
989.7,0.209784553539,-1
986.9,0.212613693683,-1
986.2,0.213322985404,-1
986.65,0.212866688507,-1
985.1,0.21443766099,-1
987.0,0.212508922791,-1
985.5,0.21402867963,-1
987.1,0.21240513828,-1
982.8,0.208048943366,1
983.95,0.209219069536,1
984.0,0.209269885126,1
982.45,0.207694681874,1
981.05,0.206269672968,1
981.35,0.206575467779,1
977.05,0.21095718684,-1
977.95,0.210036046673,-1
977.0,0.21100746648,-1
966.3,0.221959360031,-1
973.0,0.215025695538,-1
973.0,0.215025695538,-1
970.0,0.218108943225,-1
968.0,0.220170798896,-1
960.6,0.227815426995,-1
960.5,0.227919528598,-1
960.65,0.227763359936,-1
964.15,0.224119993465,-1
967.3,0.220852866981,-1
963.5,0.224781327644,-1
968.5,0.219591914048,-1
968.0,0.220108176309,-1
958.8,0.229612308541,-1
960.55,0.227787110376,-1
963.05,0.225184434826,-1
963.7,0.22450949583,-1
957.85,0.230579849675,-1
959.05,0.229327043912,-1
957.4,0.231047496443,-1
956.85,0.231621968973,-1
956.55,0.231935497739,-1
955.95,0.232562751934,-1
949.4,0.239414574728,-1
946.95,0.241995151934,-1
942.1,0.247116858466,-1
950.5,0.238200607537,-1
948.7,0.240094347674,-1
949.5,0.239251088477,-1
948.1,0.240725548719,-1
945.75,0.243204190213,-1
941.25,0.247962318682,-1
944.2,0.244828188536,-1
943.0,0.246099105715,-1
943.45,0.245621905291,-1
939.8,0.24949068477,-1
937.75,0.251671999944,-1
931.45,0.258390208421,-1
937.9,0.251465521106,-1
940.9,0.248266885857,-1
944.25,0.244706464983,-1
950.0,0.238616975971,-1
954.45,0.233932765444,-1
959.55,0.228589373962,-1
963.6,0.224368645496,-1
967.05,0.22078832171,-1
967.35,0.220478099902,-1
968.05,0.2197544735,-1
966.35,0.217998365861,1
967.35,0.219033187612,1
966.45,0.21810281081,1
951.0,0.202116469044,1
955.85,0.207216363891,1
951.95,0.203136225794,1
951.55,0.202716035658,1
954.55,0.205868786433,1
951.95,0.20314498988,1
958.75,0.210288222192,1
951.85,0.203091351267,1
949.9,0.201042709149,1
951.2,0.202411274261,1
949.95,0.20109714474,1
950.9,0.202097197375,1
951.25,0.202465269727,1
950.0,0.20115120928,1
948.0,0.199045946122,1
946.25,0.197199954561,1
946.0,0.196935753769,1
946.2,0.196724337278,-1
943.4,0.19968354252,-1
944.75,0.198252548244,-1
944.0,0.199046409054,-1
944.8,0.198198951427,-1
945.5,0.197458053882,-1
945.1,0.197881110466,-1
945.05,0.197934014921,-1
950.9,0.191743866251,-1
948.5,0.194267790954,-1
951.0,0.191632050311,-1
956.15,0.18621669805,-1
953.05,0.189458867166,-1
955.25,0.187150488802,-1
953.8,0.188668416046,-1
955.1,0.18730544687,-1
954.25,0.188195406037,-1
953.85,0.187776228672,1
953.5,0.187409294668,1
953.75,0.187671486592,1
953.0,0.186885116999,1
942.85,0.176234539874,1
943.7,0.177136061855,1
943.5,0.176924130097,1
941.0,0.174274421565,1
940.4,0.173636802011,1
937.6,0.17065934561,1
938.2,0.170019413869,-1
930.0,0.178759554564,-1
930.45,0.178275683596,-1
924.5,0.184670438822,-1
921.05,0.188402185713,-1
915.65,0.194265059607,-1
908.0,0.202619780297,-1
905.4,0.20548321642,-1
903.75,0.20730561536,-1
899.55,0.211952918264,-1
902.0,0.20922933425,-1
903.45,0.207621795448,-1
904.0,0.207013017983,-1
905.7,0.20513248701,-1
906.0,0.204801251501,-1
904.05,0.206953569382,-1
906.05,0.204741302362,-1
909.0,0.201485411406,-1
868.15,0.246424905356,-1
871.6,0.242450937723,-1
867.65,0.246982833088,-1
864.95,0.250094686946,-1
870.75,0.243389097028,-1
868.1,0.246432450459,-1
864.0,0.251155408643,-1
862.55,0.252833649384,-1
858.4,0.25764496467,-1
853.05,0.263877490299,-1
847.0,0.270969688881,-1
842.05,0.276813844725,-1
821.75,0.300921676802,-1
839.7,0.279078050394,-1
839.8,0.278958960243,-1
841.9,0.276458364863,-1
834.35,0.285426175767,-1
828.7,0.292197914246,-1
835.9,0.283509607259,-1
849.0,0.267837876191,-1
847.4,0.269722446274,-1
848.5,0.268424358004,-1
848.7,0.268188647927,-1
850.1,0.266539066214,-1
846.75,0.270479779071,-1
852.15,0.264102454005,-1
850.5,0.266038732829,-1
864.15,0.249989350113,-1
870.0,0.243219692067,-1
872.9,0.239886358734,-1
869.6,0.24366686051,-1
866.5,0.247231717915,-1
866.45,0.247174014511,1
868.05,0.249020630011,1
866.0,0.246659014897,1
870.4,0.251739846305,1
861.65,0.241686997041,1
851.8,0.230255441305,1
861.85,0.242053985564,1
868.2,0.249421857003,1
867.3,0.248385229498,1
867.85,0.249019381464,1
866.25,0.247175744891,1
868.05,0.249253666969,1
871.4,0.253112891668,1
875.0,0.25724417466,1
875.75,0.258101317518,1
879.2,0.262040797963,1
880.1,0.263064455834,1
867.5,0.248747900897,1
876.0,0.25854617179,1
875.75,0.258260783662,1
880.8,0.264027269532,1
880.5,0.263686670077,1
877.45,0.260222729134,1
879.5,0.262559044593,1
877.35,0.260114473815,1
878.15,0.261026310596,1
873.35,0.255560274042,1
872.8,0.254930515068,1
872.05,0.254071211676,1
870.5,0.252293790657,1
871.1,0.252983049703,1
864.7,0.245636017216,1
864.95,0.245925134829,1
867.3,0.248642054882,1
866.7,0.247950252737,1
868.9,0.250488616646,1
866.25,0.247438783524,1
866.25,0.247438783524,-1
864.25,0.249747585833,-1
859.55,0.255185827083,-1
858.65,0.25623288659,-1
858.3,0.256640503198,-1
855.3,0.260135784568,-1
847.65,0.269080014663,-1
847.4,0.269374947713,-1
844.8,0.272443156351,-1
844.5,0.272798269987,-1
845.0,0.272206203676,-1
843.55,0.273922180007,-1
842.95,0.274633459718,-1
842.85,0.274752090716,-1
840.8,0.277184314718,-1
840.3,0.27777898646,-1
836.2,0.282658196266,-1
839.45,0.278771566273,-1
838.15,0.280320199306,-1
847.85,0.268747091867,-1
853.0,0.262672904216,-1
854.0,0.261500571274,-1
850.0,0.266184412023,-1
849.8,0.266419706141,-1
850.5,0.265595982912,-1
854.05,0.261421967627,-1
854.1,0.261363423045,-1
850.05,0.266105256554,-1
851.0,0.264987675235,-1
851.05,0.264928920828,-1
850.0,0.266162690877,-1
856.95,0.257986220289,-1
860.1,0.26166204735,1
852.7,0.253058396612,1
846.8,0.24613919877,1
847.95,0.247497252619,1
849.25,0.249030361883,1
847.8,0.24732297301,1
848.25,0.247853758573,1
851.75,0.25197990063,1
851.0,0.251099360566,1
852.6,0.252979501576,1
853.25,0.253741875491,1
855.05,0.255851456505,1
838.4,0.23637891104,1
834.0,0.231130819437,1
832.7,0.229572066439,1
831.05,0.231553572384,-1
835.65,0.226018406028,-1
835.35,0.226377408002,-1
836.05,0.225539435895,-1
836.1,0.225479630859,-1
834.75,0.227094270257,-1
832.0,0.230388669777,-1
835.25,0.226482419777,-1
836.4,0.225105586494,-1
841.4,0.219127585537,-1
834.75,0.227031079714,-1
832.1,0.230205682888,-1
830.9,0.231647817247,-1
831.25,0.231226587256,-1
831.0,0.231527339135,-1
831.6,0.230805317475,-1
834.0,0.227919314589,-1
833.05,0.229058403318,-1
833.1,0.228998382911,-1
831.7,0.230678853443,-1
833.55,0.228454493697,-1
833.05,0.229054337738,-1
837.55,0.223652501114,-1
835.0,0.226697095466,-1
832.65,0.229511466724,-1
827.5,0.235696538482,-1
830.0,0.232675390446,-1
836.0,0.225446474784,-1
843.8,0.216116331243,-1
851.65,0.206813178837,-1
850.2,0.205110601487,1
848.5,0.203111071965,1
850.35,0.205291390173,1
848.7,0.203351012682,1
858.9,0.215369393735,1
856.45,0.212516907998,1
856.35,0.212400146949,1
853.75,0.209364005185,1
858.4,0.214810564482,1
859.3,0.215859026737,1
865.35,0.222899641191,1
864.8,0.222264060212,1
866.0,0.223651664282,1
864.85,0.22232371971,1
873.2,0.231978573152,1
873.0,0.23174953055,1
870.1,0.228427651971,1
859.9,0.216704861487,1
857.7,0.214146424459,1
859.5,0.216245060346,1
859.85,0.216652273842,1
859.75,0.216535974488,1
863.55,0.220955863991,1
864.0,0.221476968733,1
867.85,0.225932987251,1
865.8,0.223570827892,1
864.5,0.22206932639,1
864.65,0.22224283709,1
868.35,0.226522025201,1
873.05,0.231934589259,1
869.7,0.228097466529,1
866.0,0.223843125951,1
862.05,0.219281925028,1
858.8,0.215511842086,1
859.8,0.216676257549,1
861.95,0.21917683908,1
860.75,0.217784646957,1
863.05,0.220456735252,1
860.55,0.223353438804,-1
864.9,0.218298532058,-1
863.6,0.219801595996,-1
860.35,0.223564912346,-1
854.55,0.230306354782,-1
855.05,0.229721251512,-1
858.35,0.225861828086,-1
855.8,0.228832644187,-1
854.8,0.230001141499,-1
854.75,0.230059634714,-1
855.5,0.229182185167,-1
856.65,0.227837942035,-1
855.85,0.228771812343,-1
857.7,0.226610218606,-1
858.1,0.226143855076,-1
863.6,0.219734345695,-1
863.2,0.220197523092,-1
863.0,0.220429219106,-1
861.65,0.221993529651,-1
866.3,0.216596906892,-1
859.45,0.224504098396,-1
859.1,0.224911335583,-1
858.85,0.225202337795,-1
862.0,0.221534642621,-1
862.3,0.221882670463,1
861.1,0.220491043419,1
864.0,0.22385882881,1
867.75,0.228199106588,1
867.0,0.227334802353,1
872.15,0.233274825421,1
866.95,0.227312548289,1
867.85,0.228350670442,1
871.45,0.232498852731,1
872.65,0.233875868051,1
873.05,0.234334241969,1
873.65,0.235021487831,1
873.8,0.235193181301,1
874.3,0.235765394622,1
874.35,0.235822583231,1
871.25,0.232277092294,1
873.25,0.234572644662,1
880.35,0.24270319147,1
884.6,0.247530816846,1
886.25,0.249396066676,1
887.15,0.250411581486,1
886.5,0.249678898174,1
893.6,0.257687922427,1
891.75,0.255617644898,1
890.0,0.25365521148,1
892.75,0.256745099121,1
894.55,0.25876134107,1
893.25,0.257308096422,1
889.2,0.252774091384,1
891.7,0.255585607353,1
884.1,0.247062561486,1
887.55,0.250964834984,1
885.9,0.24910578479,1
880.4,0.242897409127,1
881.95,0.244657972507,1
882.8,0.245621745964,1
880.0,0.242450019638,1
883.25,0.246143201456,1
880.85,0.243425963981,1
879.05,0.241382483252,1
879.25,0.241610001596,1
877.85,0.24001773546,1
881.2,0.24383387717,1
874.25,0.23594690486,1
875.0,0.235089026678,-1
867.65,0.243489026678,-1
865.45,0.246024611303,-1
867.45,0.243713674796,-1
867.1,0.244117156265,-1
863.25,0.248557243913,-1
861.55,0.25052654597,-1
854.65,0.25853536728,-1
846.2,0.268422455562,-1
848.1,0.266177123489,-1
846.0,0.268653246588,-1
848.35,0.26587546881,-1
845.8,0.268881303666,-1
843.35,0.271777969544,-1
845.15,0.269643624373,-1
846.2,0.268401241364,-1
845.75,0.268933030539,-1
846.85,0.267632409789,-1
850.4,0.263440404121,-1
853.6,0.259677469031,-1
853.1,0.260263223483,-1
852.35,0.261142370125,-1
850.6,0.263195517306,-1
842.9,0.272247950882,-1
837.4,0.278773042827,-1
838.85,0.277041492791,-1
838.1,0.277935573973,-1
837.9,0.278174208981,-1
840.15,0.275488924341,-1
840.3,0.275310384795,-1
839.15,0.276678943643,-1
838.2,0.277811041599,-1
839.45,0.276319750737,-1
840.3,0.275307182985,-1
840.55,0.275009670192,-1
836.65,0.279649489358,-1
834.2,0.282577834544,-1
833.4,0.283536837181,-1
833.25,0.283716822782,-1
831.1,0.286297080808,-1
831.65,0.285635307255,-1
831.5,0.285815671591,-1
833.9,0.282929321621,-1
837.6,0.278492338769,-1
838.5,0.277417840202,-1
835.35,0.28117454861,-1
836.25,0.2800971559,-1
834.0,0.28278773886,-1
831.2,0.286145053009,-1
830.6,0.286866900939,-1
829.0,0.288793219263,-1
832.55,0.284510951471,-1
837.25,0.278865644883,-1
838.75,0.277074065307,-1
840.0,0.275583752341,-1
845.05,0.269571847579,-1
845.0,0.269631015676,-1
848.6,0.265370660646,-1
847.5,0.264074407995,1
842.4,0.25805670888,1
842.0,0.257581875071,1
843.95,0.259897789561,1
843.5,0.259364582617,1
841.85,0.257408447466,1
845.2,0.261387778701,1
849.55,0.266534489538,1
848.7,0.265533959846,1
849.0,0.265887441642,1
856.1,0.274250221383,1
856.7,0.274951074087,1
860.0,0.278803064282,1
859.95,0.278744924747,1
863.25,0.282582357156,1
862.05,0.281192261587,1
864.5,0.284034324112,1
863.35,0.282704075413,1
859.5,0.278244702042,1
862.9,0.282200490291,1
866.0,0.285793027086,1
866.85,0.286774551335,1
866.5,0.286370790592,1
866.9,0.286832417828,1
862.0,0.281180093454,1
861.75,0.280890070252,1
863.45,0.282862800162,1
862.5,0.281762562743,1
866.95,0.286921983033,1
871.7,0.292400961059,1
871.75,0.292458320242,1
873.5,0.294465776508,1
874.4,0.29549611423,1
875.75,0.297040030058,1
880.0,0.301893013215,1
882.85,0.305131649579,1
884.95,0.307510309601,1
885.45,0.308075313273,1
883.5,0.305873043241,1
884.0,0.306438974197,1
888.55,0.311586033021,1
890.2,0.313442990986,1
888.0,0.310971636234,1
890.6,0.313899564162,1
892.95,0.316538234721,1
891.35,0.31474642107,1
891.4,0.314802515758,1
892.75,0.316316987376,1
891.25,0.314636785751,1
897.65,0.321817711418,1
896.0,0.319979578515,1
898.0,0.322211721372,1
893.9,0.317646019813,1
895.95,0.319939341214,1
896.8,0.32088805487,1
895.0,0.318880918384,1
895.0,0.318880918384,1
896.5,0.320556896038,1
894.9,0.318772177689,1
892.2,0.315755080806,1
898.0,0.322255865384,1
906.1,0.331275909927,1
907.4,0.332710630157,1
909.9,0.335465754689,1
913.5,0.339422233422,1
905.95,0.331157318261,1
907.0,0.332316322621,1
907.35,0.332702210162,1
906.85,0.332151154892,1
903.0,0.32790568982,1
903.05,0.327961060806,1
904.9,0.330009673839,1
908.3,0.33376699509,1
896.3,0.320555501091,1
897.1,0.321448059386,1
890.65,0.314258225477,1
889.15,0.312574062225,1
892.4,0.316229238517,1
897.25,0.321664021126,1
902.85,0.327905313965,1
902.0,0.32696385082,1
895.8,0.32009023663,1
895.75,0.320034420599,1
890.85,0.325504696904,-1
889.15,0.32741298674,-1
883.75,0.333486202732,-1
885.0,0.332071775575,-1
886.75,0.330094374445,-1
885.55,0.331447630718,-1
887.5,0.329245609376,-1
894.75,0.321076595291,-1
895.7,0.320014846199,-1
895.0,0.320796357866,-1
894.65,0.321187419319,-1
893.2,0.322808164862,-1
893.5,0.322472293836,-1
897.05,0.318499154496,-1
896.3,0.319335228294,-1
898.75,0.316601768515,-1
898.2,0.317213729572,-1
894.9,0.320887744268,-1
889.5,0.326921938033,-1
892.35,0.323717890815,-1
891.0,0.325230750119,-1
887.4,0.321190346079,1
889.0,0.31938732602,-1
887.1,0.321524558866,-1
887.3,0.32129910514,-1
888.3,0.320172090602,-1
888.2,0.320284665183,-1
888.8,0.319609141652,-1
886.9,0.321746855423,-1
886.0,0.322761625972,-1
886.45,0.322253725295,-1
895.75,0.311762439831,-1
895.05,0.312543907874,-1
900.75,0.306175548565,-1
898.9,0.308229392583,-1
898.35,0.308841251522,-1
895.3,0.312236364785,-1
896.7,0.310672643128,-1
896.15,0.311286003226,-1
901.85,0.317646545546,1
898.2,0.313599309309,1
902.75,0.318664996239,1
902.05,0.317889587765,1
903.1,0.319053603063,1
902.85,0.318776778791,1
908.4,0.324923979323,1
908.7,0.325254230313,1
906.45,0.322778165606,1
905.95,0.322226563201,1
904.25,0.320350079951,1
904.75,0.32090302438,1
904.05,0.320129329989,1
902.45,0.318359516373,1
903.45,0.319467611004,1
903.85,0.319910358251,1
902.3,0.318195471931,1
903.4,0.319414578658,1
908.05,0.324561800266,1
911.5,0.328361150522,1
908.75,0.325344145585,1
912.45,0.329415672407,1
911.45,0.328319721944,1
911.7,0.328594010166,1
911.5,0.32837463976,1
911.8,0.328703767571,1
913.35,0.330403701767,1
911.95,0.328870883023,1
913.55,0.330625365176,1
912.0,0.328928687381,1
911.0,0.327832196153,1
951.2,0.371959528754,1
954.0,0.374903178881,1
955.1,0.376056218713,1
954.2,0.375113909007,1
952.55,0.373384711774,1
952.5,0.373332221091,1
952.7,0.373542194844,1
955.0,0.37595638609,1
954.7,0.375642249964,1
959.0,0.380146282645,1
961.5,0.382753164814,1
963.6,0.384937252177,1
958.6,0.379748377125,1
957.5,0.378600870345,1
958.45,0.379593037446,1
957.65,0.378758356451,1
957.7,0.378810567593,1
958.1,0.379228234921,1
956.0,0.377036396908,1
956.2,0.377245601929,1
958.9,0.380069278984,1
956.9,0.37798355576,1
957.25,0.378349320207,1
955.75,0.376782331437,1
957.85,0.378979558746,1
962.35,0.383677580357,1
967.85,0.389392756748,1
972.25,0.39393891576,1
970.7,0.392344675596,1
967.8,0.389357140827,1
963.55,0.384965737644,1
958.85,0.380087941993,1
957.45,0.378627859602,1
957.85,0.379045635988,1
958.6,0.379828639589,1
958.8,0.380037277186,1
957.0,0.378159930503,1
961.4,0.382757631652,1
969.9,0.391598904795,1
969.05,0.390722525787,1
966.85,0.388452261095,1
966.85,0.388452261095,1
963.65,0.385142543972,1
962.6,0.38405293675,1
960.2,0.381559689295,1
959.7,0.381038964446,1
960.3,0.38166415982,1
959.1,0.380414550323,1
957.6,0.378850584104,1
954.85,0.375978821364,1
957.95,0.372732238131,-1
957.2,0.373515159995,-1
949.65,0.381402748796,-1
945.15,0.386141336697,-1
947.0,0.384183975432,-1
944.95,0.38634870616,-1
945.15,0.38613705475,-1
945.0,0.386295759717,-1
946.5,0.38470845813,-1
944.5,0.386821506202,-1
945.0,0.386292125577,-1
942.55,0.38888471817,-1
942.05,0.389415194007,-1
945.6,0.385646816532,-1
946.4,0.384800792843,-1
942.0,0.3894499898,-1
939.0,0.392634703176,-1
941.05,0.390451529587,-1
941.8,0.389654547493,-1
944.4,0.386893876437,-1
941.4,0.390070496514,-1
940.65,0.390867182301,-1
940.65,0.390867182301,-1
939.0,0.392621288504,-1
938.7,0.392940777322,-1
935.25,0.396616072943,-1
936.1,0.395707225042,-1
935.3,0.396561834592,-1
934.45,0.397470633908,-1
935.25,0.396614515335,-1
940.45,0.391054504643,-1
942.9,0.388449368804,-1
940.0,0.391524986579,-1
938.15,0.393493071685,-1
938.35,0.39327988616,-1
934.65,0.397222977757,-1
935.85,0.395939074692,-1
941.8,0.389581218198,-1
939.75,0.391757901145,-1
944.5,0.386703365365,-1
941.7,0.389667896863,-1
942.45,0.388871464878,-1
941.85,0.389508103427,-1
940.9,0.390516756609,-1
939.25,0.392270396741,-1
937.6,0.390513675953,1
937.0,0.389873744212,1
938.6,0.388166166838,-1
938.5,0.388272708496,-1
941.15,0.391096363264,1
948.95,0.399384096356,1
948.3,0.398699128761,1
951.4,0.401968136459,1
951.45,0.402020690589,1
951.0,0.401547728269,1
954.45,0.405175488521,1
954.25,0.404965943757,1
950.3,0.400826567283,1
952.25,0.402878550867,1
950.0,0.400515725979,1
949.55,0.400042041769,1
951.6,0.40220095915,1
951.8,0.402411131492,1
952.75,0.403409240338,1
952.7,0.403356760674,1
952.55,0.403199313419,1
951.25,0.401834555663,1
950.05,0.400573057634,1
950.75,0.401309860961,1
945.6,0.395893084731,1
948.6,0.399065673564,1
950.05,0.40059424198,1
948.5,0.398962748901,1
955.45,0.406290107889,1
959.8,0.410842936399,1
964.8,0.416052355028,1
967.0,0.418332620368,1
964.15,0.415385360802,1
963.95,0.4151779242,1
964.0,0.41522979411,1
964.85,0.416111536849,1
963.9,0.415126927842,1
964.2,0.415438163448,1
963.5,0.414712172989,1
968.3,0.419694010042,1
969.0,0.420416926493,1
968.1,0.419488133924,1
971.8,0.423310053147,1
969.5,0.420943311019,1
967.05,0.418416235207,1
963.7,0.414952091677,1
963.15,0.414381374649,1
964.2,0.415471547519,1
962.1,0.413293576144,1
963.65,0.414904635286,1
962.75,0.413970686238,1
962.2,0.413399406051,1
961.65,0.412827799316,1
961.8,0.412983781222,1
950.3,0.401027033458,1
943.25,0.393608323577,1
942.8,0.394085397523,-1
944.5,0.392282257939,-1
947.05,0.389582416753,-1
948.4,0.388156937634,-1
947.45,0.389158624686,-1
945.0,0.391744513123,-1
944.9,0.391850333229,-1
946.3,0.39036869496,-1
943.9,0.392904888556,-1
938.05,0.39910257899,-1
939.4,0.397663423294,-1
942.75,0.394097317269,-1
941.55,0.395370189186,-1
939.65,0.397388138313,-1
943.85,0.392918388938,-1
948.5,0.387991758647,-1
946.5,0.390100351162,-1
947.35,0.389202305731,-1
953.75,0.382446618815,-1
951.4,0.384910576875,-1
950.3,0.386066767752,-1
951.8,0.384488318841,-1
952.0,0.384278190663,-1
952.6,0.383647938562,-1
936.0,0.401073930584,-1
941.9,0.39477051178,-1
944.5,0.392010133821,-1
945.15,0.391321939009,-1
950.25,0.396717907903,1
947.8,0.394139639026,1
946.0,0.392240504188,1
947.9,0.394248960847,1
947.0,0.393299493604,1
953.5,0.400163273963,1
957.25,0.40409615283,1
962.7,0.409789545361,1
955.25,0.402050893652,1
949.9,0.396450265544,1
943.9,0.390133811181,1
944.8,0.391087302017,1
944.0,0.390240561966,1
942.85,0.389022341627,1
940.3,0.386317775683,1
935.5,0.381213021881,1
933.15,0.383725047536,-1
931.55,0.385439670051,-1
934.7,0.382058209045,-1
925.7,0.391686966935,-1
926.15,0.391200848322,-1
916.0,0.40216019616,-1
918.8,0.399103427601,-1
928.45,0.388600597823,-1
930.35,0.386554176368,-1
924.1,0.393272078233,-1
925.4,0.391865304074,-1
932.45,0.384246976865,-1
936.3,0.380118069148,-1
932.1,0.384603810898,-1
934.75,0.381760768306,-1
933.35,0.383258494971,-1
932.95,0.383687058746,-1
936.3,0.380096298255,-1
934.0,0.38255277588,-1
934.85,0.38164271164,-1
929.85,0.386991163264,-1
929.85,0.386991163264,-1
930.85,0.385915720988,-1
933.8,0.382746574509,-1
933.95,0.38258594054,-1
934.45,0.382050579975,-1
935.75,0.380659387295,-1
938.9,0.384025671024,1
941.15,0.386422092368,1
932.1,0.376806196921,1
931.85,0.376537985356,1
934.0,0.378845223645,1
934.4,0.37927348917,1
934.7,0.379594550814,1
935.5,0.380450440404,1
933.8,0.378633230356,1
933.35,0.37815132845,1
930.0,0.374562106829,1
931.45,0.376121246614,1
931.0,0.375638128894,1
930.45,0.375047366273,1
926.5,0.379292623944,-1
927.65,0.378051393507,-1
928.65,0.37697340073,-1
926.55,0.379234747847,-1
924.8,0.381123474845,-1
925.5,0.380366554429,-1
928.95,0.37663883968,-1
927.15,0.378576511245,-1
925.0,0.380895445614,-1
922.85,0.383219769938,-1
920.35,0.385928769234,-1
918.65,0.387775892611,-1
915.35,0.391368120336,-1
912.15,0.394864050855,-1
921.0,0.385161699268,-1
922.5,0.383533034773,-1
925.25,0.380552004962,-1
926.7,0.378984860947,-1
928.65,0.376880620093,-1
932.9,0.372304084261,-1
934.8,0.370267424383,-1
934.2,0.370909272907,-1
936.25,0.368714881984,-1
936.55,0.368394454748,-1
933.55,0.371597700704,-1
934.15,0.372240408647,1
930.45,0.36827958865,1
928.6,0.366291303412,1
927.6,0.36521441347,1
933.0,0.371035888243,1
935.05,0.373233101534,1
936.05,0.37430256306,1
939.2,0.37766776791,1
942.8,0.381500817314,1
949.05,0.388130006962,1
950.7,0.389868587648,1
948.95,0.388027838726,1
946.45,0.385393347973,1
946.25,0.385182032003,1
954.3,0.393689297524,1
950.35,0.389550137931,1
949.1,0.388234833043,1
954.7,0.394135159669,1
954.2,0.393611434938,1
952.95,0.392301437034,1
952.75,0.392091562434,1
950.95,0.390202294526,1
951.4,0.390675505525,1
948.25,0.387364595288,1
947.7,0.386784579469,1
952.2,0.391532917551,1
954.85,0.394315946326,1
957.25,0.396829430119,1
960.95,0.400694669085,1
956.9,0.396480089763,1
959.9,0.3996152136,1
958.7,0.398365083378,1
959.35,0.399043084838,1
965.0,0.404932489123,1
969.65,0.409751141972,1
968.2,0.40825575704,1
969.65,0.409753381497,1
965.1,0.405060966709,1
968.0,0.40806583667,1
969.95,0.41008029948,1
975.65,0.415956891057,1
975.25,0.415546907969,1
982.45,0.422929630348,1
982.3,0.422776950822,1
981.95,0.422420644195,1
982.5,0.42298075418,1
983.6,0.424100347055,1
985.0,0.425523689878,1
986.9,0.427452623888,1
985.4,0.425932713056,1
985.0,0.425526786529,1
988.7,0.429283131706,1
986.35,0.426906273205,1
990.0,0.430606785194,1
986.8,0.427374461961,1
985.35,0.425905065934,1
981.55,0.422048568243,1
975.65,0.416037667117,1
975.65,0.416037667117,1
977.45,0.417882591014,1
977.75,0.418189512084,1
978.0,0.418445201166,1
982.5,0.42304642816,1
979.35,0.41984032129,1
981.8,0.422341980553,1
975.25,0.415670560712,1
973.15,0.413517266685,1
971.85,0.412181398628,1
969.2,0.414908156872,-1
970.25,0.413824789146,-1
972.6,0.411402732975,-1
970.35,0.413716119774,-1
967.95,0.416189454138,-1
967.55,0.416602698623,-1
963.4,0.420891882645,-1
962.8,0.421514676915,-1
965.85,0.418346833126,-1
965.65,0.418553904618,-1
970.0,0.414049166876,-1
968.45,0.415647105021,-1
972.9,0.411052133675,-1
970.4,0.413621770842,-1
972.7,0.411251614205,-1
972.4,0.411560034068,-1
968.75,0.415313633409,-1
968.2,0.415881375345,-1
967.7,0.416397797572,-1
965.25,0.418929573949,-1
965.15,0.419033174052,-1
969.65,0.414370686356,-1
973.0,0.410915831512,-1
969.15,0.414872666044,-1
970.7,0.413273326416,-1
970.65,0.413324835637,-1
972.4,0.411521920065,-1
970.9,0.413064495137,-1
970.7,0.412858500698,1
972.15,0.414352268083,1
975.0,0.417283914434,1
974.65,0.416924940075,1
975.0,0.417284043342,1
976.4,0.418719940778,1
981.5,0.42394320993,1
980.25,0.422669649054,1
982.0,0.424454907917,1
983.45,0.425931486328,1
985.85,0.428371874757,1
984.6,0.427103933386,1
982.1,0.424564831213,1
982.5,0.424972121713,1
982.5,0.424972121713,1
982.95,0.42543013698,1
979.6,0.422022028734,1
976.05,0.4183981006,1
970.3,0.412507008955,1
968.7,0.410858034411,1
968.45,0.410599956575,1
966.1,0.408173398673,1
965.1,0.407138309138,1
965.15,0.407190117241,1
963.35,0.409055112319,-1
966.9,0.405370054967,-1
964.7,0.407645367823,-1
970.2,0.401944113547,-1
969.5,0.402665614269,-1
964.3,0.408029203748,-1
969.05,0.403103350797,-1
966.8,0.405425212414,-1
967.0,0.405218344396,-1
964.1,0.40821731027,-1
956.1,0.416515204679,-1
958.7,0.413795823861,-1
958.9,0.413587208027,-1
954.65,0.41801936988,-1
952.75,0.420009628089,-1
951.05,0.42179393667,-1
950.55,0.422319671384,-1
951.15,0.421688457876,-1
951.5,0.421320482268,-1
947.55,0.425471822257,-1
951.05,0.421778085779,-1
948.55,0.42440675935,-1
948.0,0.424986591726,-1
947.75,0.425250304806,-1
947.4,0.425619600506,-1
950.35,0.42250581541,-1
946.8,0.426241281291,-1
948.65,0.424287331143,-1
950.45,0.422389897949,-1
946.4,0.426651037409,-1
944.25,0.428922804104,-1
939.55,0.433900299471,-1
942.65,0.430600847605,-1
936.8,0.436806756479,-1
933.5,0.44032938671,-1
933.95,0.439847329934,-1
932.55,0.441346339517,-1
933.0,0.440863791665,-1
932.85,0.441024563369,-1
930.9,0.443114931595,-1
931.6,0.442362971127,-1
922.95,0.451648072029,-1
922.6,0.452027290838,-1
914.65,0.46064424293,-1
928.25,0.445775167327,-1
931.6,0.44216622577,-1
931.3,0.442488252391,-1
934.4,0.439159572052,-1
934.4,0.439159572052,-1
938.7,0.43455768849,-1
938.95,0.434291362721,-1
938.0,0.435303131185,-1
938.05,0.435249826281,-1
946.0,0.426774798298,-1
946.95,0.425770569968,-1
950.25,0.422285697483,-1
945.0,0.427810559361,-1
947.45,0.425217966768,-1
957.15,0.435455974051,1
954.0,0.432164953835,1
955.2,0.43342281547,1
949.95,0.427926584314,1
950.0,0.427979218663,1
947.8,0.42566342919,1
945.05,0.422761973186,1
952.35,0.43048643221,1
950.0,0.428018852013,1
952.0,0.430124115171,1
952.15,0.430281678197,1
949.0,0.426973375933,1
949.65,0.42765830744,1
954.0,0.432238942411,1
959.1,0.437584854361,1
956.8,0.435186772826,1
960.3,0.438844799582,1
956.35,0.434731501654,1
960.7,0.439280045597,1
960.15,0.438707546378,1
959.95,0.438499245591,1
954.15,0.432457264238,1
954.65,0.432981290859,1
960.6,0.439213941568,1
962.0,0.440671364013,1
971.2,0.450234773576,1
969.2,0.448175465504,1
966.55,0.445441251719,1
966.7,0.445596442863,1
965.9,0.444768885192,1
966.1,0.444975945965,1
965.05,0.443889101953,1
965.0,0.443837291166,1
970.7,0.449744026917,1
973.1,0.452216469484,1
976.6,0.45581322213,1
983.1,0.46246896655,1
986.45,0.465876554791,1
982.65,0.462024357518,1
980.3,0.459632865125,1
980.6,0.459938893892,1
981.2,0.460550764175,1
983.9,0.463302496748,1
981.45,0.460812406291,1
982.65,0.462035087019,1
978.2,0.457506516317,1
979.4,0.458733259314,1
978.0,0.457303812714,1
982.4,0.46180279022,1
979.2,0.458545461229,1
978.8,0.458136964497,1
980.3,0.459669453259,1
978.95,0.458292323809,1
982.4,0.461816507884,1
984.0,0.463445172379,1
984.5,0.46395330246,1
986.15,0.465629280114,1
986.55,0.46603489792,1
1000.2,0.479870993405,1
1003.0,0.482670433517,1
1010.55,0.490197851263,1
1006.05,0.485744830631,1
999.7,0.479433017103,1
1002.05,0.481783722314,1
997.9,0.47764221241,1
998.15,0.477892738515,1
997.85,0.477592182486,1
996.75,0.47648981239,1
995.6,0.475336062704,1
994.45,0.474180980341,1
995.25,0.474985445121,1
995.0,0.474734251953,1
992.6,0.472322191652,1
990.4,0.470105790282,1
988.15,0.467833980912,1
993.9,0.473652935524,1
992.0,0.471741274391,1
987.8,0.467507403423,1
987.35,0.467051845618,1
987.75,0.467456970447,1
991.5,0.47125347766,1
992.0,0.471757764095,1
992.6,0.472362602805,1
992.75,0.47221148453,-1
993.3,0.471657467909,-1
991.4,0.473570283775,-1
990.75,0.474225922266,-1
995.15,0.469784842276,-1
996.0,0.468930699685,-1
993.55,0.471390539042,-1
995.0,0.469931125827,-1
992.2,0.472745196179,-1
991.95,0.472997161508,-1
995.1,0.469821598224,-1
1002.0,0.462887621739,-1
997.15,0.4677279411,-1
991.0,0.461560363504,1
989.65,0.460198103161,1
995.95,0.466563990091,1
1002.45,0.473090422141,1
1006.5,0.477130523891,1
1004.55,0.475193117036,1
1004.85,0.475491758219,1
1003.8,0.474446826139,1
1004.95,0.475592472682,1
1005.65,0.47628902475,1
1005.4,0.476040429314,1
1004.75,0.475393920462,1
1005.35,0.475991083935,1
1004.85,0.4754937447,1
1003.5,0.474150260598,1
999.55,0.470214037379,1
997.65,0.468313181994,1
1000.7,0.471370366378,1
1000.0,0.470670856035,1
999.85,0.470520856035,1
1000.0,0.470670878538,1
1003.1,0.473770878538,1
1001.45,0.472125977731,1
1000.9,0.471576774076,1
999.0,0.469678482538,1
1001.4,0.472080884941,1
998.4,0.469085079069,1
1009.6,0.480303027787,1
1008.25,0.478965864554,1
1007.95,0.478668319302,1
1008.5,0.47921398129,1
1007.85,0.478569459723,1
1007.1,0.477825301366,1
1007.9,0.47861966141,1
1007.4,0.478123580449,1
1007.0,0.477726518706,1
1008.35,0.479067134396,1
1008.35,0.479067134396,1
1010.1,0.4808026429,1
1010.0,0.480703642801,1
1013.75,0.484416514088,1
1013.0,0.483676686715,1
1015.0,0.485651020377,1
1012.9,0.48358205486,1
1013.9,0.484569319151,1
1012.65,0.483336455949,1
1012.4,0.483089578943,1
1009.7,0.480422648876,1
1011.0,0.481710160018,1
1015.3,0.485963374657,1
1015.75,0.48640659341,1
1016.0,0.486652716964,1
1010.9,0.481633031925,1
1009.5,0.480248127384,1
1010.4,0.481139657845,1
1009.45,0.48019943615,1
1008.15,0.478911606144,1
1009.7,0.480449075767,1
1010.0,0.480746193722,1
1008.5,0.479261045208,1
1010.8,0.481541659982,1
1008.9,0.479661960734,1
1007.9,0.478670782223,1
1008.25,0.47832352555,-1
1003.9,0.4826379317,-1
1005.55,0.480994341701,-1
1008.45,0.478110347866,-1
1006.0,0.480539818837,-1
1005.0,0.481533854622,-1
1005.5,0.481036342184,-1
1006.05,0.480489350638,-1
1006.9,0.479644462213,-1
1005.7,0.480836238953,-1
1000.45,0.486056483559,-1
1004.8,0.481708440178,-1
1008.1,0.47842420451,-1
