810.8,0.0,0
809.6,0.0,0
813.55,0.0,0
812.25,0.0,0
813.45,0.0,0
813.0,0.0,0
813.7,0.0,0
815.05,0.0,0
815.95,0.0,0
815.25,0.0,0
814.7,0.0,0
818.75,0.0,0
816.4,0.0,0
812.2,0.0,0
805.8,0.0,0
799.9,0.0,0
799.0,0.0,0
799.0,0.0,0
800.3,0.0,0
800.0,0.0,0
797.9,0.0,0
803.9,0.0,0
800.7,0.0,0
799.0,0.0,0
802.75,0.0,0
802.6,0.0,0
802.1,0.0,0
793.45,0.0,0
796.55,0.0,0
801.1,-0.00571213357605,-1
800.8,-0.00533764849304,-1
803.3,-0.00845952661491,-1
802.0,-0.00684120220311,-1
800.0,-0.00434743661708,-1
798.95,-0.00303493661708,-1
800.6,-0.00510014720598,-1
800.85,-0.00541241300663,-1
798.35,-0.00229072979504,-1
796.75,-0.000286596269641,-1
795.1,0.00178431681476,-1
794.0,0.00316779059165,-1
794.2,0.00291590142288,-1
793.4,0.00392320436924,-1
794.0,0.00316696539773,-1
797.2,-0.000863261302524,-1
794.05,0.00308806835126,-1
793.05,0.0043474348899,-1
794.05,0.00308648034731,-1
791.45,0.00636083334775,-1
782.2,0.0180482425334,-1
782.75,0.0173450975577,-1
788.7,0.00974369225589,-1
795.1,0.00162907326261,-1
793.75,0.00332697289787,-1
786.05,0.0130277602994,-1
784.4,0.0151268634099,-1
783.8,0.0158917792692,-1
783.5,0.0162745299709,-1
783.35,0.0164659785989,-1
785.8,0.0133383855689,-1
783.55,0.0162017095699,-1
801.0,-0.00606872626696,-1
793.9,0.00279519383292,-1
794.4,0.00216539159082,-1
791.05,0.00638241072476,-1
788.05,0.0101748385106,-1
791.0,0.00643142121476,-1
792.15,0.00497756533612,-1
795.0,0.0013797618898,-1
797.0,-0.00113596138064,-1
798.0,-0.00239066652493,-1
797.85,-0.00257863644974,1
795.5,-0.00552405225471,1
792.2,-0.00967238663561,1
786.1,-0.0173724623741,1
787.75,-0.0152734927773,1
788.85,-0.0138771106764,1
789.55,-0.0129897429893,1
798.55,-0.00159084488274,1
791.95,-0.00985582515949,1
792.05,-0.0097295545616,1
793.6,-0.00777260739917,1
790.85,-0.0112378291734,1
793.9,-0.00738121919676,1
788.75,-0.0138681822903,1
780.6,-0.0242009873617,1
788.2,-0.0144648869261,1
789.4,-0.0129424306967,1
786.1,-0.00876204052697,-1
786.4,-0.00914367136274,-1
787.5,-0.0105424506099,-1
789.15,-0.0126376887052,-1
788.5,-0.0118140176667,-1
788.6,-0.0119408407485,-1
789.2,-0.012701682747,-1
791.7,-0.0158694475721,-1
790.0,-0.0137221695628,-1
788.75,-0.0121398910818,-1
788.0,-0.0111890194494,-1
802.5,-0.0295900346779,-1
802.65,-0.0297769505657,-1
800.65,-0.0322686966568,1
787.5,-0.0486928520306,1
787.0,-0.0493277726655,1
791.8,-0.0432286621191,1
787.85,-0.0482172956124,1
788.05,-0.0479634401831,1
794.0,-0.0404131578406,1
798.4,-0.0348715961277,1
798.0,-0.0353725981317,1
795.0,-0.039131996628,1
791.25,-0.0438489777601,1
788.9,-0.0468189619623,1
792.3,-0.0425091635087,1
792.1,-0.042761593144,1
791.5,-0.0435190732601,1
792.6,-0.0421293069935,1
791.0,-0.0441479797162,1
791.3,-0.0437687129653,1
792.5,-0.0422522211164,1
792.1,-0.0427569529776,1
790.0,-0.0454081333841,1
790.65,-0.044585348574,1
791.9,-0.0461663262506,-1
795.15,-0.0502703797927,-1
795.3,-0.0504590234448,-1
792.0,-0.0463096458515,-1
790.1,-0.0439106559525,-1
790.1,-0.0439106559525,-1
782.75,-0.034608036031,-1
783.75,-0.0358855831405,-1
789.35,-0.0430307187067,-1
788.4,-0.0418271968216,-1
787.4,-0.0405588051423,-1
782.0,-0.0337007914262,-1
785.5,-0.038176494751,-1
791.05,-0.0452420580865,-1
789.35,-0.0430930156745,-1
781.3,-0.0328947512798,-1
783.85,-0.0361585423971,-1
786.6,-0.0396668666939,-1
785.0,-0.0376327960099,-1
784.45,-0.0369321590672,-1
791.45,-0.0458556086179,-1
786.3,-0.0393485645848,-1
793.8,-0.0488869087282,-1
794.4,-0.0496427666269,-1
787.2,-0.0405793225182,-1
784.6,-0.0372764769897,-1
790.05,-0.0442226916214,-1
790.4,-0.0446657015575,-1
788.45,-0.0421985962943,-1
789.4,-0.0434034919757,-1
789.95,-0.0441002236707,-1
788.55,-0.0423279596033,-1
792.95,-0.0367480978317,1
790.9,-0.0393333806364,1
790.35,-0.0400287909285,1
790.5,-0.0398390015947,1
790.2,-0.040218508236,1
794.0,-0.0354095990991,1
800.0,-0.0278529240361,1
793.5,-0.0359779240361,1
789.45,-0.0410818937904,1
793.9,-0.0354450580186,1
793.95,-0.0353820777944,1
791.0,-0.0390976770135,1
795.0,-0.0340407870009,1
795.75,-0.0330973907745,1
792.45,-0.0372444218772,1
790.05,-0.0402730041221,1
788.55,-0.0421716181339,1
788.05,-0.0428056933352,1
793.1,-0.0363974705067,1
790.05,-0.0402431394009,1
787.4,-0.0435973574884,1
784.5,-0.0472803648544,1
786.1,-0.0452408492394,1
783.5,-0.041933381996,-1
785.8,-0.0448689276246,-1
784.3,-0.0429600449573,-1
779.75,-0.0371586934336,-1
784.55,-0.0433145126064,-1
781.0,-0.0387896257286,-1
782.5,-0.0407102403253,-1
765.35,-0.0187933074179,-1
779.75,-0.0376082286958,-1
780.5,-0.0385700754415,-1
779.9,-0.0378013374531,-1
782.55,-0.041199208975,-1
784.95,-0.044266105659,-1
784.1,-0.0431832341385,-1
784.95,-0.0442672795409,-1
785.55,-0.0450316594377,-1
786.0,-0.0456045064875,-1
786.0,-0.0456045064875,-1
787.4,-0.047385676971,-1
789.5,-0.050052682305,-1
789.25,-0.0497360261935,-1
799.3,-0.0624696340491,-1
803.95,-0.0566520436575,1
812.35,-0.0462036326866,1
811.55,-0.04718842988,1
810.0,-0.0490983553313,1
810.55,-0.0484193429856,1
809.95,-0.0491595810955,1
809.2,-0.0500855641809,1
810.95,-0.0479229344231,1
807.65,-0.0519922358597,1
808.05,-0.0514969718221,1
807.2,-0.0525488869263,1
821.5,-0.034833326966,1
817.7,-0.039459011689,1
818.45,-0.0385418048895,1
819.95,-0.0367090722852,1
820.0,-0.0366480929571,1
820.0,-0.0366480929571,1
822.15,-0.0340261417376,1
820.1,-0.0365196040012,1
815.55,-0.042067707891,1
814.25,-0.043661724199,1
815.95,-0.0415739133301,1
818.35,-0.0386325566293,1
819.3,-0.037471684142,1
828.15,-0.0266697800776,1
832.05,-0.0219604882826,1
832.3,-0.02166002557,1
831.55,-0.0225611429556,1
831.7,-0.0223807569295,1
830.7,-0.0235831135484,1
830.95,-0.0232821625433,1
830.35,-0.0240042276495,1
832.1,-0.0218966826383,1
833.3,-0.0204545482795,1
831.35,-0.0227946418832,1
834.45,-0.0190657671614,1
856.95,0.00789810125493,1
858.7,0.00994022739998,1
858.7,0.00994022739998,1
860.0,0.0114541437852,1
854.55,0.00511693448289,1
854.75,0.00535097579118,1
859.3,0.0106741697075,1
859.15,0.0104996090186,1
859.65,0.0110815795709,1
859.25,0.0106162739232,1
864.5,0.0167262535566,1
862.6,0.0145284513588,1
878.0,0.0323814539093,1
876.0,0.0301035495813,1
875.5,0.0295327733255,1
867.4,0.0202809172433,1
868.55,0.0216067184884,1
868.7,0.0217794201176,1
875.5,0.0296072087673,1
869.6,0.0228682024851,1
874.35,0.0283304839939,1
870.0,0.0233553596158,1
871.85,0.0254817963974,1
872.2,0.0258832416001,1
873.95,0.0278896621459,1
871.5,0.025086298109,1
868.85,0.022045563743,1
866.35,0.0191681971089,1
867.55,0.0205533185956,1
862.15,0.0143288934904,1
858.1,0.00963133506093,1
858.05,0.00957306679382,1
853.6,0.00438688883217,1
849.3,-0.000650599452743,1
845.45,-0.00518374439564,1
847.7,-0.00784504902631,-1
840.4,0.000766488074082,-1
838.9,0.00255135242439,-1
845.45,-0.00525649118033,-1
840.0,0.00118978003618,-1
840.0,0.00118978003618,-1
846.4,-0.00642926758286,-1
852.45,-0.0135771881878,-1
849.9,-0.0105858103944,-1
846.0,-0.00599703524434,-1
847.2,-0.00741547496066,-1
845.6,-0.00552690083412,-1
844.8,-0.00458082704036,-1
844.3,-0.00398897097976,-1
833.0,0.0093948973135,-1
838.6,0.00267220823787,-1
840.3,0.000645020067111,-1
828.5,0.0146876238991,-1
826.5,0.0171016251061,-1
824.5,0.0195214678163,-1
830.25,0.0125475442262,-1
834.5,0.00742860414796,-1
841.05,-0.000420407236106,-1
840.85,-0.000182609245499,-1
842.5,-0.00214490929902,-1
843.3,-0.00309446419516,-1
832.15,0.0101274022818,-1
840.8,-0.000267358278218,-1
845.15,-0.00544100242665,-1
846.5,-0.00703835200956,-1
852.0,-0.013535694006,-1
849.65,-0.0107774780436,-1
850.0,-0.0111894123695,-1
850.6,-0.0118952947224,-1
848.9,-0.0138938839535,1
846.8,-0.0163676735636,1
848.65,-0.0141829782401,1
844.5,-0.0190730978418,1
853.0,-0.00900797054752,1
856.45,-0.00496342189571,1
863.3,0.00303470992752,1
854.0,-0.00773790677583,1
857.5,-0.00363954612009,1
859.15,-0.00171534786936,1
857.6,-0.00351945658146,1
854.0,-0.00771721777549,1
852.85,-0.00906382199095,1
850.0,-0.0124055585214,1
847.25,-0.0156408526391,1
847.75,-0.0150507080536,1
843.7,-0.0198280598673,1
837.7,-0.0269395924025,1
834.7,-0.0305208267346,1
841.8,-0.0220147766567,1
847.1,-0.015718744345,1
845.65,-0.0174304666919,1
846.9,-0.018908619592,-1
846.9,-0.018908619592,-1
850.8,-0.0235136497018,-1
854.0,-0.0272748156633,-1
857.15,-0.0309633402534,-1
856.3,-0.0299716818506,-1
855.9,-0.0295045558433,-1
859.35,-0.0335354005682,-1
852.1,-0.0250987915032,-1
840.5,-0.0114853658489,-1
852.45,-0.0257030933921,-1
855.0,-0.0286944711855,-1
855.7,-0.0295131846358,-1
860.8,-0.0354732173575,-1
860.0,-0.0364025853873,1
857.15,-0.0397165388756,1
861.25,-0.0349332454031,1
861.0,-0.035223521165,1
853.2,-0.0442827546145,1
861.0,-0.0351407011687,1
860.55,-0.0356633492523,1
849.0,-0.0490849981977,1
846.9,-0.051558496431,1
851.75,-0.0458317282175,1
848.9,-0.0491777804628,1
849.9,-0.0479997854104,1
848.1,-0.0501176816335,1
850.2,-0.0476415585348,1
851.05,-0.0466417937736,1
851.3,-0.0463480390001,1
849.4,-0.044116158347,-1
846.4,-0.0405842534729,-1
835.0,-0.0271154443992,-1
829.05,-0.0199896958962,-1
836.3,-0.0287346449343,-1
831.0,-0.0223972062161,-1
815.5,-0.00374497998265,-1
824.65,-0.0149650903444,-1
827.85,-0.018845524468,-1
821.75,-0.0114770398391,-1
819.3,-0.00849559779468,-1
825.95,-0.0166122827697,-1
827.25,-0.0181862279237,-1
832.6,-0.0246534385614,-1
832.7,-0.0247735442544,-1
842.9,-0.0370228537296,-1
842.4,-0.0364296635528,-1
861.5,-0.0591029778928,-1
860.65,-0.058116326703,-1
862.2,-0.0599172910904,-1
861.4,-0.058989432125,-1
864.25,-0.0622979995733,-1
861.5,-0.0654799492406,1
861.9,-0.0650156427984,1
858.25,-0.0692504728251,1
857.7,-0.0698913117415,1
857.0,-0.0707074479196,1
850.15,-0.0787004467528,1
851.7,-0.0768772390835,1
845.8,-0.0838045609105,1
843.65,-0.0863465330079,1
843.0,-0.0871169946922,1
841.85,-0.0884811702557,1
826.55,-0.106655429328,1
830.6,-0.101755544264,1
833.0,-0.0988660667774,1
835.2,-0.0962250103548,1
835.75,-0.0955664854506,1
833.9,-0.0977800660668,1
835.35,-0.0960412484628,1
831.8,-0.0917915327748,-1
828.75,-0.0881247859606,-1
830.5,-0.0902363998369,-1
833.15,-0.0934272487232,-1
831.45,-0.0913867998244,-1
832.0,-0.0920482948031,-1
834.0,-0.0944521409569,-1
833.8,-0.0942123328034,-1
831.7,-0.0916937432136,-1
833.35,-0.0936776316349,-1
837.3,-0.0984175368368,-1
841.2,-0.103075365572,-1
851.1,-0.114844267141,-1
854.7,-0.119074087374,-1
866.0,-0.132295100595,-1
862.75,-0.128542213759,-1
865.65,-0.125180869221,1
869.5,-0.12073334424,1
866.7,-0.123953585758,1
868.5,-0.12187674256,1
866.75,-0.123891710896,1
866.95,-0.123660963852,1
868.45,-0.121930760265,1
861.8,-0.129588080778,1
862.0,-0.129356008372,1
868.75,-0.121525381922,1
869.55,-0.120604518612,1
864.6,-0.126297118233,1
865.55,-0.125198344233,1
864.55,-0.126353678992,1
864.6,-0.126295845437,1
864.55,-0.126353675647,1
864.75,-0.126122341427,1
861.75,-0.129591552182,1
859.9,-0.131738346495,1
863.35,-0.127726252066,1
865.95,-0.124714727192,1
864.4,-0.126504668874,1
864.85,-0.125984076556,1
871.25,-0.118583949366,1
874.2,-0.115198009625,1
878.55,-0.110222031587,1
878.6,-0.11016511963,1
879.6,-0.109026945262,1
880.85,-0.107605844762,1
882.5,-0.105732654094,1
880.0,-0.108565515283,1
881.9,-0.106406424374,1
882.65,-0.105555987817,1
880.55,-0.10793518682,1
882.85,-0.105323182959,1
883.4,-0.104700200572,1
889.5,-0.0977950613373,1
886.25,-0.101448799392,1
886.2,-0.101505216882,1
891.55,-0.0954682049207,1
889.8,-0.0974310785677,1
888.55,-0.0988358886374,1
889.9,-0.0973165593931,1
879.1,-0.109452754471,1
877.75,-0.110988415943,1
879.8,-0.108652898996,1
879.25,-0.109278041074,1
871.35,-0.118262971413,1
863.5,-0.127271980422,1
859.15,-0.132309617943,1
856.45,-0.135452258926,1
852.15,-0.130431533839,-1
850.05,-0.127967178972,-1
856.2,-0.13520204751,-1
856.35,-0.135377240222,-1
862.1,-0.142091784508,-1
860.75,-0.140525840882,-1
855.45,-0.134368420028,-1
854.5,-0.133257893405,-1
853.4,-0.131970590889,-1
853.65,-0.132263536752,-1
870.25,-0.151709445497,-1
871.85,-0.153547997637,-1
872.05,-0.153777394896,-1
874.05,-0.156070841373,-1
870.7,-0.152238108692,-1
864.5,-0.145117401215,-1
867.85,-0.148992473511,-1
864.95,-0.145650882222,-1
864.95,-0.145650882222,-1
868.05,-0.14923490442,-1
873.0,-0.154937340916,-1
876.5,-0.158946504719,-1
882.0,-0.152671547502,1
871.75,-0.164292862695,1
879.5,-0.155402699231,1
879.1,-0.155857503097,1
879.5,-0.15540249229,1
877.1,-0.158131315485,1
878.35,-0.156706164419,1
879.0,-0.155966140511,1
881.75,-0.152837585334,1
878.45,-0.156580142749,1
879.05,-0.155897121518,1
873.8,-0.161869478039,1
872.5,-0.163357232674,1
869.7,-0.166566401729,1
868.0,-0.168521098751,1
865.85,-0.170998057276,1
865.95,-0.17088256383,1
864.8,-0.172210585079,1
864.45,-0.172615302932,1
857.1,-0.164112786882,-1
867.15,-0.175838373161,-1
864.15,-0.172378764097,-1
861.4,-0.169196446212,-1
857.05,-0.164146527475,-1
852.15,-0.158429241436,-1
862.9,-0.171044391351,-1
862.9,-0.171044391351,-1
862.9,-0.171044391351,-1
862.9,-0.171044391351,-1
864.65,-0.173072436316,-1
867.45,-0.176310740832,-1
865.05,-0.173544010761,-1
866.65,-0.17539361483,-1
867.8,-0.176720563425,-1
870.85,-0.180235198134,-1
870.05,-0.179316555428,-1
866.75,-0.175523669962,-1
869.0,-0.178119574202,-1
867.5,-0.176393452223,-1
870.9,-0.18031276058,-1
863.8,-0.172160274646,-1
864.85,-0.170944715489,1
869.3,-0.165799314552,1
871.2,-0.163613647924,1
869.5,-0.165564979421,1
868.9,-0.166255031174,1
863.45,-0.172527329483,1
861.8,-0.174438268159,1
856.25,-0.180878277442,1
852.05,-0.185783386931,1
860.9,-0.175396672536,1
859.6,-0.176906720161,1
861.5,-0.174696389774,1
859.0,-0.17179447451,-1
860.4,-0.173424276606,-1
857.6,-0.17016997628,-1
857.5,-0.170053371803,-1
868.25,-0.182589814952,-1
869.55,-0.184087079564,-1
868.05,-0.182362049376,-1
867.35,-0.181555644215,-1
869.55,-0.184092105851,-1
867.6,-0.181849566607,-1
859.0,-0.171937164578,-1
858.35,-0.171180470748,-1
860.3,-0.173452271296,-1
862.85,-0.176416353593,-1
861.95,-0.1753732986,-1
859.0,-0.171950826299,-1
858.9,-0.171834411864,-1
858.7,-0.171601555885,-1
858.4,-0.171252190566,-1
858.05,-0.170844455244,-1
856.95,-0.169562478669,-1
856.55,-0.169095706979,-1
864.9,-0.178844116295,-1
865.8,-0.179884699022,-1
867.95,-0.177401446539,1
865.4,-0.180339403794,1
861.8,-0.18449932984,1
861.7,-0.184615366043,1
861.4,-0.184267217035,-1
860.7,-0.183454586434,-1
857.8,-0.180085235905,-1
856.05,-0.178045133317,-1
855.4,-0.177285831875,-1
858.15,-0.180500702111,-1
859.0,-0.181491204937,-1
852.8,-0.174273509943,-1
847.0,-0.167472384239,-1
841.45,-0.160919845868,-1
843.95,-0.163890907726,-1
843.4,-0.16323921035,-1
845.5,-0.165729132096,-1
844.4,-0.164428126773,-1
843.7,-0.163599135774,-1
844.15,-0.164132500714,-1
853.05,-0.174675650628,-1
854.85,-0.176785726239,-1
860.85,-0.183804501463,-1
853.0,-0.174685607347,-1
851.65,-0.173102957874,-1
849.95,-0.171106832705,-1
849.45,-0.170518562807,-1
853.55,-0.175345215347,-1
855.7,-0.177864107035,-1
853.4,-0.175176249141,-1
854.5,-0.17646521094,-1
855.8,-0.177986568459,-1
857.1,-0.179505614966,-1
861.4,-0.184522532478,-1
861.2,-0.18475471265,1
864.0,-0.181503435362,1
849.95,-0.197765009437,1
851.35,-0.196117853721,1
850.75,-0.196822616745,1
852.0,-0.195353324944,1
853.1,-0.194062245131,1
857.85,-0.188494316401,1
857.5,-0.188902313137,1
862.4,-0.183188027423,1
864.85,-0.180347118332,1
864.15,-0.181156507243,1
864.25,-0.181040786593,1
867.1,-0.177743129665,1
873.4,-0.170477531694,1
869.6,-0.17482834461,1
869.7,-0.174713349209,1
870.0,-0.174368402676,1
868.05,-0.176609781986,1
865.5,-0.179547400787,1
863.05,-0.182378134467,1
862.0,-0.183594749959,1
859.6,-0.186378972696,1
860.9,-0.18486664138,1
860.9,-0.18486664138,1
860.45,-0.185389350173,1
860.0,-0.185912332333,1
852.95,-0.194110006752,1
851.5,-0.195809989166,1
850.35,-0.197160547005,1
850.05,-0.197513342912,1
848.1,-0.195219360206,-1
848.35,-0.195514136765,-1
848.2,-0.19533732295,-1
845.8,-0.192507801611,-1
845.75,-0.19244868598,-1
845.5,-0.192153090355,-1
845.75,-0.192448773383,-1
842.85,-0.189019864131,-1
833.4,-0.177807904707,-1
824.25,-0.166828783037,-1
824.0,-0.166525477001,-1
829.65,-0.173382273118,-1
827.05,-0.170248421494,-1
827.15,-0.170369333168,-1
828.5,-0.172001443426,-1
827.55,-0.170854792853,-1
828.9,-0.172486114223,-1
829.6,-0.173330606924,-1
830.95,-0.174957897184,-1
833.05,-0.177485125056,-1
835.2,-0.180066002554,-1
833.4,-0.177910830141,-1
826.8,-0.16999146369,-1
826.0,-0.169023877817,-1
826.95,-0.170173998882,-1
827.25,-0.170536777768,-1
829.05,-0.172712661721,-1
827.15,-0.170420881973,-1
826.7,-0.169876845221,-1
828.9,-0.172538028237,-1
827.15,-0.170426796485,-1
823.9,-0.166497642159,-1
829.2,-0.172930461676,-1
816.4,-0.157493896312,-1
803.6,-0.141815307385,-1
808.8,-0.148286188421,-1
809.0,-0.148533468341,-1
806.75,-0.145752256969,-1
804.6,-0.143087243024,-1
805.05,-0.143646527141,-1
806.75,-0.145758197223,-1
806.7,-0.145696220155,-1
807.95,-0.147245742902,-1
805.3,-0.143965836967,-1
810.8,-0.150795589854,-1
816.45,-0.1577640161,-1
825.5,-0.168848589558,-1
823.05,-0.165880691315,-1
825.1,-0.168371426993,-1
825.35,-0.16867442057,-1
825.6,-0.168977322369,-1
824.35,-0.167463271981,-1
817.5,-0.159153694738,-1
822.15,-0.164841768133,-1
824.3,-0.167456862702,-1
825.95,-0.169458561113,-1
832.9,-0.161044008174,1
837.15,-0.155941354794,1
842.0,-0.150147888868,1
841.5,-0.150741713096,1
841.0,-0.151335890161,1
843.35,-0.148541597652,1
845.0,-0.146585114578,1
843.5,-0.148360262507,1
843.05,-0.148893753912,1
842.95,-0.149012370839,1
842.0,-0.150139365323,1
838.8,-0.153939840382,1
845.15,-0.146369501803,1
844.2,-0.147493562621,1
844.1,-0.147612017963,1
836.5,-0.156615690514,1
839.2,-0.153387955905,1
841.0,-0.151243056,1
841.0,-0.151243056,1
846.45,-0.144762675501,1
844.55,-0.147007344412,1
840.3,-0.152039610116,1
843.0,-0.148826471951,1
846.05,-0.145208441109,1
849.45,-0.14118976609,1
845.55,-0.145780972164,1
848.0,-0.142883449841,1
835.35,-0.157800902672,1
830.0,-0.164205403779,1
828.85,-0.165590945948,1
826.2,-0.162393745007,-1
822.8,-0.158278518669,-1
824.6,-0.160466170589,-1
824.35,-0.160162993291,-1
821.5,-0.156705723928,-1
818.0,-0.152445224841,-1
814.2,-0.147799748068,-1
811.3,-0.144237969635,-1
806.65,-0.138506427665,-1
810.5,-0.14327925355,-1
791.4,-0.119713553365,-1
780.5,-0.105940492966,-1
784.5,-0.111065412889,-1
785.2,-0.111957700971,-1
786.3,-0.113358617934,-1
785.6,-0.112468372481,-1
786.4,-0.11348670242,-1
787.15,-0.114440415543,-1
788.6,-0.11628250409,-1
796.45,-0.12623685357,-1
802.6,-0.133958618904,-1
794.6,-0.123991013621,-1
806.0,-0.138337854799,-1
805.9,-0.13821378532,-1
809.6,-0.14280492566,-1
809.65,-0.142866684554,-1
810.65,-0.144101786141,-1
808.8,-0.141819666854,-1
810.4,-0.143797906221,-1
812.65,-0.146574312933,-1
811.3,-0.144913081161,-1
812.15,-0.145960782381,-1
812.9,-0.146884257109,-1
813.4,-0.146269175303,1
810.5,-0.149834456837,1
819.3,-0.138976961464,1
823.45,-0.133911661818,1
824.9,-0.132150777733,1
821.1,-0.136757396717,1
823.0,-0.134443427651,1
822.85,-0.134625687675,1
824.6,-0.132498933103,1
824.6,-0.132498933103,1
825.7,-0.131164952991,1
828.1,-0.128258328309,1
823.1,-0.134296246435,1
817.5,-0.141099793999,1
815.75,-0.143240466782,1
817.6,-0.140972615111,1
812.0,-0.14782193018,1
813.1,-0.146467250377,1
812.1,-0.147697111403,1
813.55,-0.145911617005,1
813.65,-0.14578869893,1
813.5,-0.145973053382,1
813.35,-0.146157441827,1
813.35,-0.146157441827,1
815.05,-0.144067320723,1
813.0,-0.141552137606,-1
815.0,-0.144012162206,-1
813.7,-0.142417070181,-1
816.65,-0.146042484954,-1
816.5,-0.145858807736,-1
816.25,-0.1455526228,-1
814.95,-0.143959973489,-1
815.25,-0.144328094233,-1
815.95,-0.145186726554,-1
816.0,-0.145248004819,-1
814.0,-0.142797024426,-1
813.8,-0.142551324181,-1
813.5,-0.142182683237,-1
816.25,-0.145563138062,-1
813.6,-0.142316583697,-1
809.0,-0.136662699725,-1
807.75,-0.135117582296,-1
808.05,-0.135488984339,-1
802.0,-0.128001823891,-1
802.5,-0.128625265287,-1
801.3,-0.127129938184,-1
801.1,-0.126880343775,-1
801.65,-0.127566899761,-1
803.1,-0.129375669174,-1
802.8,-0.12900211669,-1
804.65,-0.131306551169,-1
800.2,-0.125776196356,-1
802.55,-0.128712962165,-1
803.0,-0.129273674893,-1
801.35,-0.127218880373,-1
801.1,-0.126906906828,-1
800.95,-0.126719664287,-1
800.05,-0.125595998639,-1
800.8,-0.126533440049,-1
804.05,-0.130591881608,-1
804.65,-0.131338103858,-1
808.5,-0.136122792853,-1
807.85,-0.135318834906,-1
808.75,-0.136432903112,-1
811.65,-0.140018683637,-1
810.4,-0.138478610946,-1
812.85,-0.141501809366,-1
817.0,-0.146607302385,-1
816.85,-0.146790900916,1
819.05,-0.144097627977,1
820.05,-0.142876701294,1
820.45,-0.142388926158,1
819.7,-0.143303058647,1
820.3,-0.142571083534,1
819.9,-0.143058710012,1
817.0,-0.146595726721,1
809.0,-0.156387648386,1
812.9,-0.151566882008,1
814.95,-0.149045046603,1
815.2,-0.148738279317,1
816.4,-0.147266247914,1
812.05,-0.152594518369,1
812.45,-0.152101937863,1
812.65,-0.151855768868,1
813.45,-0.150871335225,1
813.8,-0.150441069075,1
811.8,-0.152898675366,1
812.55,-0.151974802491,1
811.5,-0.153267030662,1
816.4,-0.147228829799,1
813.9,-0.150291054199,1
814.45,-0.149615295506,1
814.0,-0.149062775401,-1
816.05,-0.151581202919,-1
816.25,-0.151826285941,-1
816.05,-0.15158126297,-1
815.6,-0.151029826171,-1
814.7,-0.149926344072,-1
815.85,-0.15133790661,-1
815.8,-0.151276620835,-1
817.95,-0.1539120707,-1
817.1,-0.152872887376,-1
819.4,-0.155687720321,-1
820.35,-0.154528335406,1
821.4,-0.153248393917,1
824.0,-0.150083066428,1
823.45,-0.150750542156,1
823.25,-0.150993422719,1
823.95,-0.150143134229,1
823.95,-0.150143134229,1
820.7,-0.154087548331,1
823.75,-0.150371208621,1
825.55,-0.148186079638,1
824.6,-0.149336827624,1
823.8,-0.150306994978,1
825.1,-0.148728942053,1
825.2,-0.148607744622,1
828.5,-0.144608714084,1
829.2,-0.143763813662,1
830.25,-0.142497532909,1
830.6,-0.142075973138,1
830.45,-0.142256565481,1
831.9,-0.140510524178,1
830.45,-0.142253522134,1
831.75,-0.140688105794,1
833.7,-0.13834365133,1
831.75,-0.140682622183,1
831.6,-0.140862964834,1
834.0,-0.137976961948,1
837.5,-0.133780319262,1
836.45,-0.135034050606,1
838.05,-0.133121204649,1
835.7,-0.135925333281,1
837.75,-0.133472299896,1
838.7,-0.132338310042,1
839.4,-0.131503685028,1
839.0,-0.131980215883,1
836.9,-0.134483195621,1
839.2,-0.131734958077,1
834.0,-0.13793133558,1
831.2,-0.141288649728,1
830.6,-0.142010497659,1
827.35,-0.145923331755,1
827.65,-0.145560728262,1
831.3,-0.141150651539,1
831.3,-0.141150651539,1
831.15,-0.141331091813,1
830.4,-0.142233456007,1
830.05,-0.142654939629,1
831.0,-0.143799448996,-1
832.05,-0.145062986902,-1
828.0,-0.140195490959,-1
832.2,-0.145267954727,-1
830.4,-0.143105013126,-1
829.5,-0.142021198097,-1
832.45,-0.14557755735,-1
834.35,-0.147859976714,-1
832.95,-0.146182023817,-1
833.45,-0.146782299944,-1
833.25,-0.146542333539,-1
834.3,-0.147802459552,-1
834.0,-0.147442876668,-1
831.0,-0.143845754366,-1
834.2,-0.147696536556,-1
819.15,-0.129655299443,-1
821.35,-0.13234101024,-1
825.3,-0.137150165899,-1
825.1,-0.136907829779,-1
824.3,-0.135938250334,-1
825.0,-0.13678745572,-1
823.75,-0.135272304205,-1
822.8,-0.134119041686,-1
822.8,-0.134119041686,-1
820.55,-0.131384476786,-1
820.25,-0.131018868352,-1
818.9,-0.129373028669,-1
820.65,-0.131510041735,-1
809.65,-0.118106032718,-1
805.65,-0.11316562637,-1
807.1,-0.11496541536,-1
807.5,-0.115461016896,-1
808.05,-0.116142131448,-1
809.05,-0.117379678629,-1
809.0,-0.117317877751,-1
809.0,-0.117317877751,-1
809.0,-0.117317877751,-1
808.5,-0.11669983078,-1
807.45,-0.115401129481,-1
809.35,-0.11775421636,-1
800.45,-0.106757737704,-1
800.0,-0.106195553932,-1
803.05,-0.110008053932,-1
807.95,-0.116109791059,-1
808.45,-0.116728641236,-1
814.45,-0.124150250488,-1
810.7,-0.119545916275,-1
814.0,-0.123616472584,-1
815.25,-0.12515209912,-1
814.0,-0.123618827117,-1
813.9,-0.123495976995,-1
816.05,-0.126137579157,-1
814.0,-0.123625478183,-1
813.1,-0.122519827077,-1
812.5,-0.121781910462,-1
811.15,-0.123443448923,1
814.45,-0.119375150828,1
813.65,-0.120357408793,1
813.6,-0.120418860277,1
814.1,-0.119804307672,1
813.45,-0.120602735383,1
814.5,-0.119311936932,1
813.55,-0.120478296662,1
814.0,-0.119925165324,1
814.05,-0.119863740263,1
815.65,-0.117898259027,1
814.95,-0.11875647027,1
813.15,-0.120965194731,1
811.85,-0.122563915754,1
810.35,-0.124411547706,1
809.8,-0.125090266778,1
807.15,-0.12836267972,1
806.85,-0.128734357846,1
805.45,-0.126999215007,-1
805.7,-0.127309600506,-1
803.45,-0.1245169978,-1
803.5,-0.124579229426,-1
803.4,-0.124454773919,-1
810.5,-0.133292214795,-1
809.0,-0.131441505357,-1
806.55,-0.128413075196,-1
805.9,-0.127607173516,-1
808.1,-0.130337040745,-1
807.6,-0.12971830544,-1
810.0,-0.132690073642,-1
809.6,-0.132196246482,-1
808.9,-0.131331621976,-1
808.45,-0.130775310936,-1
809.5,-0.132074092555,-1
812.75,-0.136088916521,-1
806.7,-0.128645053094,-1
807.25,-0.129326843103,-1
811.15,-0.134158060198,-1
811.0,-0.133973137557,-1
811.2,-0.134219746682,-1
814.5,-0.138287794019,-1
812.75,-0.140436351416,1
809.55,-0.144373601493,1
811.25,-0.142273669432,1
811.15,-0.142396935996,1
811.6,-0.141842168074,1
812.6,-0.140610034018,1
812.05,-0.141286873791,1
808.0,-0.146274251416,1
807.75,-0.146583657356,1
803.15,-0.152278488678,1
800.1,-0.156076035836,1
801.0,-0.154951176443,1
802.85,-0.157260789427,-1
798.6,-0.151967148025,-1
799.0,-0.152468024558,-1
799.45,-0.153031228563,-1
800.5,-0.154344631528,-1
800.65,-0.154532014414,-1
798.0,-0.151222203635,-1
795.55,-0.148152028196,-1
790.35,-0.141615669702,-1
790.65,-0.14199524837,-1
794.75,-0.147180855149,-1
794.05,-0.14630007503,-1
795.05,-0.147559441568,-1
795.25,-0.147810998074,-1
801.1,-0.155167175377,-1
800.0,-0.153794063406,-1
802.5,-0.156919063406,-1
803.75,-0.158476695805,-1
803.75,-0.158476695805,-1
803.1,-0.157667986629,-1
819.9,-0.17858692574,-1
815.3,-0.172976485442,-1
816.5,-0.174448336295,-1
815.5,-0.175673076037,1
814.9,-0.176408820979,1
817.25,-0.173525031557,1
815.35,-0.175849901548,1
814.2,-0.177260338784,1
815.55,-0.175602269513,1
816.4,-0.174560028081,1
817.45,-0.173273893833,1
809.55,-0.182938093478,1
811.2,-0.180899924125,1
810.25,-0.182071028661,1
810.45,-0.181824191266,1
810.3,-0.182009273627,1
808.7,-0.183983850944,1
807.4,-0.185591369183,1
807.3,-0.185715223531,1
806.95,-0.186148767442,1
808.55,-0.184165992797,1
807.8,-0.185093579217,1
807.55,-0.185403061763,1
805.2,-0.188313098293,1
804.95,-0.188623580161,1
802.3,-0.185331450215,-1
805.35,-0.1891330207,-1
805.3,-0.189070935892,-1
804.05,-0.187518719326,-1
804.05,-0.187518719326,-1
804.0,-0.187456534139,-1
804.6,-0.188202802796,-1
802.4,-0.185468524894,-1
801.55,-0.18440920286,-1
804.45,-0.188027193004,-1
807.95,-0.192377991686,-1
804.2,-0.187736615363,-1
808.45,-0.193021370399,-1
809.25,-0.1940109183,-1
807.0,-0.191230566122,-1
806.55,-0.190672945304,-1
806.35,-0.190424975556,-1
806.2,-0.190238952117,-1
806.1,-0.190114913417,-1
807.0,-0.191231400205,-1
806.5,-0.190611821519,-1
806.9,-0.191107791761,-1
803.8,-0.194949655684,1
803.65,-0.19513626927,1
802.2,-0.196940537297,1
802.2,-0.196940537297,-1
804.35,-0.19962066694,-1
805.0,-0.198812561016,1
802.45,-0.20198026288,1
803.85,-0.200235605892,1
804.55,-0.201106415122,-1
800.25,-0.19576181255,-1
797.0,-0.191700581684,-1
798.3,-0.193331698372,-1
799.95,-0.195398590518,-1
798.5,-0.193585977229,-1
796.45,-0.191018663516,-1
800.55,-0.196166507072,-1
798.95,-0.194167881127,-1
798.9,-0.194105298988,-1
798.2,-0.193229094206,-1
798.3,-0.193354376091,-1
798.25,-0.193291742995,-1
798.8,-0.193980750199,-1
798.55,-0.193667780744,-1
798.8,-0.193980848179,-1
799.35,-0.194669380978,-1
799.7,-0.195107236736,-1
803.85,-0.200296682778,-1
804.2,-0.200732087394,-1
797.2,-0.192027784981,-1
795.6,-0.190020760395,-1
796.1,-0.190649216906,-1
795.05,-0.189330287123,-1
795.1,-0.18939317625,-1
795.0,-0.189267405907,-1
793.9,-0.187883758108,-1
794.15,-0.188198659229,-1
793.9,-0.187883857239,-1
795.05,-0.189332402396,-1
795.25,-0.189583958902,-1
795.85,-0.190338438625,-1
796.4,-0.191029523629,-1
795.15,-0.189459960595,-1
792.6,-0.186253018509,-1
793.1,-0.186883853735,-1
793.95,-0.187955597525,-1
794.05,-0.188081550041,-1
794.05,-0.188081550041,-1
794.5,-0.188648264983,-1
796.15,-0.190725042831,-1
796.2,-0.190787845067,-1
797.8,-0.192797390407,-1
798.25,-0.193361441548,-1
798.0,-0.193048256455,-1
800.3,-0.195930461969,-1
798.9,-0.194181117973,-1
799.3,-0.19468180642,-1
799.0,-0.194306478007,-1
800.55,-0.192366553101,1
801.75,-0.190867583643,1
800.9,-0.191927764497,1
801.35,-0.191365896598,1
800.95,-0.19186505427,1
801.0,-0.191802628401,1
799.0,-0.194299507302,1
800.0,-0.193047942846,1
794.7,-0.199672942846,1
794.2,-0.200302111086,1
792.9,-0.201938978374,1
793.0,-0.201812859065,1
794.1,-0.200425721612,1
794.2,-0.200299792888,1
794.55,-0.199859097849,1
796.7,-0.197153163672,1
796.0,-0.198031787998,1
794.75,-0.196461436239,-1
794.9,-0.196650174836,-1
794.85,-0.196587273842,-1
796.1,-0.198159897607,-1
792.05,-0.193072597017,-1
790.95,-0.191683795805,-1
791.3,-0.192126301652,-1
791.2,-0.191999927332,-1
792.0,-0.193011049678,-1
791.95,-0.192947918364,-1
792.1,-0.193137324261,-1
792.35,-0.193452940976,-1
793.0,-0.194273285521,-1
792.75,-0.193958027009,-1
792.1,-0.193138096388,-1
792.15,-0.193201219731,-1
795.0,-0.196799023177,-1
793.95,-0.19547826846,-1
791.95,-0.192959218142,-1
791.3,-0.192138459256,-1
792.85,-0.194097261227,-1
792.85,-0.194097261227,-1
792.7,-0.193908070334,-1
794.5,-0.196178790657,-1
794.05,-0.195612396698,-1
794.4,-0.196053174987,-1
792.7,-0.193913195128,-1
792.65,-0.193850119563,-1
792.0,-0.1930300855,-1
786.15,-0.185643721864,-1
781.7,-0.179983224503,-1
781.05,-0.179151703459,-1
780.7,-0.178703588742,-1
781.7,-0.179984490497,-1
780.6,-0.178577301038,-1
781.0,-0.179089727377,-1
782.9,-0.181522505866,-1
783.5,-0.182288887268,-1
785.05,-0.184267189757,-1
784.0,-0.18292969533,-1
784.45,-0.183503674922,-1
778.0,-0.17528135355,-1
775.95,-0.172646392111,-1
776.05,-0.172775266394,-1
774.75,-0.171100116597,-1
774.3,-0.17051928407,-1
774.5,-0.170777581887,-1
774.85,-0.171229486342,-1
775.2,-0.171681186671,-1
775.45,-0.172003684091,-1
775.5,-0.172068162781,-1
772.0,-0.167554945502,-1
772.6,-0.168332147574,-1
772.1,-0.167684982159,-1
774.5,-0.170793387806,-1
775.3,-0.171826312273,-1
775.45,-0.172019785767,-1
776.1,-0.172858008734,-1
777.45,-0.174597475298,-1
776.8,-0.17376140867,-1
778.0,-0.175306207846,-1
780.05,-0.177941169286,-1
780.25,-0.178197563107,-1
782.8,-0.181465746381,-1
786.1,-0.185681382559,-1
786.6,-0.186317433952,-1
781.25,-0.179516010102,-1
776.5,-0.185596010102,1
776.85,-0.1851452696,1
777.1,-0.184823457152,1
777.0,-0.18495214072,1
777.05,-0.184887790655,1
777.15,-0.184759098808,1
775.7,-0.186624890483,1
777.5,-0.184304405759,1
777.05,-0.184883183894,1
777.05,-0.184883183894,1
781.5,-0.179156396686,1
783.5,-0.176597215624,1
810.6,-0.142008830174,1
810.65,-0.14194714747,1
811.7,-0.140651890577,1
813.5,-0.13843432251,1
812.85,-0.139233339105,1
816.3,-0.134989013584,1
818.2,-0.132661437938,1
820.1,-0.130339267319,1
819.0,-0.131680567161,1
820.6,-0.129726965207,1
822.5,-0.127411586216,1
822.6,-0.127290005669,1
831.4,-0.116592218166,1
820.4,-0.129822913379,1
821.0,-0.129091562818,1
821.75,-0.128178042721,1
814.1,-0.13748744339,1
813.05,-0.138777211232,1
809.4,-0.143266480035,1
813.1,-0.138695192661,1
814.15,-0.137403838584,1
815.95,-0.135192943786,1
815.0,-0.136357230813,1
813.1,-0.138688519157,1
815.7,-0.13549088049,1
781.4,-0.177540653691,1
771.5,-0.190210221134,1
766.75,-0.196367058464,1
766.7,-0.196301848161,-1
765.0,-0.194084553261,-1
766.1,-0.195522461757,-1
756.95,-0.183578851263,-1
763.05,-0.191637507713,-1
760.1,-0.18777144389,-1
761.45,-0.189547525984,-1
765.0,-0.19420968371,-1
762.0,-0.190288115082,-1
764.85,-0.194028272563,-1
765.45,-0.194812740105,-1
763.85,-0.19272246641,-1
761.85,-0.190104151296,-1
760.5,-0.188332148933,-1
760.8,-0.188726626251,-1
761.05,-0.189055227723,-1
759.8,-0.18741276008,-1
759.85,-0.187478566871,-1
759.05,-0.186425727495,-1
756.75,-0.183395624076,-1
755.85,-0.182206327743,-1
755.1,-0.181214067374,-1
746.9,-0.170354578564,-1
747.4,-0.171024012223,-1
747.2,-0.170756417896,-1
746.35,-0.169618837597,-1
745.3,-0.168211990943,-1
746.0,-0.169151210049,-1
745.75,-0.168816089406,-1
747.3,-0.170894533925,-1
747.0,-0.170493088722,-1
746.85,-0.170292285509,-1
747.65,-0.171363451071,-1
747.75,-0.171497203496,-1
740.3,-0.161533980493,-1
745.6,-0.168693240253,-1
746.95,-0.17050386257,-1
745.05,-0.167960184948,-1
747.0,-0.170577458956,-1
747.15,-0.170778262169,-1
745.15,-0.168101423516,-1
745.65,-0.168772429354,-1
743.05,-0.165285538721,-1
741.9,-0.163737863598,-1
737.7,-0.158076723283,-1
738.6,-0.159296731416,-1
736.6,-0.1565889058,-1
749.5,-0.174101802895,-1
740.15,-0.161626819573,-1
738.45,-0.15932998785,-1
738.5,-0.159397697241,-1
738.1,-0.158856058785,-1
737.1,-0.157501228816,-1
736.25,-0.156348060996,-1
732.8,-0.151662152677,-1
734.0,-0.153299707262,-1
733.25,-0.152277908897,-1
726.2,-0.14266317995,-1
724.3,-0.140046820821,-1
722.25,-0.137216501892,-1
728.0,-0.145177734152,-1
729.55,-0.147306855031,-1
727.4,-0.144359832894,-1
733.9,-0.153295769106,-1
734.1,-0.153568285797,-1
737.6,-0.158336028612,-1
739.55,-0.160979737939,-1
739.45,-0.160844520577,-1
739.9,-0.161453080994,-1
738.85,-0.160033970303,-1
736.3,-0.156582660836,-1
740.0,-0.161607786464,-1
740.75,-0.162621299977,-1
736.2,-0.156478876758,-1
736.95,-0.157497621664,-1
737.05,-0.15763331608,-1
737.05,-0.15763331608,1
737.1,-0.157565478077,1
737.05,-0.157633311478,1
737.7,-0.156751417441,1
738.2,-0.156073635145,1
737.7,-0.156750958364,1
737.9,-0.156479845445,1
738.2,-0.156073286291,1
736.95,-0.157766594337,1
735.15,-0.160209093829,1
735.4,-0.159869027175,1
737.4,-0.157149418799,1
737.5,-0.157013807191,1
739.15,-0.154776519055,1
743.8,-0.148485509111,1
740.35,-0.153123852752,1
740.0,-0.153596602127,1
740.7,-0.152650656181,1
741.5,-0.151570596778,1
742.0,-0.150896287945,1
741.9,-0.151031058834,1
743.9,-0.148335277732,1
745.05,-0.146789371024,1
743.55,-0.148802658722,1
745.65,-0.145978369838,1
745.0,-0.146850092496,1
745.7,-0.145910495181,1
744.5,-0.147519721411,1
742.1,-0.150743361438,1
741.15,-0.152023512361,1
741.0,-0.152225900542,1
741.8,-0.151146278409,1
741.1,-0.152089928989,1
743.5,-0.148851499627,1
741.1,-0.152079475417,1
737.85,-0.156464848511,1
742.75,-0.149823932336,1
742.15,-0.150631741155,1
740.7,-0.152585524083,1
740.7,-0.152585524083,1
743.3,-0.149075331022,1
743.0,-0.149478936565,1
745.0,-0.146787146524,1
743.5,-0.148800569343,1
746.5,-0.152835539081,-1
745.7,-0.153907206864,1
750.35,-0.147671455221,1
750.1,-0.148004633072,1
749.8,-0.148404579745,1
749.35,-0.149004739788,1
749.75,-0.148470943832,1
750.0,-0.14813749935,1
749.35,-0.149004166017,1
750.0,-0.148136747587,1
750.1,-0.148003414254,1
750.0,-0.148136729812,1
750.35,-0.147670063145,1
754.7,-0.141872768549,1
754.75,-0.141806517059,1
756.5,-0.1394878685,1
755.8,-0.140413182445,1
754.45,-0.142199369267,1
754.95,-0.141536634825,1
755.05,-0.141404175722,1
755.25,-0.141139292602,1
755.0,-0.141470308821,1
754.1,-0.142662361801,1
753.15,-0.143922141671,1
753.55,-0.14339103897,1
754.0,-0.14279386559,1
750.0,-0.148098905378,1
750.0,-0.148098905378,1
746.45,-0.152832238711,1
747.6,-0.151291613083,1
744.5,-0.155438215545,1
746.25,-0.153087644692,1
746.0,-0.152752636316,-1
745.9,-0.152618588059,-1
748.1,-0.155568045091,-1
749.55,-0.157506288641,-1
750.0,-0.158106648857,-1
752.65,-0.161639982191,-1
754.0,-0.163433644583,-1
754.2,-0.163698896573,-1
750.0,-0.158130081935,-1
749.75,-0.157796748602,-1
748.1,-0.155596015024,-1
749.25,-0.157133242667,-1
748.75,-0.156465908666,-1
743.45,-0.149387444559,-1
745.15,-0.151674081186,-1
743.45,-0.149392661338,-1
744.05,-0.150199709559,-1
745.0,-0.151476505473,-1
745.85,-0.15261744507,-1
740.95,-0.146047759477,-1
738.7,-0.143011117328,-1
739.15,-0.143620295614,-1
738.3,-0.142470326055,-1
741.05,-0.146195099182,-1
740.25,-0.145115549894,-1
740.2,-0.145048005146,-1
741.2,-0.146398991366,-1
743.15,-0.149029860227,-1
743.45,-0.149433547235,-1
745.25,-0.151854691898,-1
743.1,-0.148969753958,-1
741.1,-0.146278326156,-1
741.55,-0.146885531661,-1
740.75,-0.145806710273,-1
739.9,-0.144659224617,-1
739.65,-0.144321341119,-1
740.2,-0.145064936063,-1
742.65,-0.148374852301,-1
740.95,-0.146085752456,-1
740.6,-0.1456133859,-1
739.35,-0.143925565214,-1
739.6,-0.144263700062,-1
739.45,-0.144060887731,-1
736.8,-0.140477143056,-1
736.3,-0.13979853285,-1
739.75,-0.144484122962,-1
738.9,-0.143335086126,-1
737.2,-0.141034368843,-1
737.7,-0.14171261084,-1
734.2,-0.136968134766,-1
735.2,-0.138330161461,-1
736.05,-0.139486309448,-1
736.0,-0.139418379281,-1
735.45,-0.138671096672,-1
734.9,-0.137923255214,-1
735.5,-0.138739692825,-1
739.35,-0.143974227155,-1
747.55,-0.155065050175,-1
755.0,-0.165030938745,-1
750.75,-0.159401799672,-1
751.65,-0.158202998473,1
755.4,-0.153213974326,1
754.55,-0.154339205992,1
753.4,-0.155863293196,1
752.6,-0.156925146129,1
750.6,-0.159582600288,1
751.2,-0.158783239777,1
754.85,-0.153924347338,1
753.35,-0.155911497103,1
751.9,-0.157836233281,1
755.5,-0.153048362554,1
747.7,-0.163372651104,1
752.9,-0.156417990144,1
750.1,-0.160136943524,1
749.85,-0.160470232419,1
747.9,-0.163070752523,1
745.5,-0.166279737681,1
749.55,-0.160847142108,1
748.8,-0.161847742468,1
753.9,-0.155036845032,1
754.35,-0.154439948892,1
755.55,-0.152849175379,1
758.6,-0.14881238099,1
755.55,-0.152832945188,1
755.6,-0.15276676823,1
755.45,-0.152965285965,1
758.0,-0.149589814391,1
759.8,-0.147215144207,1
761.85,-0.144517065765,1
763.75,-0.142023136514,1
769.4,-0.13462542784,1
765.4,-0.139824284091,1
769.5,-0.134467607844,1
775.15,-0.127125177694,1
772.0,-0.131188907295,1
775.05,-0.127238130093,1
773.4,-0.129367025003,1
772.45,-0.130595367387,1
772.5,-0.130530638278,1
771.25,-0.132148761256,1
770.7,-0.132861889295,1
773.55,-0.129163952354,1
772.45,-0.130585967738,1
770.5,-0.133110402976,1
771.7,-0.131552972736,1
771.35,-0.13200651686,1
772.35,-0.13071008852,1
773.9,-0.128703226346,1
772.75,-0.130189206446,1
770.5,-0.133100885515,1
769.05,-0.134982780388,1
770.9,-0.13257721508,1
770.65,-0.132901511357,1
770.05,-0.133680074908,1
769.3,-0.134654037637,1
770.65,-0.132899195573,1
772.2,-0.130887906402,1
769.7,-0.134125409639,1
773.5,-0.129188421202,1
772.65,-0.130287322301,1
772.1,-0.129575486412,-1
770.3,-0.127244182176,-1
770.0,-0.126854723524,-1
765.95,-0.121594983264,-1
769.0,-0.125576966422,-1
769.6,-0.126357200493,-1
769.6,-0.126357200493,-1
769.2,-0.125837449973,-1
770.0,-0.126877491574,-1
761.45,-0.115773595471,-1
767.85,-0.124178612215,-1
766.15,-0.121964638131,-1
766.0,-0.121768854016,-1
765.05,-0.120528645139,-1
765.65,-0.121312907605,-1
765.35,-0.120921083665,-1
766.1,-0.121901027481,-1
765.3,-0.120856777384,-1
765.85,-0.1215754498,-1
766.15,-0.121967171416,-1
765.3,-0.120857728096,-1
764.95,-0.120400391104,-1
763.7,-0.118766297372,-1
767.8,-0.124134897608,-1
771.05,-0.128367770752,-1
772.0,-0.129599856868,-1
774.8,-0.133226799873,-1
771.6,-0.129096701783,-1
772.65,-0.130457510493,-1
772.0,-0.129616249896,-1
772.0,-0.129616249896,1
771.15,-0.130717286165,1
771.4,-0.130393095022,1
769.55,-0.132791331994,1
771.0,-0.130907113944,1
768.65,-0.133955103568,1
767.65,-0.13525608581,1
766.8,-0.136363361261,1
765.55,-0.137993512539,1
765.85,-0.137601637417,1
767.8,-0.135055446909,1
765.7,-0.137790534172,1
766.45,-0.136811038285,1
767.3,-0.135702029218,1
767.0,-0.136093010581,1
774.4,-0.126445031441,1
772.6,-0.128769411607,1
773.95,-0.127022064985,1
780.05,-0.119140418884,1
781.0,-0.117922548234,1
779.55,-0.119779142344,1
779.05,-0.120420538021,1
779.9,-0.119329465561,1
779.55,-0.119778241045,1
780.25,-0.118880287098,1
779.95,-0.119264779248,1
779.4,-0.119969952656,1
780.85,-0.118109547216,1
779.95,-0.119262137342,1
776.1,-0.124198351202,1
781.6,-0.117111635573,1
778.1,-0.121589629431,1
777.35,-0.122553515821,1
779.85,-0.119337461277,1
780.4,-0.118632197444,1
780.6,-0.118375918613,1
779.8,-0.11940077129,1
779.9,-0.119272533281,1
779.2,-0.120170084249,1
780.0,-0.119143390203,1
777.85,-0.12189980046,1
777.95,-0.121771240969,1
777.0,-0.122992399141,1
784.2,-0.113725989875,1
784.95,-0.112769601198,1
787.9,-0.109011400039,1
786.45,-0.110851735107,1
787.4,-0.109643775288,1
790.5,-0.105706767413,1
793.0,-0.102544212069,1
790.7,-0.105444590379,1
788.85,-0.10778428938,1
791.05,-0.104995419506,1
790.05,-0.106259562101,1
788.0,-0.108854334584,1
788.3,-0.108473623924,1
784.2,-0.113674689508,1
782.25,-0.116161300067,1
781.1,-0.117631418315,1
784.35,-0.113470619442,1
784.05,-0.113853101752,1
783.95,-0.113980644639,1
782.5,-0.115830252394,1
782.15,-0.116277536739,1
781.0,-0.117747842946,1
782.9,-0.115315064457,1
783.7,-0.114293222587,1
782.4,-0.115952020597,1
782.1,-0.11633545618,1
788.45,-0.124454622527,-1
786.3,-0.121727753353,-1
784.55,-0.11950213972,-1
785.3,-0.120458101736,-1
784.4,-0.119312042905,-1
782.4,-0.116762323374,-1
779.45,-0.112991873476,-1
779.55,-0.113120169069,-1
780.2,-0.113953983449,-1
777.6,-0.110621504598,-1
778.4,-0.111650311182,-1
773.4,-0.1052268785,-1
770.5,-0.101477201748,-1
768.3,-0.0986219129743,-1
768.45,-0.0988171492101,-1
766.1,-0.0957590452346,-1
767.85,-0.0980433423238,-1
768.4,-0.0987596280567,-1
771.55,-0.102859055438,-1
772.8,-0.10447917079,-1
770.7,-0.101761779486,-1
771.0,-0.102151036006,-1
772.2,-0.10370745624,-1
772.95,-0.104678707211,-1
772.95,-0.104678707211,-1
771.5,-0.102802777332,-1
770.95,-0.102089880378,-1
773.55,-0.105462342924,-1
778.1,-0.111344315647,-1
776.8,-0.109673579238,-1
779.15,-0.112698810958,-1
778.8,-0.112249603488,-1
779.4,-0.113020019513,-1
779.5,-0.113148323336,-1
779.6,-0.1132766107,-1
777.8,-0.115585487047,1
776.0,-0.117899706641,1
777.45,-0.11603114994,1
775.5,-0.118539349824,1
777.7,-0.115702470391,1
781.65,-0.110623391055,1
782.9,-0.109024209835,1
786.05,-0.105000707472,1
784.65,-0.106781764657,1
785.25,-0.10601709251,1
784.2,-0.107354246283,1
784.45,-0.107035450057,1
783.1,-0.108756401042,1
779.5,-0.113353515076,1
781.0,-0.111429204621,1
779.9,-0.112837655325,1
782.0,-0.110145002421,1
784.3,-0.10720382595,1
784.25,-0.107267577066,1
782.85,-0.109052722109,1
785.0,-0.106306346686,1
786.6,-0.104268130125,1
793.85,-0.0950512473386,1
792.25,-0.0970667414496,1
791.85,-0.0975716325824,1
790.45,-0.0993396442008,1
790.0,-0.0999089401714,1
791.6,-0.0978836237157,1
797.0,-0.0910619966313,1
797.95,-0.0898700267443,1
802.9,-0.0836666305415,1
801.4,-0.0855348582162,1
805.05,-0.0809803286429,1
803.85,-0.0824709192895,1
803.9,-0.0824087186301,1
799.0,-0.0885040041134,1
801.4,-0.08550024942,1
798.0,-0.0897428249129,1
799.4,-0.087988438948,1
797.4,-0.0904903153553,1
797.5,-0.0903649077807,1
794.25,-0.0944401428904,1
789.15,-0.100861294921,1
787.95,-0.102381918376,1
788.85,-0.101239713922,1
786.7,-0.103965200389,1
787.55,-0.102884737697,1
788.9,-0.101170560819,1
789.5,-0.100410008151,1
788.8,-0.101296645263,1
785.85,-0.097556787251,-1
782.75,-0.0936120140755,-1
784.8,-0.0962309856501,-1
785.9,-0.0976326166389,-1
788.0,-0.100304712325,-1
794.15,-0.108109280853,-1
791.8,-0.105150142151,-1
791.05,-0.10420293326,-1
794.3,-0.108311396695,-1
795.2,-0.109444469841,-1
796.6,-0.111205033221,-1
796.7,-0.111330566739,-1
798.95,-0.114154716356,-1
798.5,-0.113591477105,-1
798.2,-0.113215772659,-1
799.75,-0.115157641864,-1
804.95,-0.10865560998,1
806.65,-0.106543677561,1
802.35,-0.111874366212,1
802.8,-0.111313513716,1
801.8,-0.112559153975,1
800.2,-0.114554664078,1
800.55,-0.114117273425,1
797.75,-0.117614868828,1
804.1,-0.109654981646,1
805.5,-0.107913904665,1
804.45,-0.10921744284,1
805.5,-0.107912203235,1
800.3,-0.114367820864,1
797.05,-0.118428797998,1
798.0,-0.117236902885,1
800.5,-0.114104070804,1
800.7,-0.113854226957,1
800.05,-0.114666016641,1
797.55,-0.117790821341,1
797.75,-0.117540053364,1
797.75,-0.117540053364,1
797.75,-0.117540053364,1
797.4,-0.117978787303,1
798.45,-0.119295566836,-1
803.15,-0.125181971746,-1
809.9,-0.133586379391,-1
814.45,-0.139204356919,-1
810.95,-0.143501735518,1
819.25,-0.133266825844,1
817.95,-0.134853643055,1
823.95,-0.127518231355,1
824.15,-0.127275498179,1
819.6,-0.132796337832,1
819.8,-0.132552316358,1
822.8,-0.128892887229,1
823.1,-0.128528278576,1
823.5,-0.128042310893,1
819.95,-0.132353179138,1
824.25,-0.12710895693,1
830.4,-0.119647628449,1
830.05,-0.120069112071,1
835.05,-0.114045378561,1
835.45,-0.113566365329,1
836.25,-0.112608797551,1
834.45,-0.114761263919,1
835.75,-0.113203351521,1
837.35,-0.111288903421,1
836.0,-0.112901132477,1
834.35,-0.114874816687,1
832.4,-0.117211965366,1
830.25,-0.119794858206,1
832.3,-0.117325722403,1
833.65,-0.115703711109,1
836.25,-0.112584896259,1
832.0,-0.117667108516,1
829.3,-0.120912300824,1
830.85,-0.11904325464,1
830.15,-0.119885765322,1
829.8,-0.120307375874,1
827.75,-0.122777850687,1
830.2,-0.119818019821,1
831.1,-0.118733943694,1
832.5,-0.117049429196,1
839.9,-0.108160540307,1
843.95,-0.103338537687,1
842.3,-0.105293629814,1
840.95,-0.106896384177,1
841.35,-0.106420731641,1
836.0,-0.112779559715,1
837.75,-0.110686258279,1
838.2,-0.110149105191,1
838.95,-0.109254330674,1
836.9,-0.111697861278,1
832.5,-0.116955359187,1
830.3,-0.119598001829,1
828.35,-0.121946550547,1
829.85,-0.120135721791,1
824.1,-0.127064684856,1
828.3,-0.121968215981,1
825.95,-0.124805352284,1
828.6,-0.128013778945,-1
828.0,-0.127289665983,-1
835.15,-0.135924931683,-1
834.35,-0.134967019931,-1
836.15,-0.137124387942,-1
839.8,-0.141489633412,-1
843.0,-0.145300064467,-1
840.75,-0.142631025322,-1
839.9,-0.14162002324,-1
851.35,-0.155252598547,-1
849.4,-0.157543078373,1
852.5,-0.153893443336,1
851.5,-0.155066463864,1
853.15,-0.153128706965,1
851.7,-0.15482829086,1
850.15,-0.156648180492,1
849.7,-0.157177498848,1
849.0,-0.158001319019,1
847.35,-0.159944781917,1
845.15,-0.162541111651,1
849.0,-0.157985707285,1
853.05,-0.153215389264,1
848.95,-0.1580216726,1
849.0,-0.157962776316,1
842.8,-0.165265485386,1
842.85,-0.16520615933,1
843.55,-0.164375643817,1
843.25,-0.164731283672,1
841.1,-0.167280942729,1
841.95,-0.166270361348,1
842.0,-0.166210975399,1
838.3,-0.170605274686,1
837.9,-0.171082430835,1
842.45,-0.176512673108,-1
838.6,-0.171942668953,-1
840.35,-0.174029480305,-1
837.45,-0.170578537246,-1
834.6,-0.167175348996,-1
833.9,-0.166336623858,-1
832.15,-0.164238050888,-1
832.8,-0.165019160063,-1
833.25,-0.165559505884,-1
833.25,-0.165559505884,-1
833.85,-0.166279577891,-1
834.45,-0.166999131768,-1
832.55,-0.164722182879,-1
827.85,-0.159076876291,-1
831.35,-0.163304695341,-1
827.15,-0.158252671524,-1
828.45,-0.159824333254,-1
827.7,-0.158919028166,-1
828.1,-0.15940229505,-1
826.15,-0.157047506981,-1
828.25,-0.159589418256,-1
830.7,-0.162547462325,-1
827.4,-0.158574909057,-1
828.45,-0.15984394459,-1
829.8,-0.161473493748,-1
825.3,-0.156050500256,-1
831.75,-0.163865840132,-1
827.65,-0.158936474337,-1
823.4,-0.153801453495,-1
822.75,-0.15301204373,-1
821.0,-0.150885030664,-1
820.55,-0.150336918606,-1
820.0,-0.149666636478,-1
820.55,-0.150337368185,-1
819.35,-0.148874934452,-1
820.25,-0.149973366136,-1
819.1,-0.148571354554,-1
818.0,-0.147228417184,-1
800.0,-0.125223527208,-1
793.5,-0.117098527208,-1
788.8,-0.111175401814,-1
795.3,-0.119415766926,-1
805.0,-0.131612422276,-1
801.25,-0.126954037183,-1
799.65,-0.124957157308,-1
797.55,-0.122331008367,-1
802.0,-0.127910595854,-1
805.0,-0.131651244233,-1
806.95,-0.134073604482,-1
811.7,-0.13995996671,-1
810.4,-0.138358389772,-1
817.5,-0.147119495399,-1
817.05,-0.146569036684,-1
818.3,-0.148098930815,-1
817.4,-0.146999089681,-1
813.9,-0.142717220339,-1
813.7,-0.142471489905,-1
814.5,-0.143454653233,-1
813.25,-0.141919969378,-1
808.25,-0.135771798459,-1
808.3,-0.135833660507,-1
809.6,-0.137441974252,-1
799.9,-0.149423199548,1
790.35,-0.161362191922,1
794.3,-0.156364406131,1
792.75,-0.158315809883,1
793.15,-0.157811237193,1
793.15,-0.157811237193,1
790.35,-0.161341464766,1
790.6,-0.161657780323,-1
790.55,-0.161594537216,-1
788.5,-0.159001405852,-1
785.2,-0.154816244153,-1
784.5,-0.153924751539,-1
783.2,-0.152267645102,-1
782.1,-0.15086315072,-1
780.7,-0.149073098297,-1
778.25,-0.145934888998,-1
782.2,-0.151010378879,-1
788.5,-0.159064584964,-1
785.85,-0.155703773296,-1
787.5,-0.157803410632,-1
786.4,-0.156406585235,-1
786.5,-0.156533746985,-1
786.3,-0.156279455821,-1
785.1,-0.154753320758,-1
785.2,-0.154880693068,-1
785.1,-0.15475333698,-1
788.65,-0.159275053959,-1
788.55,-0.159148254999,-1
790.9,-0.162128408445,-1
792.75,-0.164467515791,-1
792.0,-0.163521441997,-1
790.75,-0.161943159169,-1
790.25,-0.161310848072,-1
790.05,-0.161563932539,1
789.85,-0.161817081074,1
789.6,-0.162133596868,1
788.3,-0.16378000011,1
789.0,-0.162892013303,1
788.95,-0.162955384659,1
788.05,-0.164096141361,1
788.65,-0.163334768352,1
787.05,-0.165363551716,1
787.2,-0.165172966619,1
788.05,-0.164093190197,1
787.45,-0.164854563206,1
788.0,-0.164156106161,1
787.65,-0.164600268598,1
786.05,-0.166631627704,1
786.05,-0.166631627704,1
783.9,-0.169366822666,1
784.95,-0.170706279229,-1
778.15,-0.162043307065,-1
772.4,-0.15465398624,-1
772.1,-0.154265586447,-1
770.15,-0.151740006859,-1
768.0,-0.148948342898,-1
767.0,-0.147646259564,-1
769.5,-0.150905711976,-1
769.85,-0.151360552782,-1
770.55,-0.152269820821,-1
769.25,-0.150582714209,-1
769.15,-0.150452717459,-1
769.9,-0.151427819845,-1
768.4,-0.14947951487,-1
762.6,-0.141931362866,-1
763.45,-0.143045970786,-1
762.25,-0.141474158618,-1
762.95,-0.142392492498,-1
763.0,-0.142458027592,-1
761.2,-0.140098918811,-1
761.9,-0.141018519441,-1
762.45,-0.141740398953,-1
761.3,-0.140232103327,-1
760.15,-0.138721529309,-1
762.35,-0.141615694934,-1
762.1,-0.14128776157,-1
765.25,-0.145421077408,-1
767.3,-0.148099940525,-1
767.4,-0.148230267646,-1
770.0,-0.151618331237,-1
773.45,-0.156098850718,-1
773.35,-0.155969559878,-1
770.95,-0.152866178485,-1
773.5,-0.156173785983,-1
772.6,-0.157337328323,1
772.15,-0.157919777196,1
772.1,-0.157984531454,1
771.45,-0.158826391317,1
770.55,-0.159993025577,1
775.6,-0.153439265276,1
776.6,-0.152149940882,1
773.45,-0.15620608304,1
774.2,-0.155236401742,1
774.75,-0.154525990995,1
773.55,-0.156074877733,1
772.6,-0.157302981928,1
771.5,-0.158726745842,1
772.6,-0.157300951934,1
772.0,-0.158077550433,1
768.8,-0.162222628153,1
764.6,-0.167685687466,1
767.7,-0.163631279933,1
765.0,-0.16714827876,1
762.6,-0.170285533662,1
759.55,-0.174285009141,1
760.1,-0.175009122103,-1
760.65,-0.175732711104,-1
760.25,-0.175206845068,-1
759.4,-0.174088791796,-1
758.6,-0.173035328536,-1
757.15,-0.17112391277,-1
754.5,-0.167623945789,-1
756.1,-0.169744555464,-1
754.95,-0.168223592628,-1
752.0,-0.164316049082,-1
749.95,-0.161589985253,-1
756.45,-0.170257229736,-1
759.9,-0.174818007051,-1
760.0,-0.174949603313,-1
759.9,-0.174818024366,-1
757.5,-0.171659714062,-1
756.1,-0.169811529243,-1
758.6,-0.17311797019,-1
758.5,-0.172986148413,-1
759.95,-0.174897816179,-1
758.95,-0.173581940134,-1
765.0,-0.181553479761,-1
768.25,-0.185801845774,-1
767.7,-0.185085932986,-1
767.3,-0.184564896122,-1
769.25,-0.182023517261,1
773.05,-0.177083640758,1
773.6,-0.176372173195,1
774.75,-0.174885616835,1
773.5,-0.17649904052,1
773.75,-0.176175834314,1
774.85,-0.174754186495,1
774.85,-0.174754186495,1
775.5,-0.173915314456,1
777.5,-0.171336333153,1
776.7,-0.17236527206,1
776.85,-0.172172147301,1
777.5,-0.171335434937,1
779.65,-0.168570161625,1
777.85,-0.170878889901,1
778.5,-0.17004325321,1
779.15,-0.169208314225,1
780.0,-0.168117381798,1
779.2,-0.169143022824,1
780.7,-0.167217971489,1
774.45,-0.175223607457,1
776.25,-0.172899377358,1
775.9,-0.173350263027,1
774.2,-0.175541267022,1
772.45,-0.177801664852,1
770.2,-0.180714474743,1
769.25,-0.181947920601,1
769.2,-0.182012918976,1
772.0,-0.17837277337,1
774.8,-0.174745830365,1
773.05,-0.172487182972,-1
773.15,-0.172616540711,-1
770.35,-0.168994992499,-1
770.0,-0.168540653562,-1
771.75,-0.170813380835,-1
771.7,-0.170748593015,-1
768.55,-0.166666695905,-1
771.9,-0.171025553494,-1
774.65,-0.174588191141,-1
773.55,-0.173168195014,-1
774.2,-0.174008476831,-1
772.45,-0.171748079001,-1
773.0,-0.172460099197,-1
777.5,-0.17828157397,-1
782.65,-0.184905368183,-1
781.6,-0.183563772322,-1
784.65,-0.187466024114,-1
784.2,-0.188039528224,1
784.1,-0.188167046714,1
783.05,-0.189506161623,1
783.0,-0.189570014506,1
780.5,-0.192762862526,1
783.5,-0.188919172584,1
783.0,-0.189557334677,1
782.35,-0.190387475162,1
782.5,-0.190195745118,1
781.05,-0.192048780262,1
781.2,-0.191856731097,1
780.2,-0.193136813023,1
779.15,-0.19448262179,1
780.6,-0.192621619415,1
780.7,-0.19249351283,1
780.0,-0.193390144059,1
780.0,-0.193390144059,1
782.3,-0.19044142611,1
781.15,-0.191911450397,1
781.65,-0.191271368467,1
780.7,-0.192486746194,1
778.75,-0.194984504616,1
778.9,-0.194791888243,1
779.55,-0.193957378036,1
779.5,-0.194021517604,1
779.95,-0.194598810741,-1
785.3,-0.201458224806,-1
783.5,-0.199166107144,-1
789.3,-0.206568787425,-1
788.3,-0.20530184203,-1
792.5,-0.199973921188,1
796.75,-0.194611145162,1
796.65,-0.194736655046,1
801.95,-0.1880837962,1
806.0,-0.183033606038,1
805.05,-0.184212266088,1
808.0,-0.180547897415,1
813.2,-0.174112253851,1
810.0,-0.178047325174,1
807.65,-0.180948559742,1
808.2,-0.18026757169,1
806.35,-0.182556609057,1
810.5,-0.177409960579,1
808.5,-0.179877573164,1
809.75,-0.17833150019,1
811.05,-0.176726066414,1
809.7,-0.178390575384,1
804.0,-0.185430219696,1
794.45,-0.197308329149,1
788.1,-0.205301280247,1
791.6,-0.200860219468,1
794.45,-0.197259916285,1
794.75,-0.196882296548,1
793.5,-0.19845511819,1
792.5,-0.199715357635,1
790.25,-0.202554474355,1
792.5,-0.199707274102,1
793.75,-0.201284561168,-1
788.2,-0.194292435184,-1
788.5,-0.194673049241,-1
788.7,-0.194926695404,-1
786.0,-0.191503340517,-1
791.0,-0.197864663672,-1
788.0,-0.194071996162,-1
786.05,-0.191597376873,-1
782.25,-0.1867630788,-1
780.6,-0.184653778705,-1
779.8,-0.183628926027,-1
781.4,-0.185680734183,-1
776.5,-0.179409938176,-1
778.1,-0.181470466186,-1
778.1,-0.181470466186,-1
775.0,-0.177486402441,-1
781.1,-0.185357370183,-1
789.25,-0.195791373512,-1
788.2,-0.194460996572,-1
789.25,-0.195793145772,-1
788.7,-0.195096281661,-1
789.45,-0.196047213574,-1
790.6,-0.197503923942,-1
786.5,-0.192317989209,-1
785.55,-0.191110106183,-1
785.35,-0.190855507494,-1
784.8,-0.190155182798,-1
786.05,-0.191747945285,-1
785.9,-0.19155711773,-1
788.0,-0.194229213416,-1
789.7,-0.196386573822,-1
789.2,-0.197019725652,1
788.75,-0.197589923321,1
789.35,-0.196829226015,1
789.0,-0.197272628815,1
790.65,-0.195181374062,1
790.0,-0.196003482454,1
789.1,-0.19714272296,1
788.4,-0.198029809514,1
785.45,-0.201771564968,1
785.35,-0.20189888052,1
783.65,-0.204063520489,1
786.0,-0.201064732765,1
785.3,-0.201955318007,1
788.25,-0.198198791839,1
788.6,-0.197754770272,1
787.6,-0.196486700274,-1
787.1,-0.195851860254,-1
782.75,-0.19032524356,-1
782.6,-0.190133611493,-1
782.4,-0.189878053098,-1
782.55,-0.19006977089,-1
784.3,-0.192306049722,-1
784.2,-0.192178547491,-1
781.95,-0.189309381461,-1
781.65,-0.188925725217,-1
784.1,-0.192060120407,-1
782.1,-0.189509425343,-1
781.4,-0.188614399131,-1
780.5,-0.187462620273,-1
780.55,-0.187526681772,-1
779.55,-0.186245533863,-1
780.05,-0.18688692954,-1
780.5,-0.187463815637,-1
780.95,-0.188040369129,-1
779.4,-0.18605560698,-1
779.25,-0.185863151245,-1
784.25,-0.192279577296,-1
783.6,-0.191450759954,-1
781.45,-0.188707013145,-1
781.7,-0.189026931245,-1
781.0,-0.188131447044,-1
781.55,-0.188835672397,-1
782.3,-0.189795303898,-1
781.15,-0.188325279611,-1
780.25,-0.187173132136,-1
779.45,-0.186147819736,-1
777.8,-0.184030942451,-1
779.3,-0.185959458779,-1
778.7,-0.185189537054,-1
786.9,-0.195719908185,-1
785.8,-0.194322017729,-1
786.3,-0.194958311952,-1
786.3,-0.194958311952,1
785.0,-0.196611624937,1
784.7,-0.196993790542,1
784.8,-0.196866353305,1
786.3,-0.19495503832,1
784.95,-0.196671940266,1
786.05,-0.195270577121,1
786.0,-0.195334186307,1
787.3,-0.193680242286,1
789.4,-0.191012898199,1
789.65,-0.190696201974,1
787.8,-0.19303901208,1
788.5,-0.192150461686,1
787.0,-0.194052807913,1
785.65,-0.195768182754,1
787.55,-0.193349803069,1
783.45,-0.198555821734,1
784.05,-0.197789978349,1
781.3,-0.201297407722,1
782.0,-0.200401465063,1
780.7,-0.202063869155,1
778.0,-0.205522303893,1
775.75,-0.208414334741,1
776.35,-0.209187779794,-1
776.8,-0.209767415268,-1
773.7,-0.205776684063,-1
776.6,-0.209524906888,-1
774.35,-0.20662766249,-1
771.95,-0.203528288822,-1
768.75,-0.19938294262,-1
768.6,-0.199187820669,-1
770.1,-0.201139420981,-1
768.5,-0.199061768728,-1
766.1,-0.19593880191,-1
771.45,-0.20292222444,-1
771.25,-0.202662972382,-1
772.75,-0.204607867033,-1
776.0,-0.208813625688,-1
774.1,-0.206365172079,-1
774.7,-0.207140265736,-1
773.2,-0.205204032356,-1
773.25,-0.205268698678,-1
771.4,-0.202876199486,-1
771.65,-0.203200285563,-1
769.7,-0.200673233143,-1
767.05,-0.197230333312,-1
770.95,-0.202314747626,-1
771.15,-0.202574167822,-1
769.3,-0.200175153363,-1
766.65,-0.196730463385,-1
764.25,-0.193599960548,-1
766.0,-0.195889787176,-1
766.3,-0.196281432084,-1
766.1,-0.196020437696,-1
765.15,-0.194780390705,-1
764.4,-0.193800190744,-1
764.65,-0.194127244642,-1
764.85,-0.194388802218,-1
764.45,-0.193865823856,-1
767.6,-0.197986433444,-1
766.35,-0.196357981126,-1
765.8,-0.195640293385,-1
764.95,-0.194530343006,-1
765.7,-0.195510799245,-1
765.9,-0.195771998148,-1
752.0,-0.177623414782,-1
747.0,-0.170974478612,-1
752.0,-0.17766791904,-1
748.35,-0.172814195636,-1
744.2,-0.167268662129,-1
744.05,-0.167067103408,-1
740.9,-0.162833516956,-1
743.9,-0.166882646393,-1
741.6,-0.163790832977,-1
742.95,-0.165611221327,-1
740.25,-0.161977060212,-1
738.35,-0.159410359773,-1
737.5,-0.158259144225,-1
736.85,-0.157377788293,-1
737.4,-0.158124208867,-1
737.05,-0.157649568238,-1
739.45,-0.160905792374,-1
740.45,-0.162258148856,-1
743.0,-0.165702000567,-1
751.85,-0.177613171496,-1
757.15,-0.184662449943,-1
758.6,-0.186577526215,-1
760.2,-0.188686674647,-1
757.75,-0.185463838551,-1
755.5,-0.182494521494,-1
755.65,-0.182693065504,-1
755.7,-0.182759233704,-1
756.8,-0.18421483778,-1
756.0,-0.185271920232,1
757.7,-0.183023242983,1
757.3,-0.183551156406,1
758.2,-0.182362723816,1
764.0,-0.174713027166,1
768.35,-0.169019309889,1
769.45,-0.167587670662,1
767.5,-0.170121948393,1
763.0,-0.175985140575,1
763.55,-0.175264301781,1
764.4,-0.174151080643,1
763.3,-0.175590117796,1
761.9,-0.177424259025,1
763.6,-0.17519299508,1
764.65,-0.1738179296,1
764.95,-0.173425593237,1
765.75,-0.172379773249,1
764.7,-0.17375097795,1
763.0,-0.175974071974,1
764.0,-0.174663455985,1
766.9,-0.170867644466,1
765.4,-0.172823570923,1
764.65,-0.173803450725,1
763.4,-0.175438185571,1
764.3,-0.174259249233,1
763.35,-0.175502216655,1
761.55,-0.177860243772,1
760.3,-0.179501633044,1
762.0,-0.177265673554,1
765.1,-0.173197432084,1
764.75,-0.173654888626,1
764.5,-0.173981792843,1
764.55,-0.173916390619,1
763.3,-0.172281441957,-1
762.8,-0.171626391518,-1
762.7,-0.171495295555,-1
760.95,-0.169200815419,-1
757.75,-0.164995545691,-1
756.6,-0.16347789475,-1
754.5,-0.16070231981,-1
752.9,-0.158581710134,-1
753.0,-0.158714529898,-1
753.5,-0.159378540522,-1
752.7,-0.158316828512,-1
751.4,-0.156589712795,-1
750.5,-0.155391948621,-1
752.05,-0.157457238428,-1
752.55,-0.15812208784,-1
752.0,-0.157391239391,-1
751.0,-0.156061452157,-1
752.05,-0.157459587976,-1
751.0,-0.156063404212,-1
751.35,-0.156529449485,-1
749.5,-0.15406721484,-1
751.0,-0.156068549063,-1
753.5,-0.15939744387,-1
752.5,-0.158070303857,-1
754.8,-0.161126782262,-1
755.75,-0.162385393815,-1
756.05,-0.16278235048,-1
756.0,-0.162716217288,-1
756.0,-0.162716217288,-1
756.1,-0.16284849242,-1
756.35,-0.163179136515,-1
756.35,-0.163179136515,-1
755.05,-0.161460355527,-1
745.3,-0.174373407643,1
744.6,-0.17531262675,1
740.7,-0.170074915227,-1
743.4,-0.173720115713,-1
743.75,-0.174190925505,-1
743.9,-0.174392606178,-1
742.35,-0.172308992789,-1
739.1,-0.16793100397,-1
738.25,-0.166780956615,-1
739.1,-0.167932328101,-1
740.75,-0.170164772967,-1
739.2,-0.168072299123,-1
741.0,-0.170507364058,-1
738.55,-0.167201021278,-1
742.35,-0.172346238257,-1
744.8,-0.17564656829,-1
744.15,-0.174773850782,-1
745.95,-0.177192717946,-1
745.0,-0.175919174142,-1
745.2,-0.176187630518,-1
745.45,-0.176523110926,-1
745.9,-0.177126773144,-1
745.5,-0.176590508229,-1
745.5,-0.176590508229,-1
745.4,-0.176456370066,-1
740.0,-0.169211937547,-1
739.8,-0.168941667277,-1
741.3,-0.170969242297,-1
740.55,-0.169957506158,-1
739.9,-0.169079780143,-1
738.15,-0.171444964628,1
736.45,-0.173748019562,1
736.35,-0.173612233019,-1
736.15,-0.173340623051,-1
736.05,-0.173204781171,-1
735.25,-0.172117898486,-1
732.35,-0.168173661832,-1
732.15,-0.167900568366,-1
736.9,-0.174388309949,-1
738.95,-0.177170234226,-1
737.95,-0.175816962692,-1
739.7,-0.178188397071,-1
739.8,-0.178323587013,-1
739.1,-0.177377385337,-1
740.9,-0.179812779735,-1
741.15,-0.180150207189,-1
739.95,-0.178531101744,-1
740.7,-0.179544683743,-1
739.95,-0.178532128053,-1
744.9,-0.185221769245,-1
751.6,-0.19421626515,-1
758.0,-0.202731432792,-1
755.8,-0.205633807463,1
756.8,-0.204310706113,1
756.3,-0.204971382646,1
755.15,-0.20649194327,1
754.95,-0.206756791313,1
754.25,-0.207684005036,1
752.95,-0.209407571493,1
755.0,-0.206684947149,1
755.25,-0.206353821321,1
751.65,-0.211120454886,1
750.4,-0.212783462935,1
753.0,-0.209318644171,1
748.75,-0.214962734477,1
749.9,-0.213426841322,1
750.8,-0.2122266813,1
749.25,-0.214291145871,1
749.0,-0.214624812872,1
747.65,-0.216427216076,1
747.85,-0.216159711227,1
748.0,-0.215959136246,1
746.2,-0.218365553358,1
744.3,-0.220911787612,1
745.85,-0.218829293994,1
745.35,-0.219499670075,1
742.75,-0.216011375984,-1
742.4,-0.215540154174,-1
742.2,-0.215270757622,-1
742.9,-0.216213899632,-1
745.25,-0.219377178674,-1
747.65,-0.222597574514,-1
747.1,-0.221861936181,-1
746.85,-0.221527308955,-1
746.55,-0.22112562187,-1
746.8,-0.221460495622,-1
746.9,-0.221594400282,-1
747.75,-0.222732437503,-1
746.8,-0.221461959402,-1
747.1,-0.221863673381,-1
749.0,-0.224406840293,-1
751.5,-0.227744624005,-1
751.0,-0.22707928801,-1
750.5,-0.226413509049,-1
750.9,-0.225880531034,1
751.4,-0.225214663409,1
751.4,-0.225214663409,1
751.25,-0.225414290771,1
749.6,-0.227610630205,1
747.5,-0.230412124335,1
756.05,-0.218973997245,1
755.8,-0.219304663206,1
754.05,-0.221620090568,1
753.6,-0.22221686797,1
753.3,-0.222614957142,1
751.25,-0.225336316494,1
750.05,-0.226933654265,1
749.85,-0.227200303155,1
749.85,-0.227200303155,1
751.8,-0.224599783051,1
748.85,-0.228523698986,1
748.8,-0.228590468032,1
747.95,-0.229725617604,1
743.7,-0.235407815612,1
743.75,-0.235340584202,1
744.7,-0.236617895126,-1
743.35,-0.234805084598,-1
744.35,-0.236150345915,-1
743.2,-0.234605373792,-1
742.6,-0.233798054093,-1
741.15,-0.231845455117,-1
740.4,-0.230833514214,-1
739.0,-0.228942644414,-1
737.5,-0.226912874455,-1
738.85,-0.228743382929,-1
742.95,-0.234292547171,-1
746.05,-0.238465102525,-1
750.0,-0.243759653828,-1
745.0,-0.237092987162,-1
745.6,-0.237898356289,-1
745.0,-0.237093635259,-1
746.05,-0.238503031232,-1
744.55,-0.23649244213,-1
747.0,-0.239783020331,-1
748.0,-0.241121708417,-1
746.0,-0.238447911625,-1
744.8,-0.236839332537,-1
744.2,-0.236033747145,-1
751.5,-0.245842938223,-1
750.0,-0.247838946207,1
750.05,-0.24777227954,1
749.5,-0.248505563988,1
749.4,-0.248638986269,1
747.2,-0.251574668148,1
746.4,-0.25264533196,1
746.0,-0.25318123764,1
745.45,-0.253918503056,1
745.7,-0.253583135157,1
747.9,-0.250632887068,1
742.95,-0.257251418957,1
741.95,-0.258597404555,1
742.15,-0.258327844612,1
741.65,-0.259001562863,1
741.1,-0.259743152562,1
743.3,-0.26271171281,-1
741.5,-0.260290079553,-1
740.2,-0.258536876586,-1
740.35,-0.258739524519,-1
739.15,-0.257118669518,-1
739.75,-0.257930412736,-1
738.55,-0.256308243084,-1
736.65,-0.253735634595,-1
734.0,-0.250138268139,-1
723.55,-0.235901210918,-1
722.8,-0.234864655048,-1
722.85,-0.234933830476,-1
719.65,-0.230506909262,-1
720.35,-0.231479604322,-1
719.15,-0.229813747447,-1
719.45,-0.230230906593,-1
718.1,-0.228354473206,-1
717.8,-0.227936704093,-1
716.6,-0.226264929226,-1
717.0,-0.226823120685,-1
714.0,-0.222639020267,-1
715.15,-0.224249664525,-1
710.1,-0.217188208886,-1
708.95,-0.215568718673,-1
705.7,-0.210984474368,-1
709.1,-0.215802385662,-1
707.05,-0.212911397085,-1
706.45,-0.212062800805,-1
707.95,-0.214186093324,-1
707.7,-0.21383296104,-1
708.8,-0.215387291972,-1
709.6,-0.216515960143,-1
707.85,-0.214049782015,-1
702.3,-0.20620913781,-1
669.05,-0.158864698112,-1
672.55,-0.164095996221,-1
667.3,-0.156289885152,-1
657.4,-0.141453979262,-1
660.8,-0.146625868523,-1
662.65,-0.149425505327,-1
663.35,-0.150481869924,-1
661.3,-0.14739149531,-1
661.9,-0.148298799105,-1
658.05,-0.142482210497,-1
659.55,-0.144761672544,-1
649.3,-0.129220773446,-1
658.7,-0.143697902662,-1
661.75,-0.148328235135,-1
660.45,-0.146363747035,-1
662.0,-0.148710631735,-1
663.1,-0.150372263155,-1
662.3,-0.149165808623,-1
662.25,-0.149090314134,-1
662.25,-0.149090314134,-1
662.1,-0.148863813568,-1
662.05,-0.148788296275,-1
662.5,-0.149468003245,-1
659.55,-0.145015173057,-1
654.5,-0.137358437404,-1
648.1,-0.127579980566,-1
645.8,-0.12403114551,-1
640.25,-0.115437153562,-1
639.7,-0.114578114124,-1
639.95,-0.114968922316,-1
636.0,-0.1087965651,-1
635.75,-0.108403483339,-1
637.65,-0.111392079486,-1
635.55,-0.108098736743,-1
634.7,-0.106761312465,-1
635.85,-0.108573192093,-1
636.1,-0.108966366584,-1
595.95,-0.045847360138,-1
620.95,-0.0877971881437,-1
609.5,-0.0693577002623,-1
615.0,-0.0783814902541,-1
616.0,-0.0800075065142,-1
622.6,-0.0907217922285,-1
616.7,-0.0812454028935,-1
631.05,-0.104514415379,-1
665.85,-0.159660600309,-1
656.55,-0.1456934906,-1
659.65,-0.150415141655,-1
656.5,-0.145639882047,-1
666.0,-0.160110559884,-1
682.5,-0.184885334659,-1
683.7,-0.186643576417,-1
679.9,-0.192201569689,1
676.4,-0.197349385544,1
676.5,-0.19720154403,1
676.4,-0.19734936369,1
676.3,-0.197497205204,1
673.4,-0.201785243057,1
674.8,-0.199706240978,1
675.9,-0.198076128352,1
672.75,-0.202736581082,1
665.7,-0.213215956779,1
706.6,-0.151776870103,1
702.15,-0.158074634043,1
703.0,-0.156864066501,1
700.9,-0.159851264225,1
699.95,-0.161206664424,1
700.0,-0.161135230751,1
695.45,-0.167635230751,1
692.15,-0.172380359804,1
698.75,-0.162844854494,1
691.55,-0.173148968984,1
691.8,-0.172787462224,1
692.8,-0.171341957743,1
690.75,-0.174300964672,1
696.2,-0.166410990006,1
685.05,-0.18242650279,1
688.05,-0.178047260399,1
684.95,-0.182552746919,1
679.8,-0.190071543911,1
683.7,-0.184334562446,1
678.45,-0.19201336894,1
677.6,-0.193266224714,1
683.15,-0.185075551751,1
689.3,-0.176073136469,1
686.55,-0.180062691089,1
684.0,-0.18377691438,1
673.7,-0.168718434848,-1
677.6,-0.17450736167,-1
680.55,-0.178860962614,-1
683.4,-0.183048751902,-1
684.5,-0.184658350966,-1
684.8,-0.18509662708,-1
679.5,-0.177357141098,-1
678.2,-0.175443969649,-1
678.7,-0.176181215299,-1
674.9,-0.170582276151,-1
677.1,-0.173842018335,-1
674.3,-0.169706735511,-1
661.35,-0.150501633924,-1
665.0,-0.156020648062,-1
661.7,-0.151058242047,-1
664.55,-0.155365329851,-1
673.25,-0.168456895572,-1
678.25,-0.175883557288,-1
679.2,-0.17728422076,-1
678.25,-0.175885516402,-1
678.35,-0.176032954662,-1
672.75,-0.16777762924,-1
673.8,-0.169338387323,-1
672.6,-0.167557443422,-1
669.4,-0.162799786568,-1
663.55,-0.154060617163,-1
681.3,-0.180810673677,-1
686.95,-0.189103643,-1
689.8,-0.193252416565,-1
687.95,-0.190570479771,-1
687.55,-0.191151917376,1
688.3,-0.190061087618,1
689.45,-0.188390304529,1
688.35,-0.189985779183,1
687.95,-0.190566878914,1
687.6,-0.191075636818,1
689.5,-0.18831240238,1
687.0,-0.191938218188,1
688.4,-0.189900372482,1
684.15,-0.196074108682,1
682.25,-0.198851277432,1
677.55,-0.20574024775,1
680.55,-0.201312530239,1
683.5,-0.196977800976,1
682.85,-0.19792878854,1
685.2,-0.194487329947,1
685.3,-0.194341387157,1
684.45,-0.195581719858,1
687.6,-0.190979484486,1
696.05,-0.178690362904,1
690.2,-0.187094931541,1
687.65,-0.190789512822,1
696.3,-0.178210439165,1
691.8,-0.184673170746,1
691.3,-0.185395922987,1
691.0,-0.18582988798,1
688.45,-0.189520191888,1
688.15,-0.189955953381,1
689.0,-0.188720757566,1
687.6,-0.1907526879,1
690.2,-0.186971419721,1
690.0,-0.187261190802,1
689.2,-0.188420611092,1
693.85,-0.181673658103,1
693.85,-0.181673658103,1
695.8,-0.178863252395,1
702.25,-0.16959334725,1
702.35,-0.16945094782,1
700.7,-0.171800203889,1
702.35,-0.16944541582,1
704.4,-0.166526643128,1
702.8,-0.168798079812,1
698.95,-0.174276167461,1
700.65,-0.171843947703,1
701.0,-0.171344411558,1
694.35,-0.180830859489,1
695.0,-0.179894732176,1
692.4,-0.18363573937,1
694.85,-0.18009732227,1
696.1,-0.178298372857,1
695.2,-0.179591290541,1
692.95,-0.182827769252,1
687.0,-0.191414247353,1
688.65,-0.189012500628,1
689.85,-0.187269960876,1
691.45,-0.184950616091,1
693.6,-0.181841208325,1
682.0,-0.198565545119,1
689.0,-0.208829474737,-1
689.0,-0.208829474737,-1
687.3,-0.206362130761,-1
692.2,-0.21349147748,-1
696.65,-0.219920255289,-1
699.75,-0.224370122511,-1
704.45,-0.231086807041,-1
705.8,-0.233003195713,-1
705.95,-0.233215720508,-1
704.75,-0.231515883409,-1
714.8,-0.245776259429,-1
715.15,-0.245286611975,1
717.5,-0.242000588064,1
717.0,-0.242697452175,1
718.75,-0.240256726931,1
717.4,-0.242134987801,1
717.65,-0.241786507176,1
716.25,-0.243737318853,1
716.45,-0.243458086742,1
716.2,-0.243807029445,1
715.75,-0.244435345558,1
714.75,-0.24583248143,1
715.95,-0.24415357272,1
716.85,-0.242896501696,1
714.0,-0.246872228835,1
713.4,-0.24771256497,1
708.25,-0.25493151647,1
706.9,-0.25683762307,1
705.55,-0.258747369852,1
707.05,-0.25662136886,1
710.45,-0.251812656605,1
711.7,-0.250053208368,1
710.5,-0.251739312063,1
709.05,-0.25378012839,1
709.3,-0.253427543946,1
707.6,-0.255824273115,1
706.6,-0.254411045303,-1
711.7,-0.261628707347,-1
711.05,-0.260715401178,-1
712.6,-0.262895276011,-1
712.05,-0.262123454513,-1
711.7,-0.261631915997,-1
711.75,-0.261702170318,-1
712.0,-0.262053417244,-1
714.75,-0.265915776795,-1
716.0,-0.267664640034,-1
717.0,-0.269061288078,-1
716.55,-0.268433673016,-1
715.15,-0.266479866582,-1
708.15,-0.276268022913,1
709.2,-0.274785286205,1
712.95,-0.26949763815,1
719.1,-0.260871507286,1
717.25,-0.263444167556,1
715.9,-0.265326356472,1
715.85,-0.265396198628,1
717.6,-0.262951552403,1
718.4,-0.261836725202,1
720.0,-0.25960955371,1
716.85,-0.26398455371,1
717.85,-0.262589561731,1
722.1,-0.256669104811,1
725.15,-0.252445313092,1
724.15,-0.253824338121,1
722.7,-0.255826685701,1
720.85,-0.258386530727,1
722.55,-0.256028203752,1
721.7,-0.257204592929,1
725.7,-0.251662123759,1
725.15,-0.252420012694,1
730.1,-0.245593838799,1
728.0,-0.248470157111,1
726.35,-0.250736640628,1
719.6,-0.260029681173,1
721.5,-0.25738932542,1
722.45,-0.256072624103,1
718.8,-0.261124876854,1
719.7,-0.259872790043,1
719.85,-0.259664369868,1
712.05,-0.270499960616,1
716.05,-0.264882377581,1
715.95,-0.265022032633,1
716.55,-0.264183985283,1
718.1,-0.262020842446,1
720.3,-0.265084482608,-1
714.6,-0.257171113178,-1
713.0,-0.254932098345,-1
719.35,-0.2638381292,-1
717.0,-0.260571291083,-1
715.0,-0.257781890804,-1
710.0,-0.250788883811,-1
709.15,-0.249591700712,-1
709.6,-0.250226263216,-1
709.85,-0.250578574378,-1
709.6,-0.250226387296,-1
708.0,-0.247971595864,-1
707.65,-0.247477245582,-1
709.3,-0.249808906714,-1
706.15,-0.245367908546,-1
707.75,-0.247633716094,-1
680.65,-0.20934335933,-1
674.45,-0.200234419346,-1
676.1,-0.202680857184,-1
678.2,-0.205786906585,-1
677.45,-0.20468103811,-1
676.45,-0.203204914411,-1
675.85,-0.202317930894,-1
671.0,-0.19514178234,-1
668.75,-0.191788578167,-1
667.05,-0.189246522093,-1
665.7,-0.187222685798,-1
664.0,-0.184668982929,-1
667.15,-0.189412958833,-1
665.95,-0.187614262887,-1
667.4,-0.189791603529,-1
664.15,-0.184921960136,-1
666.75,-0.188836738424,-1
664.65,-0.185687132125,-1
665.25,-0.186589862886,-1
665.1,-0.186364383743,-1
665.25,-0.186589913738,-1
665.3,-0.186665073452,-1
666.55,-0.188543925098,-1
675.0,-0.201221143612,-1
675.35,-0.20173966213,-1
674.7,-0.200777198222,-1
673.3,-0.198702201928,-1
674.5,-0.200484468377,-1
673.7,-0.199298404626,-1
674.9,-0.201079612879,-1
677.35,-0.204709780311,-1
681.5,-0.210836598056,-1
675.95,-0.218980398497,1
678.5,-0.215207930119,1
678.1,-0.215797465859,1
675.5,-0.219631708596,1
673.0,-0.223332670847,1
676.2,-0.218577841723,1
677.0,-0.217394759795,1
677.0,-0.217394759795,1
677.95,-0.215991510164,1
677.6,-0.216507772425,1
680.6,-0.212080381634,1
680.15,-0.212741562945,1
680.05,-0.212888589336,1
678.6,-0.215020785498,1
677.35,-0.216862813202,1
677.0,-0.217379532771,1
675.3,-0.219890611058,1
676.55,-0.218039581886,1
673.25,-0.222917270157,1
679.0,-0.214376609184,1
678.55,-0.215039348507,1
678.95,-0.214449856207,1
682.0,-0.209957625557,1
682.45,-0.20929780151,1
682.0,-0.209957190476,1
681.95,-0.210030504259,1
682.8,-0.208784078568,1
681.7,-0.210395092042,1
682.35,-0.209441593435,1
684.6,-0.206144165429,1
690.0,-0.198256347725,1
686.7,-0.203038956421,1
687.65,-0.201655528432,1
683.35,-0.207908709556,1
680.9,-0.211493987964,1
684.0,-0.206941190196,1
682.5,-0.209134172653,1
683.05,-0.208328311847,1
683.55,-0.207596301013,1
683.45,-0.20774259609,1
684.7,-0.205913640058,1
683.05,-0.208323454576,1
679.4,-0.213667133662,1
669.5,-0.228238814557,1
666.15,-0.233242548687,1
667.6,-0.231065861755,1
667.4,-0.230766281167,-1
667.2,-0.230466610805,-1
663.7,-0.225220807447,-1
665.0,-0.227179523735,-1
662.8,-0.223871253058,-1
661.95,-0.222588814917,-1
662.4,-0.22326862457,-1
656.1,-0.213757755005,-1
649.95,-0.204384183903,-1
634.45,-0.180536195596,-1
636.0,-0.182979256515,-1
636.15,-0.183215105572,-1
641.35,-0.19138927833,-1
642.9,-0.193806055441,-1
643.1,-0.194117145812,-1
642.6,-0.193339661751,-1
643.0,-0.193962132961,-1
645.0,-0.197072552868,-1
646.8,-0.199863250543,-1
646.6,-0.199554035948,-1
646.65,-0.199631363507,-1
648.0,-0.201719046179,-1
641.9,-0.192305465933,-1
638.7,-0.187320265746,-1
639.85,-0.189120798077,-1
640.85,-0.190683664374,-1
640.9,-0.190761685752,-1
637.65,-0.185690691837,-1
638.25,-0.186631646906,-1
637.85,-0.186004933236,-1
636.8,-0.184358778184,-1
635.6,-0.182474356073,-1
635.95,-0.183025016866,-1
631.95,-0.176735214209,-1
635.9,-0.18298570871,-1
632.55,-0.177717584791,-1
630.9,-0.175109095344,-1
630.5,-0.174475080444,-1
626.8,-0.168606721999,-1
624.5,-0.164937289963,-1
627.05,-0.169020556576,-1
626.8,-0.168621864287,-1
623.7,-0.163676108065,-1
625.3,-0.166241443963,-1
627.4,-0.169599831937,-1
628.9,-0.171990651191,-1
627.45,-0.169685038216,-1
626.15,-0.167613159979,-1
626.4,-0.168012425331,-1
624.05,-0.164260828907,-1
621.5,-0.160174617866,-1
623.0,-0.162588133554,-1
622.3,-0.161464538048,-1
620.7,-0.158893430865,-1
616.5,-0.152126876974,-1
617.6,-0.153911142992,-1
619.8,-0.157473319158,-1
616.8,-0.152633048103,-1
614.5,-0.148904124627,-1
622.1,-0.161271903309,-1
620.2,-0.158217731954,-1
617.25,-0.153461201802,-1
616.25,-0.151841112697,-1
615.9,-0.151273161379,-1
616.5,-0.152247345499,-1
613.1,-0.146732341444,-1
614.9,-0.149668240971,-1
612.4,-0.145602539231,-1
613.2,-0.146908874959,-1
609.6,-0.141038033472,-1
609.35,-0.140627928485,-1
609.8,-0.141366420321,-1
617.3,-0.153665534785,-1
617.75,-0.154394515831,-1
623.75,-0.164107182768,-1
623.3,-0.163385739882,-1
623.7,-0.16402748543,-1
623.15,-0.163145651214,-1
622.45,-0.162022326172,-1
626.45,-0.168448545146,-1
628.0,-0.165974285428,1
625.1,-0.170592119823,1
623.8,-0.172671787076,1
622.95,-0.1740344033,1
616.0,-0.185190996927,1
618.3,-0.181457230693,1
620.6,-0.177737353611,1
618.7,-0.180798906946,1
619.45,-0.179586687777,1
615.35,-0.186205462496,1
614.4,-0.187749299337,1
613.5,-0.189214143087,1
615.25,-0.18636165735,1
615.85,-0.185386444022,1
614.25,-0.187984479258,1
611.55,-0.192380083653,1
611.05,-0.19319767829,1
615.3,-0.200152919268,-1
618.55,-0.20543489554,-1
618.5,-0.205354061331,-1
618.3,-0.205030698356,-1
616.45,-0.202038623312,-1
615.75,-0.200903089205,-1
614.95,-0.199603860622,-1
616.25,-0.20171785363,-1
618.0,-0.204557610222,-1
618.9,-0.206013920902,-1
620.4,-0.208437575773,-1
621.05,-0.209485286927,-1
624.9,-0.215684465737,-1
627.45,-0.219765118642,-1
626.75,-0.220880745385,1
623.95,-0.22534823641,1
626.1,-0.221902447485,1
626.35,-0.221503150248,1
624.35,-0.224696253145,1
626.15,-0.221813254827,1
626.55,-0.221174430264,1
625.95,-0.222132055354,1
624.2,-0.224927805814,1
623.1,-0.226690061501,1
621.4,-0.229418355515,1
621.9,-0.228613720819,1
622.6,-0.227488137928,1
622.0,-0.228451838538,1
619.5,-0.232471131142,1
617.2,-0.236183802652,1
616.45,-0.237398967914,1
617.3,-0.23602010507,1
617.6,-0.235534117706,1
617.6,-0.235534117706,1
617.8,-0.235210283509,1
616.95,-0.23383443372,-1
615.45,-0.231403118378,-1
619.8,-0.238471117403,-1
618.55,-0.236454337797,-1
620.2,-0.239121866695,-1
619.55,-0.238073817679,-1
621.0,-0.24041422604,-1
624.65,-0.246291842787,-1
625.1,-0.247012246213,-1
626.9,-0.249891785486,-1
627.6,-0.251008391006,-1
629.3,-0.253717122682,-1
628.4,-0.252286962186,-1
