1832.2,0.0,0
1833.7,0.0,0
1830.1,0.0,0
1829.25,0.0,0
1831.15,0.0,0
1830.0,0.0,0
1831.5,0.0,0
1830.45,0.0,0
1829.6,0.0,0
1830.0,0.0,0
1828.8,0.0,0
1833.0,0.0,0
1836.0,0.0,0
1831.0,0.0,0
1834.45,0.0,0
1828.05,0.0,0
1827.95,0.0,0
1828.9,0.0,0
1830.9,0.0,0
1833.0,0.0,0
1831.25,0.0,0
1811.9,0.0,0
1805.4,0.0,0
1816.85,0.0,0
1825.0,0.0,0
1830.3,0.0,0
1836.25,0.0,0
1837.6,0.0,0
1830.15,0.0,0
1836.35,-0.00338770046171,-1
1837.7,-0.00412285443563,-1
1836.9,-0.00368752766847,-1
1833.3,-0.00564735128435,1
1834.0,-0.00526552616025,1
1836.0,-0.00417501361936,1
1838.4,-0.00286782407688,1
1823.4,-0.0110270930064,1
1817.45,-0.0142902278095,1
1824.5,-0.0104111664873,1
1815.3,-0.0154536438784,1
1817.6,-0.0167206520864,-1
1812.0,-0.0136396661709,-1
1816.0,-0.0158471716897,-1
1817.05,-0.0164253655223,-1
1821.95,-0.0191220442047,-1
1815.2,-0.0154172224478,-1
1815.35,-0.0154998579701,-1
1818.05,-0.0169871744655,-1
1813.95,-0.0147320109662,-1
1815.6,-0.0156416281001,-1
1796.6,-0.00517676799871,-1
1793.3,-0.00333996514888,-1
1794.15,-0.00381395165421,-1
1798.0,-0.00595981459766,-1
1801.0,-0.00762833517608,-1
1800.0,-0.00707308809113,-1
1797.8,-0.00585086586891,-1
1796.5,-0.00512775985044,-1
1800.5,-0.00735431147861,-1
1804.05,-0.00932598601346,-1
1804.5,-0.00957542477624,-1
1821.55,-0.0190240254967,-1
1850.7,-0.0350268802083,-1
1845.95,-0.0324602837853,-1
1851.0,-0.0351960025209,-1
1850.2,-0.0347638037095,-1
1846.35,-0.0368446598332,1
1845.95,-0.0370613034814,1
1841.5,-0.0394719863277,1
1844.4,-0.0378971831781,1
1841.0,-0.0397406010917,1
1838.0,-0.0413701502498,1
1839.8,-0.0403908248962,1
1839.95,-0.040309294295,1
1846.0,-0.0370211614653,1
1844.9,-0.0376170444556,1
1842.9,-0.0387011140528,1
1834.0,-0.0435304591068,1
1826.65,-0.0475380926946,1
1823.15,-0.0494541685712,1
1822.8,-0.0496461439984,1
1815.55,-0.0536235414089,1
1813.1,-0.0549729947426,1
1817.7,-0.0524359035728,1
1820.45,-0.0509230026541,1
1829.6,-0.0458967728757,1
1851.3,-0.0340362569159,1
1853.5,-0.0328479027864,1
1871.7,-0.0230286419286,1
1870.6,-0.023616342949,1
1881.95,-0.017548771047,1
1884.9,-0.0159812479991,1
1884.95,-0.0159547213929,1
1888.5,-0.0140713823123,1
1887.75,-0.0144685229,1
1887.0,-0.0148658212711,1
1880.0,-0.018575413216,1
1886.0,-0.0153839238543,1
1878.0,-0.0196257054026,1
1900.3,-0.00775137100426,1
1896.0,-0.0100141716147,1
1892.05,-0.012097504948,1
1893.75,-0.0111990086081,1
1889.3,-0.0135488435916,1
1900.45,-0.00764718689333,1
1898.0,-0.00893635524819,1
1882.35,-0.0171818768499,1
1876.8,-0.0201303189568,1
1882.0,-0.01735964547,1
1881.75,-0.017492482877,1
1886.9,-0.0147556687413,1
1903.0,-0.00622315509455,1
1893.6,-0.011162724196,1
1892.4,-0.0117964377574,1
1894.0,-0.0109509505454,1
1886.95,-0.0146732314324,1
1888.95,-0.0136133199351,1
1891.95,-0.0120251360234,1
1892.15,-0.0119194249845,1
1888.45,-0.0138748724913,1
1892.55,-0.0117037797962,1
1892.55,-0.0117037797962,1
1898.9,-0.00834851837644,1
1891.9,-0.0120348631023,1
1896.7,-0.00949773111861,1
1897.55,-0.00904958433736,1
1889.25,-0.0134236456269,1
1887.05,-0.0145881288875,1
1885.35,-0.0154890059178,1
1880.7,-0.013022620366,-1
1862.2,-0.00318585745857,-1
1876.85,-0.0110528964447,-1
1874.55,-0.00982743889617,-1
1873.3,-0.00916061219109,-1
1872.85,-0.00892039439362,-1
1883.95,-0.0148471904531,-1
1882.1,-0.0138652111012,-1
1882.0,-0.0138120789616,-1
1878.25,-0.0118195178564,-1
1869.55,-0.00718754660654,-1
1867.9,-0.00630498128333,-1
1867.55,-0.00611760508546,-1
1863.4,-0.0038954423589,-1
1856.5,-0.000192533697309,-1
1858.85,-0.00145835648212,-1
1862.7,-0.00352952951921,-1
1865.15,-0.00484482452109,-1
1866.2,-0.00540778192398,-1
1866.05,-0.00532740468681,-1
1836.3,0.0106153621201,-1
1831.8,0.0130659420907,-1
1822.0,0.0184158711222,-1
1819.0,0.0200624133835,-1
1811.5,0.0241855579684,-1
1801.2,0.029871453635,-1
1801.6,0.0296493794622,-1
1795.5,0.0330352586807,-1
1789.2,0.0365440306105,-1
1791.0,0.0355379943932,-1
1781.0,0.0411214673134,-1
1775.8,0.0440411753426,-1
1786.95,0.0377623151106,-1
1809.9,0.0249192025444,-1
1807.3,0.0263557459999,-1
1810.2,0.0247511424476,-1
1804.85,0.0277066169808,-1
1802.15,0.0292025861749,-1
1804.0,0.028176034556,-1
1812.4,0.0235197152656,-1
1818.05,0.020402301891,-1
1819.0,0.0198797640071,-1
1815.7,0.0216939476244,-1
1832.0,0.0127166936728,-1
1830.0,0.0138083967295,-1
1821.85,0.0182619486421,-1
1818.2,0.0202654066656,-1
1820.5,0.0190004193154,-1
1842.0,0.00719047699189,-1
1826.6,-0.0011700007497,1
1826.35,-0.00130686705869,1
1826.1,-0.00144375210263,1
1827.45,-0.000704471668914,1
1831.0,0.00123812593978,1
1830.9,0.00118351097528,1
1827.0,-0.000946588975569,1
1827.9,-0.00045397813813,1
1847.95,0.0105148932443,1
1846.45,0.00970318297078,1
1850.5,0.0118965811132,1
1848.0,0.0105455948932,1
1846.0,0.00946334381097,1
1846.1,0.00951751499191,1
1848.1,0.0106008799234,1
1849.25,0.0112231406236,1
1844.75,0.00878972166993,1
1842.35,0.00748873237599,1
1841.6,0.0070816436035,1
1843.3,0.00800475394233,1
1842.75,0.00770637603315,1
1833.5,0.00268670434681,1
1818.0,-0.00576707258256,1
1826.0,-0.00136663253856,1
1823.6,-0.00268098084086,1
1820.7,-0.00427124186301,1
1819.35,-0.00501271492282,1
1818.1,-0.00569977348769,1
1825.3,-0.00965995169571,-1
1824.0,-0.00894774000448,-1
1824.75,-0.00935892421501,-1
1825.95,-0.0100165485471,-1
1827.35,-0.0107832727181,-1
1840.0,-0.0177058655438,-1
1827.0,-0.0106406481525,-1
1826.9,-0.010585913615,-1
1810.0,-0.00133527044895,-1
1806.0,0.000874674302431,-1
1812.2,-0.00255832680499,-1
1813.3,-0.00316532382519,-1
1815.0,-0.00410284105896,-1
1815.0,-0.00410284105896,-1
1815.05,-0.00413038926832,-1
1812.0,-0.00244999478883,-1
1800.6,0.00384139593964,-1
1799.7,0.00434122932851,-1
1776.5,0.0172322667236,-1
1775.05,0.0180484783758,-1
1774.25,0.0184991699056,-1
1782.5,0.0138493178554,-1
1780.3,0.0150835394543,-1
1779.05,0.015785668309,-1
1776.0,0.0175000664428,-1
1778.2,0.0162613277041,-1
1768.9,0.0214913355772,-1
1768.25,0.0218587955806,-1
1762.15,0.0253085340226,-1
1760.25,0.0263867623232,-1
1763.9,0.0243131932279,-1
1756.0,0.028791905173,-1
1751.65,0.0312691261298,-1
1750.65,0.0318400164332,-1
1743.5,0.0359242137313,-1
1740.55,0.0376162125842,-1
1725.0,0.0465501702413,-1
1732.5,0.0422023441543,-1
1736.05,0.0401532821053,-1
1734.6,0.0409885115053,-1
1740.0,0.0378754018547,-1
1739.5,0.0381627581765,-1
1740.0,0.0378753192573,-1
1753.8,0.0299442847745,-1
1765.1,0.0235011327618,-1
1758.25,0.0273819327164,-1
1758.8,0.0270691216828,-1
1754.0,0.0297982551829,-1
1757.45,0.0278313224577,-1
1752.75,0.0305056517416,-1
1751.15,0.0314185029753,-1
1750.65,0.0317040296293,-1
1749.6,0.0323038068549,-1
1753.85,0.0298746801973,-1
1750.4,0.0318417811467,-1
1723.35,0.04729539175,-1
1724.45,0.0466571000507,-1
1714.0,0.0527170032082,-1
1715.25,0.0519877149935,-1
1710.3,0.0548735916878,-1
1712.15,0.0537919101115,-1
1722.0,0.0480389094983,-1
1717.0,0.0509425099628,-1
1716.55,0.0512045949949,-1
1716.25,0.0513793641539,-1
1715.65,0.0517289635713,-1
1715.2,0.0519912548311,-1
1729.0,0.0439455458759,-1
1751.9,0.0307008957892,-1
1767.7,0.0216821161785,-1
1771.8,0.0193627180905,-1
1774.05,0.0180928230685,-1
1774.9,0.0176136933935,-1
1774.95,0.0175855227923,-1
1779.05,0.0152755985691,-1
1783.15,0.0175801993392,1
1786.55,0.0194869374151,1
1790.0,0.021418033662,1
1777.65,0.0145185923212,1
1793.5,0.0234348581778,1
1800.15,0.0271426920223,1
1794.0,0.0237263100541,1
1792.85,0.0230852844131,1
1783.95,0.0181211212093,1
1779.0,0.0153463797647,1
1772.5,0.0116926417096,1
1771.0,0.0108463793683,1
1774.7,0.012935594501,1
1770.0,0.0102872595711,1
1774.15,0.0126318923395,1
1774.85,0.0130264474786,1
1766.5,0.0083218245527,1
1767.05,0.00863317468007,1
1715.0,-0.0208226981023,1
1714.9,-0.0208810071402,1
1737.4,-0.00776070858047,1
1739.0,-0.0086816248922,-1
1731.75,-0.0045125622125,-1
1735.0,-0.00638927651884,-1
1733.35,-0.0054382678733,-1
1733.5,-0.00552480550275,-1
1738.6,-0.00846683030806,-1
1759.0,-0.0202004090496,-1
1771.45,-0.0272782942116,-1
1770.0,-0.0264597557262,-1
1820.8,-0.0551603206979,-1
1839.0,-0.0651559270248,-1
1838.95,-0.0651287383353,-1
1841.5,-0.0665153992016,-1
1840.5,-0.0670584347704,1
1840.1,-0.0672757670171,1
1840.6,-0.0670040426543,1
1841.0,-0.0667867222153,1
1838.1,-0.0683619530681,1
1836.05,-0.0694772351528,1
1835.3,-0.0698857207605,1
1843.8,-0.0652543253483,1
1838.0,-0.0684000027537,1
1835.0,-0.0700322116764,1
1841.5,-0.066489977344,1
1833.95,-0.0705898958887,1
1832.7,-0.0712714848088,1
1837.3,-0.0687615268233,1
1840.9,-0.0668021298821,1
1841.3,-0.0665848448585,1
1836.85,-0.0690016156183,1
1842.0,-0.0661979027402,1
1840.0,-0.0672836790703,1
1846.55,-0.0637238964616,1
1846.45,-0.0637780515075,1
1866.95,-0.0526756658486,1
1862.75,-0.0549253243825,1
1858.0,-0.057475317672,1
1846.95,-0.063422572785,1
1840.0,-0.0671855333416,1
1839.05,-0.0677018376895,1
1840.0,-0.0671852666338,1
1840.0,-0.0671852666338,1
1827.5,-0.0739787448946,1
1836.9,-0.0688351060437,1
1825.2,-0.0752045327953,1
1825.5,-0.0750401672463,1
1819.0,-0.0714794989363,-1
1804.35,-0.0634256231804,-1
1821.95,-0.0731798282958,-1
1827.15,-0.0760339132048,-1
1826.25,-0.0755413428083,-1
1823.3,-0.0739260108439,-1
1820.0,-0.0721161057268,-1
1820.0,-0.0721161057268,-1
1821.05,-0.0726930288037,-1
1821.2,-0.072775398865,-1
1826.45,-0.0756581135586,-1
1829.9,-0.0775470237395,-1
1830.0,-0.0776016715345,-1
1844.0,-0.0852519447585,-1
1849.0,-0.0879634415047,-1
1864.0,-0.0960759347443,-1
1869.45,-0.0989997544868,-1
1869.85,-0.0992137211615,-1
1867.75,-0.0980906364221,-1
1859.0,-0.102775417576,1
1859.3,-0.102614040491,1
1859.85,-0.10231823024,1
1864.5,-0.0998180286111,1
1864.0,-0.100086197021,1
1862.7,-0.100783621914,1
1865.0,-0.0995488551771,1
1870.0,-0.0968678900296,1
1873.6,-0.0949427563398,1
1878.7,-0.0922207238889,1
1876.75,-0.0932586756641,1
1878.3,-0.0924327798335,1
1873.25,-0.0951213812284,1
1877.9,-0.0926390643993,1
1878.85,-0.092133180167,1
1876.0,-0.0936500654957,1
1871.95,-0.0958089141098,1
1874.9,-0.0942330173177,1
1875.6,-0.0938596640722,1
1853.75,-0.105509269532,1
1838.75,-0.113600975533,1
1843.65,-0.110936121692,1
1843.5,-0.111017482037,1
1843.0,-0.111288705254,1
1835.7,-0.107327771993,-1
1819.65,-0.0985845132905,-1
1821.7,-0.0997111035688,-1
1823.9,-0.100918766741,-1
1819.25,-0.0983692848611,-1
1822.65,-0.100238186881,-1
1809.65,-0.093105714931,-1
1816.0,-0.0966146807531,-1
1827.0,-0.102671949476,-1
1833.3,-0.106120225338,-1
1833.8,-0.106392957569,-1
1837.9,-0.108628752094,-1
1844.65,-0.112301421989,-1
1841.65,-0.110675097212,-1
1848.5,-0.114394587886,-1
1844.6,-0.112284769114,-1
1825.5,-0.101930220703,-1
1822.8,-0.100451173866,-1
1831.25,-0.105086899124,-1
1830.05,-0.104431609022,-1
1838.15,-0.108857717598,-1
1832.15,-0.105593566141,-1
1836.0,-0.107694922471,-1
1836.05,-0.107722155587,-1
1828.5,-0.103610067136,-1
1819.9,-0.098906758413,-1
1817.5,-0.0975880046353,-1
1817.95,-0.0978355974826,-1
1823.9,-0.10110851478,-1
1821.2,-0.102588859097,1
1819.6,-0.103467400718,1
1823.85,-0.101131722547,1
1823.2,-0.100775333589,-1
1823.7,-0.101049576678,-1
1828.55,-0.103709005312,-1
1828.15,-0.103490252749,-1
1821.95,-0.100098846136,-1
1823.25,-0.100812367363,-1
1817.0,-0.0973844227584,-1
1823.0,-0.100686569154,-1
1821.55,-0.099891176943,-1
1829.0,-0.10398110036,-1
1823.6,-0.101028667336,-1
1820.15,-0.0991368050858,-1
1823.0,-0.100702610102,-1
1843.9,-0.112167228862,-1
1849.85,-0.115394084982,-1
1846.1,-0.117421276376,1
1835.8,-0.123000605773,1
1834.95,-0.123463619174,1
1838.0,-0.121801448542,1
1839.0,-0.121257378901,1
1845.45,-0.117750037955,1
1842.0,-0.119619500688,1
1842.5,-0.119348056605,1
1841.0,-0.120162167867,1
1839.65,-0.120895464988,1
1842.15,-0.119536510839,1
1846.4,-0.117229424011,1
1846.85,-0.116985706507,1
1836.55,-0.122562770156,1
1826.25,-0.128171111884,1
1829.7,-0.126281994841,1
1829.2,-0.126555263682,1
1833.95,-0.12395850007,1
1832.3,-0.124858197445,1
1830.45,-0.125867857435,1
1830.0,-0.126113698621,1
1826.95,-0.127780365288,1
1830.0,-0.126110916206,1
1838.15,-0.130564468119,-1
1844.0,-0.133747015789,-1
1845.0,-0.134289315138,-1
1841.7,-0.132500697252,-1
1840.0,-0.131577637036,-1
1838.95,-0.131006984862,-1
1842.0,-0.132665540016,-1
1842.15,-0.13274697324,-1
1842.6,-0.132991253022,-1
1841.05,-0.132150050374,-1
1841.75,-0.132530268184,-1
1848.4,-0.128919571836,1
1849.95,-0.128081008754,1
1838.55,-0.134243337466,1
1834.75,-0.136310183622,1
1841.8,-0.132467698269,1
1841.0,-0.132902055963,1
1833.25,-0.137111724621,1
1833.2,-0.137138998588,1
1833.45,-0.137002625034,1
1835.1,-0.136102682303,1
1830.9,-0.138391385916,1
1832.5,-0.137517498757,1
1828.65,-0.139618453736,1
1832.45,-0.137540418027,1
1841.75,-0.14261559061,-1
1837.05,-0.140063669882,-1
1841.0,-0.142213856322,-1
1842.1,-0.14281135768,-1
1842.9,-0.143245644636,-1
1843.0,-0.14329990694,-1
1840.75,-0.142079071345,-1
1839.75,-0.141535814521,-1
1838.15,-0.14066613114,-1
1839.65,-0.141482169004,-1
1840.5,-0.141944213415,-1
1840.8,-0.1421072126,-1
1839.9,-0.141618294738,-1
1837.0,-0.14004212212,-1
1836.4,-0.139715502631,-1
1838.6,-0.140913498711,-1
1839.35,-0.14132141778,-1
1832.4,-0.145099926492,1
1831.6,-0.14553651239,1
1833.1,-0.144717556286,1
1831.2,-0.14575405184,1
1824.8,-0.149249027812,1
1824.15,-0.148892824393,-1
1833.5,-0.154018499365,-1
1814.55,-0.143683075312,-1
1855.8,-0.166415984298,-1
1860.25,-0.168813872001,-1
1870.0,-0.174055103019,-1
1870.05,-0.174028365051,1
1883.0,-0.16710341652,1
1883.7,-0.166731669308,1
1879.65,-0.168881693197,1
1873.55,-0.172126978224,1
1873.55,-0.172126978224,1
1874.3,-0.171726668651,1
1865.95,-0.176181665183,1
1887.85,-0.164445016291,1
1876.0,-0.170721998043,1
1900.2,-0.157822211262,1
1905.55,-0.155006718156,1
1907.5,-0.153983391558,1
1908.35,-0.153537782121,1
1912.85,-0.151179724113,1
1912.3,-0.151467253193,1
1904.35,-0.155624550688,1
1906.3,-0.154600579254,1
1885.55,-0.165485539649,1
1898.25,-0.158750104364,1
1905.9,-0.154720076707,1
1905.85,-0.154746311032,1
1907.45,-0.153906790608,1
1892.2,-0.161901757711,1
1887.65,-0.164306366103,1
1888.6,-0.16380309484,1
1886.65,-0.164835605695,1
1887.55,-0.164358569679,1
1891.0,-0.162530803527,1
1894.25,-0.160812136155,1
1894.85,-0.160495388102,1
1898.85,-0.158384403063,1
1893.0,-0.161465215134,1
1896.3,-0.159721950474,1
1901.45,-0.157006135466,1
1902.4,-0.156506516754,1
1915.5,-0.149620478066,1
1914.0,-0.150403563423,1
1910.3,-0.152336687769,1
1912.65,-0.151106514498,1
1910.0,-0.149721002251,-1
1910.8,-0.149302154083,1
1910.0,-0.149720826891,1
1909.0,-0.1502443871,1
1903.3,-0.153230243569,1
1903.7,-0.15302008227,1
1904.05,-0.152836229773,1
1918.35,-0.145325922795,1
1908.05,-0.150695120283,1
1915.85,-0.146607177095,1
1917.45,-0.145772038645,1
1917.05,-0.145980649039,1
1925.0,-0.141833652351,1
1929.5,-0.139495990013,1
1924.3,-0.142190988718,1
1927.05,-0.14076189762,1
1924.25,-0.142214895725,1
1931.5,-0.138447194024,1
1920.0,-0.144401115846,1
1926.95,-0.140781324179,1
1873.0,-0.168778936987,1
1873.75,-0.168378509865,1
1868.5,-0.171180377777,1
1862.05,-0.167728410958,-1
1851.95,-0.162304281639,-1
1859.0,-0.166111079878,-1
1856.3,-0.164658686118,-1
1848.6,-0.160510649702,-1
1843.9,-0.157968185134,-1
1842.35,-0.157127575556,-1
1830.7,-0.150804129957,-1
1836.7,-0.154081564818,-1
1820.65,-0.145343066424,-1
1805.0,-0.136747235265,-1
1808.2,-0.138520088451,-1
1815.05,-0.142308386205,-1
1809.05,-0.139002692147,-1
1797.85,-0.132811597374,-1
1797.2,-0.13245005442,-1
1803.5,-0.135955507346,-1
1805.05,-0.136814947324,-1
1812.0,-0.14066525618,-1
1804.65,-0.136608964789,-1
1798.05,-0.132951745938,-1
1799.0,-0.133480096095,-1
1799.1,-0.133535682532,-1
1812.4,-0.140928267713,-1
1812.6,-0.141038618629,-1
1808.0,-0.138500827611,-1
1809.15,-0.139136889558,-1
1809.9,-0.139551448881,-1
1807.5,-0.138225408768,-1
1802.75,-0.135597469626,-1
1801.5,-0.13490408452,-1
1800.8,-0.134515519435,-1
1777.95,-0.12182671446,-1
1778.25,-0.121995448114,-1
1783.45,-0.124919671367,-1
1797.3,-0.132685518461,-1
1799.9,-0.134132132827,-1
1802.0,-0.135298864312,-1
1801.1,-0.134799419251,-1
1800.0,-0.134188681369,-1
1798.15,-0.133160903591,-1
1801.85,-0.135218573974,-1
1799.45,-0.133886609604,-1
1799.2,-0.133747678264,-1
1799.5,-0.133914419038,-1
1803.7,-0.136248400699,-1
1802.0,-0.135305893631,-1
1778.3,-0.122153840356,-1
1789.0,-0.128170822868,-1
1809.0,-0.139350252717,-1
1805.0,-0.137139086327,-1
1808.3,-0.138967341174,-1
1809.15,-0.139437395922,-1
1813.0,-0.141565467116,-1
1812.0,-0.142117039096,1
1812.2,-0.14200666382,1
1801.0,-0.148186997116,1
1789.5,-0.154572338593,1
1782.3,-0.158595808836,1
1798.55,-0.149478376305,1
1795.3,-0.151285387509,1
1790.0,-0.154237540352,1
1792.25,-0.152980557112,1
1791.05,-0.153650106561,1
1792.25,-0.154320104607,-1
1786.0,-0.150832867893,-1
1790.85,-0.153548433403,-1
1786.25,-0.150979820733,-1
1787.9,-0.151903543616,-1
1786.0,-0.15084084436,-1
1788.8,-0.15240859352,-1
1780.1,-0.147544997813,-1
1788.9,-0.152488540311,-1
1777.9,-0.146339510181,-1
1781.9,-0.148589355504,-1
1783.25,-0.149346973777,-1
1785.95,-0.15086106322,-1
1788.75,-0.152428856271,-1
1786.9,-0.151394614482,-1
1787.25,-0.151590484425,-1
1794.8,-0.155814851469,-1
1792.8,-0.154700521182,-1
1792.35,-0.154449517165,-1
1791.65,-0.154058968445,-1
1773.5,-0.143928641651,-1
1752.75,-0.132228613458,-1
1772.8,-0.143667780481,-1
1774.8,-0.144795939326,-1
1771.05,-0.142683025195,-1
1778.6,-0.146946033015,-1
1784.55,-0.150291360801,-1
1783.0,-0.149422794496,-1
1789.1,-0.15284399472,-1
1786.45,-0.151362803059,-1
1771.55,-0.143022239372,-1
1774.3,-0.144574552318,-1
1775.0,-0.144969074101,-1
1793.05,-0.155138088186,-1
1784.55,-0.150397562266,-1
1802.15,-0.160259992571,-1
1806.05,-0.162424074362,-1
1809.05,-0.160762990782,1
1815.05,-0.157446332867,1
1816.1,-0.156867836407,1
1820.0,-0.154720377567,1
1812.0,-0.159115981962,1
1811.0,-0.159667858342,1
1810.0,-0.160220039458,1
1818.0,-0.155800149955,1
1826.0,-0.151399709911,1
1816.9,-0.156383280557,1
1820.65,-0.154319325469,1
1825.95,-0.151408277217,1
1826.1,-0.151326128198,1
1838.0,-0.144809508079,1
1845.5,-0.140728985772,1
1843.05,-0.142056539281,1
1832.5,-0.147780746437,1
1836.75,-0.145461510421,1
1819.0,-0.155125318778,1
1816.45,-0.156527187937,1
1811.0,-0.159527545778,1
1829.65,-0.149229367975,1
1827.2,-0.150568421893,1
1823.45,-0.152620742383,1
1816.95,-0.156185413748,1
1819.45,-0.154809481554,1
1817.75,-0.155743829846,1
1825.6,-0.151425304196,1
1830.25,-0.148878196396,1
1828.3,-0.149943624616,1
1833.15,-0.1472908871,1
1832.0,-0.147918222561,1
1844.15,-0.141286126491,1
1826.15,-0.151046720803,1
1836.4,-0.145433819344,1
1829.75,-0.149055034765,1
1832.4,-0.14760674948,1
1833.35,-0.147088303726,1
1831.7,-0.147988295544,1
1827.6,-0.150226653354,1
1830.7,-0.148530439741,1
1828.0,-0.150005285428,1
1823.15,-0.152658458295,1
1816.35,-0.148928649996,-1
1817.0,-0.14928651054,-1
1836.5,-0.160018486324,-1
1830.0,-0.163557827463,1
1824.0,-0.166836515987,1
1819.35,-0.169385858092,1
1820.35,-0.16883621124,1
1826.0,-0.16573241252,1
1822.75,-0.163952565861,-1
1821.35,-0.163184495638,-1
1820.7,-0.162827617498,-1
1811.85,-0.157966849661,-1
1806.25,-0.154876086077,-1
1806.0,-0.154737677772,-1
1819.95,-0.162461930264,-1
1806.8,-0.155236457037,-1
1800.8,-0.151915668903,-1
1796.2,-0.149361248645,-1
1803.0,-0.153147018604,-1
1803.05,-0.153174750163,-1
1803.0,-0.153147019373,-1
1799.0,-0.150928494692,-1
1797.5,-0.150094698139,-1
1800.85,-0.151958397721,-1
1800.15,-0.151569692388,-1
1804.0,-0.153708403051,-1
1825.0,-0.165349201277,-1
1836.2,-0.171486187578,-1
1834.75,-0.170696513251,-1
1838.85,-0.172931150122,-1
1839.3,-0.173175868289,-1
1837.05,-0.171952576819,-1
1837.1,-0.171925359269,1
1834.75,-0.173204549297,1
1841.55,-0.169498322291,1
1841.65,-0.169444020208,1
1836.15,-0.172430472574,1
1837.1,-0.17191308565,1
1835.5,-0.172784023542,1
1836.0,-0.172511618202,1
1805.55,-0.189096585523,1
1794.5,-0.195216604354,1
1803.7,-0.190089828093,1
1801.0,-0.191586751084,1
1803.4,-0.190254158081,1
1802.1,-0.190975018677,1
1802.7,-0.19064207378,1
1802.1,-0.190974907862,1
1797.15,-0.193721703267,1
1794.0,-0.19196892804,-1
1789.45,-0.189432696156,-1
1791.7,-0.190690065738,-1
1792.05,-0.190885410941,-1
1813.2,-0.202687536998,-1
1823.5,-0.208368101745,-1
1819.5,-0.206174517978,-1
1813.95,-0.203124229437,-1
1816.2,-0.204364616438,-1
1815.45,-0.203951666322,-1
1822.0,-0.207559587223,-1
1821.3,-0.207175394029,-1
1821.0,-0.20701067652,-1
1824.75,-0.209069984592,-1
1821.75,-0.207425923762,-1
1821.2,-0.207124016255,-1
1823.0,-0.208112375579,-1
1827.75,-0.205506780406,1
1837.05,-0.200418557181,1
1826.55,-0.206134242655,1
1825.0,-0.206982836999,1
1826.0,-0.206434891794,1
1825.95,-0.20646227405,1
1830.2,-0.204134718531,1
1830.9,-0.20375224667,1
1830.0,-0.204243808197,1
1830.1,-0.204189163389,1
1831.0,-0.203697386983,1
1831.1,-0.203642772018,1
1819.55,-0.209950455924,1
1813.95,-0.213028139967,1
1819.5,-0.209968518698,1
1820.05,-0.209666237852,1
1824.2,-0.207386080714,1
1825.05,-0.206920123033,1
1819.95,-0.209714567021,1
1817.7,-0.210950864722,1
1812.95,-0.213564057218,1
1814.55,-0.214446596725,-1
1806.7,-0.210120455258,-1
1809.95,-0.211919315057,-1
1821.5,-0.218300706808,-1
1819.0,-0.216928211612,-1
1816.55,-0.215581317714,-1
1822.7,-0.218966856235,-1
1819.15,-0.217019196171,-1
1815.1,-0.214792881683,-1
1812.2,-0.213195173568,-1
1811.25,-0.212670948868,-1
1814.95,-0.214713736998,-1
1814.8,-0.214631090093,-1
1815.0,-0.214741295075,-1
1811.4,-0.212757824,-1
1811.95,-0.21306145655,-1
1797.7,-0.205197001129,-1
1798.5,-0.205642014201,-1
1796.1,-0.20430756883,-1
1795.3,-0.203862159331,-1
1797.65,-0.205171132762,-1
1795.8,-0.204142011409,-1
1795.0,-0.203696527502,-1
1791.4,-0.201690956472,-1
1793.1,-0.202639934924,-1
1792.0,-0.202026472206,-1
1792.55,-0.202333391849,-1
1791.1,-0.201524488332,-1
1765.55,-0.187259511502,-1
1760.0,-0.184116015141,-1
1754.15,-0.180792151504,-1
1747.45,-0.17697263778,-1
1749.45,-0.178117162659,-1
1744.95,-0.17554492567,-1
1744.5,-0.175287038625,-1
1748.35,-0.17749397471,-1
1745.05,-0.175606480787,-1
1752.1,-0.179646479641,-1
1748.9,-0.177820099868,-1
1745.8,-0.176047557127,-1
1739.0,-0.172152494691,-1
1724.15,-0.163613104237,-1
1723.4,-0.163178107282,-1
1723.5,-0.163236132116,-1
1715.65,-0.158681446883,-1
1713.2,-0.15725341669,-1
1715.5,-0.158595933618,-1
1720.15,-0.161306513623,-1
1717.0,-0.159475277975,-1
1715.05,-0.15833957617,-1
1705.55,-0.152800379062,-1
1703.3,-0.151481156524,-1
1709.95,-0.155385342516,-1
1701.8,-0.150619121281,-1
1685.1,-0.140805982252,-1
1680.05,-0.137809127466,-1
1693.1,-0.145576753429,-1
1696.0,-0.147289587875,-1
1693.3,-0.145697606743,-1
1692.95,-0.145490909761,-1
1693.0,-0.145520444006,-1
1693.0,-0.145520444006,-1
1694.7,-0.146524578678,-1
1718.95,-0.160833895961,-1
1741.95,-0.174214157167,-1
1736.9,-0.171315107252,-1
1753.2,-0.180699642919,-1
1749.75,-0.178731812665,-1
1738.95,-0.172559502335,-1
1745.0,-0.176038613293,-1
1740.2,-0.178789329626,1
1745.7,-0.175628773368,1
1745.0,-0.176029758646,1
1749.45,-0.173479615379,1
1753.1,-0.171393245377,1
1762.65,-0.165945752365,1
1761.9,-0.166371248067,1
1762.0,-0.166314491157,1
1774.25,-0.159362164256,1
1747.5,-0.174438957267,1
1749.65,-0.173208628226,1
1754.9,-0.170208028106,1
1759.7,-0.167472829519,1
1763.2,-0.165483854125,1
1766.9,-0.163385396775,1
1759.0,-0.167856504365,1
1757.3,-0.168822962579,1
1755.4,-0.169904166699,1
1759.2,-0.167739417924,1
1760.55,-0.166972023654,1
1744.0,-0.176372495098,1
1756.7,-0.169090385006,1
1776.0,-0.158103876211,1
1770.4,-0.161257029364,1
1771.0,-0.160918122902,1
1771.4,-0.160692261807,1
1770.55,-0.161172108256,1
1775.6,-0.158319887195,1
1772.45,-0.160093935404,1
1776.15,-0.158006429409,1
1771.4,-0.160680753087,1
1774.45,-0.158958951122,1
1770.2,-0.161354059466,1
1786.0,-0.15242851433,1
1785.65,-0.152624482975,1
1781.75,-0.154808561602,1
1773.0,-0.159719463804,1
1774.65,-0.158788837747,1
1780.0,-0.155774158796,1
1786.15,-0.152319102616,1
1779.15,-0.15623814637,1
1778.45,-0.156631592678,1
1775.05,-0.158543369788,1
1772.0,-0.160261631245,1
1772.0,-0.160261631245,1
1767.55,-0.162772917927,1
1784.2,-0.153353099534,1
1778.25,-0.156687927468,1
1778.7,-0.156434869687,1
1783.35,-0.153820600839,1
1783.95,-0.153484155385,1
1783.7,-0.153624293842,1
1778.2,-0.156707772005,1
1780.25,-0.155554920807,1
1778.9,-0.156313241268,1
1780.65,-0.155329487262,1
1781.0,-0.155132929826,1
1774.1,-0.159007157787,1
1774.1,-0.159007157787,1
1773.0,-0.15962719048,1
1776.15,-0.157850540734,1
1779.95,-0.159989999676,-1
1779.55,-0.159765274262,-1
1780.0,-0.16001814718,-1
1783.2,-0.161815899989,-1
1783.85,-0.161451386754,1
1777.05,-0.165263366461,1
1778.7,-0.164334861354,1
1778.05,-0.164700296784,1
1777.0,-0.165290831359,1
1767.0,-0.170918293373,1
1766.7,-0.17108807266,1
1750.05,-0.161663722176,-1
1749.3,-0.161235162992,-1
1760.3,-0.16752339257,-1
1771.75,-0.174027965654,-1
1777.5,-0.177273344517,-1
1778.15,-0.177639026655,-1
1785.95,-0.182025608214,-1
1782.6,-0.180149855813,-1
1782.65,-0.180177904731,-1
1785.7,-0.181888840697,-1
1803.5,-0.191856920441,-1
1816.95,-0.184399199344,1
1824.45,-0.180271402761,1
1824.4,-0.180298808281,1
1826.95,-0.178901088483,1
1835.05,-0.17446746961,1
1833.5,-0.175312133243,1
1835.75,-0.174084972076,1
1825.95,-0.179423389616,1
1822.85,-0.181121135995,1
1824.95,-0.179969093863,1
1824.7,-0.180106083917,1
1821.55,-0.181832395092,1
1824.7,-0.180103098614,1
1820.0,-0.182678864493,1
1825.7,-0.179546996361,1
1836.05,-0.173877937918,1
1848.7,-0.166988147335,1
1851.6,-0.165419477458,1
1855.0,-0.163583227729,1
1857.35,-0.162316381367,1
1852.5,-0.164927628574,1
1849.1,-0.166762986199,1
1853.15,-0.164572731481,1
1850.1,-0.166218577742,1
1850.05,-0.166245603309,1
1850.0,-0.166272629605,1
1848.4,-0.16713749447,1
1841.0,-0.171140956924,1
1846.45,-0.168180609287,1
1847.0,-0.167882740403,1
1849.45,-0.166556265038,1
1850.35,-0.166069633877,1
1850.9,-0.165772392815,1
1851.05,-0.165691351159,1
1832.4,-0.175766713791,1
1824.95,-0.179832419969,1
1835.8,-0.173887051603,1
1825.0,-0.179770045393,1
1828.95,-0.177605661831,1
1834.85,-0.174379767192,1
1846.35,-0.168112224887,1
1844.8,-0.168951719024,1
1842.15,-0.167515248946,-1
1843.0,-0.167976666311,-1
1844.35,-0.168709167668,-1
1842.4,-0.167651884614,-1
1840.75,-0.16675631362,-1
1840.25,-0.166484685207,-1
1840.5,-0.166620536314,-1
1838.2,-0.165370875896,-1
1838.75,-0.165670081641,-1
1842.0,-0.167437586739,-1
1842.0,-0.167437586739,-1
1842.0,-0.167437586739,-1
1838.8,-0.165700344611,-1
1841.4,-0.167114310241,-1
1837.65,-0.165077816269,-1
1830.85,-0.161377438069,-1
1834.6,-0.163425667033,-1
1832.75,-0.162417272833,-1
1834.05,-0.163126589434,-1
1829.5,-0.160645741038,-1
1812.3,-0.151244265225,-1
1814.9,-0.152678906289,-1
1814.05,-0.152210560925,-1
1811.35,-0.150722178577,-1
1809.7,-0.149811255784,-1
1802.3,-0.145722180247,-1
1796.05,-0.142254389091,-1
1790.6,-0.139219952411,-1
1801.15,-0.145111832227,-1
1801.35,-0.145222872396,-1
1799.55,-0.144223621834,-1
1799.75,-0.14433476073,-1
1801.5,-0.145307118002,-1
1794.05,-0.141171675315,-1
1785.0,-0.136127222819,-1
1793.0,-0.140609015536,-1
1785.5,-0.136426081906,-1
1769.5,-0.127465006577,-1
1772.55,-0.129188657325,-1
1767.7,-0.126452486272,-1
1767.0,-0.126056491477,-1
1764.95,-0.124896333016,-1
1750.0,-0.116425838101,-1
1749.45,-0.116111552387,-1
1734.0,-0.107280205392,-1
1736.0,-0.10843360793,-1
1735.0,-0.107857571063,-1
1738.2,-0.109701951467,-1
1750.05,-0.116519348774,-1
1740.0,-0.110776655709,-1
1742.3,-0.112098494789,-1
1740.75,-0.111208866137,-1
1744.8,-0.113535449506,-1
1746.5,-0.114509773211,-1
1751.0,-0.117086354946,-1
1748.65,-0.115744264712,-1
1752.45,-0.117917369679,-1
1743.95,-0.113067017315,-1
1746.15,-0.114328521372,-1
1752.65,-0.118050996531,-1
1759.55,-0.121987892089,-1
1758.0,-0.121106985039,-1
1761.5,-0.123097883788,-1
1767.75,-0.126645996192,-1
1765.0,-0.125090346355,-1
1774.0,-0.130189496496,-1
1781.0,-0.134135381502,-1
1779.8,-0.134809160278,1
1773.35,-0.138433162975,1
1770.55,-0.140012095504,1
1777.0,-0.136369159693,1
1778.8,-0.13535621653,1
1785.0,-0.13187072069,1
1781.0,-0.134111617049,1
1780.1,-0.134616951131,1
1784.2,-0.13231370974,1
1785.5,-0.131585091872,1
1794.2,-0.126712507162,1
1793.3,-0.127214123481,1
1791.0,-0.128496675201,1
1787.75,-0.1303113039,1
1790.2,-0.128940866199,1
1793.5,-0.127097496743,1
1808.0,-0.119012746256,1
1802.05,-0.122303675459,1
1810.0,-0.117892033163,1
1820.0,-0.112367171284,1
1817.0,-0.114015522933,1
1822.3,-0.11109862695,1
1830.8,-0.106434191896,1
1810.05,-0.117768035024,1
1818.75,-0.112961537966,1
1820.9,-0.111779407382,1
1825.8,-0.109088430393,1
1824.0,-0.110074299601,1
1820.35,-0.112075396092,1
1849.9,-0.0958422541139,1
1836.55,-0.103058860417,1
1835.5,-0.103630584574,1
1831.35,-0.105891548889,1
1819.8,-0.112198371724,1
1808.5,-0.118407845293,1
1820.0,-0.112048984358,1
1830.0,-0.106554478864,1
1823.65,-0.110024424219,1
1825.9,-0.10879063484,1
1826.9,-0.108242959721,1
1838.7,-0.101783930765,1
1830.1,-0.106461148365,1
1824.1,-0.109739657736,1
1824.15,-0.109712246958,1
1830.5,-0.106231173581,1
1851.55,-0.0947315833052,1
1858.7,-0.0908699538596,1
1859.0,-0.0907085507283,1
1854.5,-0.0931292069951,1
1847.0,-0.0971734237652,1
1836.45,-0.102885389114,1
1831.4,-0.105635259789,1
1829.9,-0.106454305328,1
1830.0,-0.106399657533,1
1828.15,-0.107410586494,1
1825.0,-0.109133639854,1
1785.0,-0.131051448074,1
1781.8,-0.13284416516,1
1808.4,-0.147772888923,-1
1800.0,-0.143127898877,-1
1797.0,-0.14146123221,-1
1791.95,-0.138650992922,-1
1797.05,-0.141497054475,-1
1800.95,-0.143667277897,-1
1821.2,-0.154911343529,-1
1814.65,-0.151314813768,-1
1797.0,-0.141588420249,-1
1793.55,-0.139668553805,-1
1782.0,-0.133228811395,-1
1783.05,-0.133818036984,-1
1784.2,-0.134462999268,-1
1785.1,-0.134967427022,-1
1794.9,-0.140457315544,-1
1793.15,-0.139482330865,-1
1789.95,-0.137697761811,-1
1787.1,-0.136105538564,-1
1772.2,-0.127768008488,-1
1745.0,-0.112419853652,-1
1748.0,-0.114139051359,-1
1779.0,-0.131873605135,-1
1770.55,-0.127123745664,-1
1773.1,-0.1285639761,-1
1764.15,-0.123516319454,-1
1761.05,-0.121759099263,-1
1755.8,-0.11877792326,-1
1766.0,-0.12458724095,-1
1761.0,-0.121755983872,-1
1757.0,-0.119484547188,-1
1758.4,-0.120281359937,-1
1770.0,-0.126878266215,-1
1769.95,-0.126850017628,-1
1768.85,-0.126228531145,-1
1769.7,-0.126709069348,-1
1761.65,-0.122160275767,-1
1756.25,-0.119094967675,-1
1749.45,-0.115223081554,-1
1758.9,-0.120624779231,-1
1758.5,-0.120397364369,-1
1755.0,-0.118407031699,-1
1745.65,-0.113079396372,-1
1744.2,-0.112248760219,-1
1746.7,-0.113682082086,-1
1743.55,-0.111878681387,-1
1749.0,-0.115004487931,-1
1760.9,-0.121808375867,-1
1757.85,-0.120076307039,-1
1758.9,-0.120673627629,-1
1757.85,-0.120076663618,-1
1754.4,-0.11811403882,-1
1756.4,-0.1192540297,-1
1751.3,-0.11635036311,-1
1744.2,-0.112296231893,-1
1742.9,-0.111550904522,-1
1751.0,-0.116198331225,-1
1749.25,-0.115198902327,-1
1748.4,-0.114712979789,-1
1759.4,-0.121004446272,-1
1768.7,-0.126290339191,-1
1770.0,-0.1270253423,-1
1776.9,-0.130923647385,-1
1780.0,-0.132668258787,-1
1779.3,-0.133061517214,1
1773.5,-0.136321226088,1
1777.65,-0.133981220449,1
1781.0,-0.13209671,1
1781.0,-0.13209671,1
1781.0,-0.13209671,1
1781.0,-0.13209671,1
1802.1,-0.120249433189,1
1800.0,-0.121414740331,1
1800.0,-0.121414740331,1
1801.4,-0.120636962553,1
1821.8,-0.109312437184,1
1820.1,-0.11024558023,1
1814.65,-0.1132399212,1
1806.0,-0.11800668063,1
1800.05,-0.121301254273,1
1800.05,-0.121301254273,1
1813.2,-0.113995901644,1
1802.35,-0.119979797519,1
1807.5,-0.117122416877,1
1820.0,-0.110206787555,1
1822.0,-0.109107886456,1
1833.2,-0.102960795347,1
1807.05,-0.117225469142,1
1820.0,-0.110059093004,1
1815.9,-0.112311840257,1
1819.4,-0.110384421346,1
1822.7,-0.108570636582,1
1816.6,-0.111917320073,1
1820.75,-0.109632832569,1
1821.0,-0.109495526514,1
1842.0,-0.0979634013079,1
1852.0,-0.0925345196575,1
1864.1,-0.0860010423357,1
1884.15,-0.0752451815986,1
1882.55,-0.0760943708882,1
1884.45,-0.0750851015461,1
1882.95,-0.0758810897655,1
1885.05,-0.0747658185156,1
1885.0,-0.0747923430109,1
1880.95,-0.076940884125,1
1886.15,-0.0741763236635,1
1892.7,-0.0707036412151,1
1884.9,-0.0748247380609,1
1887.0,-0.0737106206011,1
1889.45,-0.0724122634204,1
1888.8,-0.0727562788746,1
1889.6,-0.0723327295311,1
1890.75,-0.0717241351196,1
1900.0,-0.0668318965899,1
1901.0,-0.0663055808005,1
1896.45,-0.0686990579178,1
1894.5,-0.0697272948868,1
1891.5,-0.0713108261616,1
1897.0,-0.0684030809858,1
1890.7,-0.0717241141961,1
1894.45,-0.0697407218018,1
1869.0,-0.0831747000013,1
1901.95,-0.0655449514726,1
1895.4,-0.0689887854325,1
1902.6,-0.0651901149672,1
1905.65,-0.0635870454833,1
1903.65,-0.064636556149,1
1901.0,-0.0660286187655,1
1900.4,-0.0663442421216,1
1900.9,-0.0660811396169,1
1915.0,-0.0586636005565,1
1927.55,-0.0521100757523,1
1932.2,-0.0496976869686,1
1928.55,-0.0515867253704,1
1928.5,-0.0516126515844,1
1912.05,-0.060142597138,1
1910.0,-0.0612147448328,1
1917.0,-0.0575498233669,1
1918.0,-0.0570281749579,1
1918.7,-0.0566632114542,1
1921.55,-0.0551778307277,1
1907.1,-0.0626978015846,1
1906.95,-0.0627764550375,1
1908.7,-0.0618587592405,1
1908.65,-0.0618849550806,1
1905.25,-0.0636663188718,1
1884.0,-0.0748197108151,1
1901.0,-0.0657963562503,1
1899.05,-0.0668221321577,1
1900.0,-0.0663218820327,1
1890.0,-0.0715850399274,1
1892.7,-0.0701564684988,1
1903.95,-0.0761003581803,-1
1902.05,-0.0751024328146,-1
1902.15,-0.075155007668,-1
1900.05,-0.074050993789,-1
1896.15,-0.0719984162252,-1
1898.0,-0.0729740774335,-1
1900.0,-0.0740278182132,-1
1895.0,-0.0713962392659,-1
1897.45,-0.0726891152553,-1
1889.05,-0.0682621211316,-1
1890.0,-0.0687650194138,-1
1890.0,-0.0687650194138,-1
1888.2,-0.0678126384615,-1
1889.0,-0.0682363223932,-1
1887.65,-0.0675216585499,-1
1889.0,-0.0682368335029,-1
1887.0,-0.0671780722536,-1
1886.05,-0.0666746276325,-1
1886.0,-0.0666481172006,-1
1884.95,-0.0660913833724,-1
1887.1,-0.0672319971818,-1
1877.45,-0.0621183307094,-1
1887.5,-0.0674713361157,-1
1882.0,-0.0645574288309,-1
1884.1,-0.0656732630499,-1
1885.0,-0.0661509447016,-1
1887.4,-0.0674241542507,-1
1886.05,-0.0667088845675,-1
1880.65,-0.0638457579272,-1
1880.0,-0.0635001327444,-1
1874.05,-0.0603352391274,-1
1907.75,-0.0783176835659,-1
1907.15,-0.0780031769481,-1
1903.1,-0.075879589396,-1
1898.6,-0.0735150263147,-1
1889.8,-0.0688800321085,-1
1904.0,-0.0613660094606,1
1900.1,-0.0634143287883,1
1912.1,-0.0570988717071,1
1916.55,-0.0547715875692,1
1912.6,-0.0568325825863,1
1907.45,-0.0595252522507,1
1894.65,-0.0662357820155,1
1907.85,-0.0592687960287,1
1904.25,-0.0611557368259,1
1921.45,-0.052123309361,1
1986.0,-0.018528888481,1
1972.0,-0.0255782338989,1
1973.1,-0.0250204245683,1
1963.4,-0.029936546407,1
1964.85,-0.0291980315858,1
1969.3,-0.0269332276567,1
1970.85,-0.0261461459525,1
1972.75,-0.0251820949086,1
1972.85,-0.0251314042483,1
1958.35,-0.0324811774191,1
1958.3,-0.0325067091167,1
1994.05,-0.0142510792337,1
1992.85,-0.0148528695599,1
1994.75,-0.0138994611247,1
2000.6,-0.0109667627916,1
2003.9,-0.00931725764315,1
2009.45,-0.00654765836175,1
2016.0,-0.00328805996418,1
2015.0,-0.00378409171021,1
2006.7,-0.00790319840996,1
2005.95,-0.00827694635435,1
2007.1,-0.00770365190533,1
1995.0,-0.0137322503807,1
2008.95,-0.00673976917774,1
2038.95,0.00819340486841,1
2041.2,0.00929691402753,1
2038.0,0.00772920875612,1
2035.0,0.00625717735279,1
2037.0,0.00723997833559,1
2033.5,0.00552176527717,1
2033.0,0.00527588379204,1
2015.9,-0.00313533116123,1
2022.0,-0.000109387414018,1
2024.9,0.00132483612703,1
2031.3,0.00448548603567,1
2012.15,-0.00494197421146,1
2009.0,-0.00650746386184,1
2009.85,-0.00608436779414,1
2012.8,-0.00461659656743,1
2012.6,-0.00471596063739,1
2011.9,-0.00506376944192,1
2013.0,-0.00451702258571,1
2014.0,-0.00402025159714,1
2010.0,-0.00600634891591,1
2009.95,-0.0060312245378,1
2009.95,-0.0060312245378,1
2009.9,-0.0060063482971,-1
2005.15,-0.0036430466403,-1
1999.0,-0.000575944428492,-1
2023.95,-0.0130571850488,-1
2017.0,-0.00962330575336,-1
2019.95,-0.0110858739239,-1
2023.0,-0.0125958122887,-1
2020.5,-0.0113600238557,-1
2019.9,-0.0110630676567,-1
2018.5,-0.0103699640378,-1
2014.55,-0.00841306535061,-1
2018.0,-0.0101256066129,-1
2018.0,-0.0101256066129,-1
2021.95,-0.012082990161,-1
2025.55,-0.0138634496184,-1
2043.15,-0.00517445156854,1
2031.75,-0.0107540712734,1
2036.5,-0.00841618521459,1
2027.3,-0.0129337398426,1
2030.2,-0.0115032658131,1
2023.55,-0.0147788051689,1
2022.2,-0.0154459495438,1
2021.35,-0.0158662838332,1
2007.75,-0.0225944605468,1
2009.65,-0.021648127587,1
2024.4,-0.0143085410919,1
2020.6,-0.0161856404793,1
2020.6,-0.0161856404793,1
2034.85,-0.0091332797944,1
2029.4,-0.0118116098924,1
2024.25,-0.0143493057631,1
2024.9,-0.0140281991805,1
2030.2,-0.0114107859749,1
2026.8,-0.0130854978259,1
2027.45,-0.0127647952406,1
2027.1,-0.012937425885,1
2032.75,-0.010150192892,1
2025.0,-0.0139627620717,1
2035.6,-0.00872819417047,1
2029.0,-0.0119704814568,1
2005.0,-0.0237989683961,1
2012.05,-0.0202827589198,1
2015.6,-0.0220471285926,-1
2010.9,-0.0197153167251,-1
2015.65,-0.0220774431362,-1
2020.95,-0.0247068678875,-1
2020.0,-0.0242367919331,-1
2017.5,-0.0229991681708,-1
2019.0,-0.0237426625945,-1
2018.0,-0.0232473678942,-1
2019.55,-0.0240154551093,-1
2017.4,-0.0229508615117,-1
2009.7,-0.0191340676185,-1
2022.05,-0.0252792634189,-1
2019.65,-0.0240923491487,-1
2035.7,-0.032039270645,-1
2041.25,-0.0347656055667,-1
2040.0,-0.0341532356953,-1
2031.0,-0.0297414709894,-1
2024.55,-0.0329172464695,1
2026.15,-0.0321269473907,1
2032.65,-0.0289188927057,1
2030.5,-0.0299766252223,1
2035.1,-0.0277111733632,1
2036.6,-0.0269741088455,1
2021.0,-0.0346339340443,1
2036.55,-0.0269397232576,1
2033.0,-0.0286828673002,1
2035.5,-0.0274531575117,1
2039.15,-0.0256599863007,1
2032.4,-0.0289701890813,1
2029.1,-0.0305938852041,1
2022.05,-0.0340683320032,1
2025.6,-0.0323126879785,1
2017.75,-0.0361880829233,1
2017.5,-0.0363119833073,1
2001.65,-0.0441682410521,1
2006.15,-0.0419200957719,1
2006.0,-0.0418453256899,-1
2005.55,-0.041620998671,-1
2000.05,-0.0388786088029,-1
1999.4,-0.0385536169277,-1
2003.8,-0.0407542771257,-1
2006.05,-0.0418771436793,-1
2003.45,-0.0405810643193,-1
2002.65,-0.0401817531311,-1
2001.0,-0.0393578448097,-1
2000.0,-0.0388580946847,-1
2000.0,-0.0388580946847,-1
2002.8,-0.0402580946847,-1
2004.0,-0.0408572558591,-1
1999.2,-0.0384620462782,-1
1996.85,-0.0372865760902,-1
1996.4,-0.0370612211562,-1
1999.05,-0.0383886104569,-1
2000.25,-0.0389888955923,-1
1999.5,-0.0386139424615,-1
1999.05,-0.0383888861974,-1
1995.45,-0.0365880307911,-1
1995.9,-0.0368135438333,-1
1998.55,-0.038141265663,-1
1991.1,-0.0344135630786,-1
1992.3,-0.0350162450132,-1
2010.05,-0.0439255458214,-1
2012.7,-0.0452439209862,-1
2011.6,-0.0446973914487,-1
2010.9,-0.0443494097426,-1
2003.0,-0.0404208205537,-1
2001.65,-0.0410948095702,1
2011.0,-0.0364236632659,1
2010.35,-0.0367468855433,1
2015.6,-0.0341353999811,1
2015.3,-0.0342842390365,1
2019.55,-0.0321753718703,1
2019.2,-0.0323486778048,1
2020.0,-0.0319524812913,1
2023.75,-0.0300960456478,1
2033.0,-0.0255253229795,1
2033.8,-0.0251318158471,1
2034.25,-0.0249105551529,1
2033.75,-0.0251563459849,1
2031.55,-0.0262380915288,1
2030.0,-0.027001055768,1
2025.95,-0.0289961296596,1
2025.0,-0.0294650454768,1
2031.9,-0.0260576380694,1
2037.0,-0.0235476720278,1
2049.0,-0.0176566558275,1
2075.0,-0.00496753918525,1
2085.5,9.27017786089e-05,1
2094.5,0.00440821364627,1
2098.7,0.00641346549635,1
2102.0,0.00798586745947,1
2098.3,0.00622563910552,1
2103.0,0.00846554760288,1
2100.0,0.00703901407934,1
2100.0,0.00703901407934,1
2101.6,0.00780091884124,1
2107.95,0.0108224262642,1
2129.6,0.0210930683572,1
2131.85,0.022149604796,1
2132.1,0.0222668738346,1
2140.5,0.0262066515186,1
2149.2,0.0302711224366,1
2144.35,0.028014468798,1
2148.4,0.0299031530147,1
2150.4,0.0308340783545,1
2155.0,0.0329732152592,1
2157.8,0.0342725192035,1
2156.0,0.0334383362394,1
2156.5,0.0336702471856,1
2154.8,0.0328819327873,1
2150.35,0.0308167759282,1
2155.05,0.0330024666297,1
2155.5,0.0332112784902,1
2157.0,0.0339071727143,1
2159.0,0.034834386437,1
2165.0,0.0376134508187,1
2160.3,0.0354425501258,1
2156.1,0.0334983757056,1
2130.35,0.0215555159125,1
2130.05,0.0214146939818,1
2107.05,0.0106168253872,1
2101.3,0.00788789156976,1
2109.5,0.0117902377364,1
2114.0,0.0139234446575,1
2115.95,0.0148458666064,1
2113.75,0.015885588717,-1
2105.3,0.0198832232528,-1
2102.45,0.0212369495626,-1
2102.0,0.0214509855682,-1
2099.3,0.0227354765292,-1
2093.5,0.025498302233,-1
2094.4,0.0250684001552,-1
2094.0,0.0252593856403,-1
2097.35,0.0236595766622,-1
2094.9,0.0248277174113,-1
2105.8,0.0196246050909,-1
2146.1,0.000486985183943,-1
2146.5,0.000300600579311,-1
2134.95,0.00568145312997,-1
2117.55,0.0138315269022,-1
2114.55,0.0152482585024,-1
2119.4,0.0129546262875,-1
2117.95,0.0136387821807,-1
2118.0,0.0136151744468,-1
2118.95,0.0131666380917,-1
2116.75,0.0142048881684,-1
2116.9,0.0141340248166,-1
2106.3,0.00912670278909,1
2121.25,0.0162244571451,1
2120.0,0.0156351819536,1
2112.1,0.0119087668592,1
2108.5,0.0102043021085,1
2105.95,0.00899491154648,1
2115.5,0.0135296820776,1
2110.0,0.010929823888,1
2117.0,0.0142473594331,1
2116.95,0.0142237411052,1
2118.95,0.0151684965317,1
2118.2,0.0148145476419,1
2114.25,0.0129497567817,1
2113.15,0.012429477723,1
2144.75,0.0273834563804,1
2145.0,0.0275000200825,1
2141.0,0.0256352182177,1
2138.35,0.0243974788436,1
2124.25,0.0178036097389,1
2121.05,0.0162971957104,1
2122.05,0.0167686603152,1
2120.0,0.0158026133323,1
2120.85,0.0162035567286,1
2135.0,0.0228754099949,1
2130.9,0.0209550352877,1
2140.3,0.0253663169058,1
2115.65,0.0138492398605,1
2101.1,0.00697192083324,1
2111.55,0.0119455060981,1
2099.95,0.00645191134543,1
2100.0,0.00647572143615,1
2098.0,0.00552334048377,1
2091.45,0.00864536145612,-1
2090.05,0.0093147535047,-1
2093.8,0.00752053805531,-1
2096.0,0.0064698168785,-1
2100.05,0.00453756497011,-1
2104.0,0.00265665737267,-1
2100.0,0.00455779805708,-1
2068.0,0.0197958932952,-1
2074.5,0.0166527598329,-1
2070.0,0.0188219572299,-1
2068.75,0.0194258219642,-1
2073.75,0.0170089035352,-1
2072.15,0.0177804526611,-1
2075.0,0.0164050696049,-1
2072.0,0.0178508527374,-1
2070.2,0.0187195786061,-1
2071.4,0.0181399244664,-1
2067.2,0.0201675386404,-1
2071.0,0.0183293033463,-1
2023.65,0.0411926543845,-1
2015.05,0.0454424011292,-1
2020.95,0.0425144340812,-1
2021.8,0.0420938398063,-1
2032.35,0.0368757173411,-1
2019.35,0.0432722533709,-1
2020.05,0.0429256071728,-1
2025.15,0.0404009171899,-1
2034.3,0.0358827333517,-1
2035.05,0.0355140561654,-1
2029.65,0.0381675536225,-1
2020.85,0.0425032765304,-1
2022.5,0.0416867884189,-1
2065.25,0.0205495819912,-1
2061.05,0.0225832340915,-1
2059.3,0.0234323158702,-1
2052.0,0.0269772097662,-1
2042.65,0.0315337399806,-1
2042.4,0.0316561300131,-1
2037.05,0.0342755973065,-1
2044.35,0.0306919837477,-1
2053.45,0.0262406911608,-1
2043.05,0.0313053384617,-1
2038.4,0.0335813473699,-1
2054.4,0.0257320538064,-1
2035.2,0.0350778481989,-1
2045.9,0.0403353167524,1
2030.05,0.0325881150318,1
2035.2,0.0351249983598,1
2037.7,0.036353378863,1
2024.3,0.0297773372474,1
2035.85,0.0354830132836,1
2037.0,0.036047887906,1
2037.4,0.0362442551127,1
2037.45,0.0362687961944,1
2034.55,0.0348454483822,1
2038.25,0.0366640323443,1
2039.7,0.0359526377656,-1
2061.0,0.025509925602,-1
2049.2,0.0312353016331,-1
2050.55,0.0305765079575,-1
2055.95,0.0279430681487,-1
2054.5,0.0286483382185,-1
2042.35,0.03456218587,-1
2049.2,0.0312082063856,-1
2050.85,0.0320133986557,1
2052.0,0.0325741417622,1
2067.7,0.040225213887,1
2072.0,0.0423048192456,1
2063.4,0.038154240095,1
2075.95,0.0442364345314,1
2064.95,0.0389376556591,1
2076.5,0.0445310114304,1
2081.9,0.0471315411679,1
2081.85,0.0471075246446,1
2071.1,0.0419438481069,1
2067.4,0.040157357836,1
2068.7,0.0407861669682,1
2072.0,0.0423813716862,1
2060.55,0.0368553099101,1
2068.2,0.0405679109147,1
2077.3,0.0449678722337,1
2075.0,0.0438606657638,1
2106.0,0.0588004247999,1
2100.0,0.0559514219509,1
2095.95,0.0540228505224,1
2107.9,0.0597243224086,1
2105.4,0.0585383078918,1
2104.0,0.057873351114,1
2107.0,0.0592992066273,1
2104.8,0.0582550680416,1
2105.1,0.0583975993985,1
2105.0,0.058350095717,1
2103.0,0.0573999769521,1
2102.0,0.0569244657776,1
2126.5,0.0685800319051,1
2127.5,0.0690502881948,1
2120.45,0.0657365396637,1
2126.25,0.0684718081208,1
2131.1,0.0707528192907,1
2131.05,0.0707293572289,1
2129.0,0.0697673901235,1
2124.9,0.0678416033691,1
2129.8,0.0701475942393,1
2129.25,0.0698893540289,1
2126.0,0.0683629949823,1
2124.2,0.0675163345872,1
2115.15,0.0632559071322,1
2122.65,0.0668017549444,1
2116.0,0.063668878587,1
2116.25,0.063787026035,1
2122.1,0.0665513497208,1
2123.0,0.0669754579155,1
2113.7,0.0625948644157,1
2107.95,0.0598745162112,1
2111.3,0.0614637379669,1
2112.0,0.0617952872493,1
2111.0,0.0613218024008,1
2110.7,0.0611796896581,1
2108.0,0.059900493183,1
2115.0,0.056579810071,-1
2103.35,0.0620880843027,-1
2104.8,0.0613987078318,-1
2112.3,0.0578354239094,-1
2115.3,0.0564151711044,-1
2115.0,0.0565569949591,-1
2115.0,0.0565569949591,-1
2115.0,0.0565569949591,-1
2114.0,0.0570298081979,-1
2114.95,0.0565804231459,-1
2138.3,0.045539973017,-1
2142.1,0.0437628603574,-1
2138.6,0.0453967710059,-1
2145.5,0.0486231808067,1
2144.85,0.0483202211236,1
2150.75,0.0510709962361,1
2155.0,0.0530470511007,1
2151.8,0.0515621323072,1
2151.95,0.0516318413879,1
2148.05,0.0498195316224,1
2151.15,0.0512627010086,1
2135.35,0.0439177924713,1
2144.95,0.0484135425825,1
2149.05,0.0503250090502,1
2149.55,0.0505576699934,1
2161.0,0.0558843662787,1
2167.0,0.0586608586434,1
2187.7,0.0682132352008,1
2180.3,0.0648306873195,1
2182.55,0.0658626553973,1
2172.45,0.0612350409096,1
2173.95,0.0619255055924,1
2171.2,0.060660527097,1
2172.0,0.0610289869349,1
2171.6,0.0608448248722,1
2173.95,0.0619269762813,1
2175.2,0.0625019665065,1
2179.0,0.0642489323028,1
2160.6,0.0558046918255,1
2148.7,0.050296962491,1
2143.65,0.0479467041953,1
2135.95,0.0443546999036,1
2144.95,0.0485682816822,1
2159.0,0.0551185509192,1
2164.0,0.0574344379039,1
2174.7,0.0623789850389,1
2162.8,0.0569069659098,1
2169.0,0.0597736202468,1
2171.0,0.0606957041564,1
2176.0,0.0629987902918,1
2174.5,0.0623094520565,1
2186.0,0.0675980241421,1
2187.7,0.0683757002628,1
2181.0,0.065313123127,1
2180.4,0.0650380199633,1
2184.7,0.0670101351716,1
2182.25,0.0658886997342,1
2176.0,0.0630246832375,1
2174.35,0.0622664111786,1
2175.95,0.0630022632724,1
2193.0,0.0708379212608,1
2193.3,0.0709747201664,1
2182.9,0.0662330067665,1
2162.35,0.0568189245823,1
2169.25,0.0600098973665,1
2167.3,0.0591109691655,1
2165.2,0.0581420216271,1
2162.15,0.0567333757746,1
2150.7,0.0514377209865,1
2152.25,0.052158416574,1
2154.0,0.0529715191411,1
2152.95,0.05248405396,1
2149.05,0.0542955219458,-1
2153.9,0.0520387107967,-1
2166.0,0.0464209940967,-1
2152.45,0.0526767651032,-1
2149.45,0.0540705257016,-1
2150.5,0.0535820286442,-1
2150.0,0.053814532713,-1
2149.9,0.0538610443409,-1
2149.75,0.0539308150279,-1
2152.5,0.0526515965142,-1
2151.0,0.0533484606257,-1
2150.1,0.0537668706675,-1
2150.0,0.0538133801322,-1
2150.7,0.0534877987368,-1
2160.0,0.0491636252119,-1
2160.0,0.0491636252119,-1
2070.9,0.0904136252119,-1
2069.0,0.0913311007057,-1
2078.0,0.0869811732045,-1
2108.0,0.0725442145904,-1
2100.4,0.0761495276834,-1
2100.0,0.0763399675996,-1
2100.0,0.0763399675996,-1
2105.1,0.073911396171,-1
2113.0,0.0701586053297,-1
2110.75,0.0712234420548,-1
2115.0,0.0692099397452,-1
2129.0,0.0625905544024,-1
2127.05,0.0635064773709,-1
2125.5,0.064235186146,-1
2147.95,0.053672965492,-1
2154.3,0.0507166583154,-1
2150.0,0.0527126662994,-1
2171.0,0.042945224439,-1
2171.35,0.0427840084095,-1
2174.5,0.0413332980219,-1
2169.3,0.0389419436876,1
2170.2,0.0393568240638,1
2169.85,0.0391955486053,1
2166.85,0.0378129645557,1
2170.0,0.0392666877022,1
2162.0,0.0355800517575,1
2161.95,0.035556925023,1
2164.75,0.0368520521073,1
2173.0,0.0406631157406,1
2176.0,0.0420436955841,1
2168.05,0.038390202937,1
2168.4,0.0385516383283,1
2171.15,0.0398198545246,1
2174.55,0.0413858448983,1
2176.15,0.0421216293135,1
2184.6,0.046004633702,1
2188.0,0.0475609826903,1
2186.0,0.0466469059079,1
2179.55,0.0436963112144,1
2177.0,0.0425263449369,1
2184.85,0.0461322245878,1
2185.65,0.0464983824476,1
2183.15,0.0453545579561,1
2178.35,0.0431559000535,1
2184.0,0.0457496062991,1
2189.85,0.0484281777276,1
2197.15,0.0517617393871,1
2198.0,0.0521486041892,1
2205.9,0.0557427807133,1
2200.0,0.0530681354438,1
2174.0,0.0412499536257,1
2183.0,0.0453897880323,1
2198.05,0.0522839703502,1
2201.0,0.0536260690286,1
2200.0,0.0531717300917,1
2208.0,0.0568080937281,1
2220.0,0.0622428763368,1
2220.0,0.0622428763368,1
2220.9,0.0626482817422,1
2221.15,0.0627608487195,1
2221.4,0.062873403027,1
2210.0,0.0577415042244,1
2207.9,0.0567912779801,1
2214.15,0.0596220221261,1
2218.0,0.0613608383761,1
2199.5,0.0530199907657,1
2207.0,0.0564298566443,1
2204.0,0.055070545362,1
2200.0,0.0532556633293,1
2199.75,0.0531420269657,1
2191.75,0.0495052500592,1
2184.85,0.0463570807881,1
2183.55,0.0457620742659,1
2184.0,0.0459681606848,1
2183.4,0.0456934354101,1
2181.25,0.0466781381673,-1
2179.4,0.0475262757031,-1
2189.4,0.0429378568722,-1
2181.4,0.0465918259962,-1
2177.95,0.0481733791272,-1
2171.0,0.0513644533024,-1
2163.6,0.0547730207829,-1
2158.05,0.0573381899454,-1
2161.15,0.0559017079362,-1
2162.65,0.0552076330223,-1
2159.75,0.0565485804711,-1
2161.0,0.05596980978,-1
2157.45,0.0576125677624,-1
2154.0,0.0592116778229,-1
2155.0,0.0587474252695,-1
2153.45,0.0594666828101,-1
2152.75,0.0597917425979,-1
2152.6,0.0598614209163,-1
2153.25,0.0595594604964,-1
2154.9,0.0587931769715,-1
2160.75,0.0560784338279,-1
2169.9,0.0518437930782,-1
2169.15,0.052189431126,-1
2168.85,0.052327734148,-1
2163.7,0.054702264429,-1
2152.0,0.0601096684129,-1
2151.35,0.0604117130226,-1
2168.35,0.0525096980087,-1
2152.2,0.0599577575932,-1
2154.45,0.0589123157198,-1
2157.0,0.0577287189782,-1
2159.0,0.0568015052554,-1
2150.0,0.0609701018279,-1
2144.0,0.0637607995023,-1
2147.5,0.0621283368157,-1
2143.4,0.0640375335561,-1
2149.8,0.0610516233201,-1
2166.05,0.053492780637,-1
2170.95,0.0512305983236,-1
2165.75,0.0536258630694,-1
2170.0,0.051663494375,-1
2163.85,0.0488293929925,1
2161.1,0.0475585100755,1
2155.9,0.0451523280386,1
2158.1,0.0461727835328,1
2147.2,0.0411220444567,1
2148.65,0.0404467463941,-1
2150.85,0.039422847667,-1
2149.95,0.0398412868887,-1
2150.0,0.0398180305339,-1
2158.3,0.0359575654177,-1
2160.75,0.0348224127512,-1
2159.85,0.0352389347922,-1
2163.0,0.0337805001787,-1
2169.0,0.0365544252827,1
2169.0,0.0365544252827,1
2168.0,0.0360933833279,1
2170.5,0.0372465198592,1
2177.4,0.0404255108751,1
2184.0,0.0434566489297,1
2192.05,0.0471425463656,1
2200.0,0.0507692884563,1
2193.0,0.0475874702745,1
2197.55,0.0496622536762,1
2207.8,0.054326538903,1
2207.05,0.0539868342196,1
2209.85,0.0552554960079,1
2214.0,0.0571334515253,1
2210.75,0.0556655201793,1
2210.95,0.0557559872154,1
2211.95,0.056208281478,1
2210.0,0.0553267063972,1
2210.55,0.0555755751755,1
2210.5,0.0555529563702,1
2207.85,0.0543541325747,1
2208.0,0.0544220719727,1
2201.85,0.0516367458858,1
2202.5,0.0519319521896,1
2204.75,0.0529535185914,1
2203.0,0.0521597778045,1
2203.0,0.0521597778045,1
2204.25,0.0527271858843,1
2206.5,0.0537479412433,1
2208.6,0.0546996747579,1
2209.5,0.0551071727204,1
2219.5,0.05963308356,1
2221.5,0.0605341874122,1
2240.0,0.0688618939168,1
2245.5,0.0713172510597,1
2238.95,0.0684003060586,1
2236.05,0.067105056053,1
2238.2,0.0680665730137,1
2235.35,0.0667932283617,1
2235.1,0.0666813890525,1
2234.95,0.0666142779612,1
2235.75,0.0669722278035,1
2237.0,0.0675313243036,1
2241.15,0.0693864874685,1
2240.25,0.0689849079223,1
2235.0,0.0666414194724,1
2240.0,0.0688785559377,1
2241.65,0.0696151630805,1
2245.0,0.0711095979834,1
2248.5,0.0726686180279,1
2263.0,0.0791173616348,1
2284.1,0.0884412679538,1
2279.05,0.08623033148,1
2283.25,0.0880732046069,1
2317.0,0.102854765978,1
2316.95,0.102833186349,1
2320.95,0.104559593911,1
2301.65,0.096244033472,1
2316.25,0.102587308948,1
2313.4,0.101356871819,1
2317.3,0.103042702199,1
2316.3,0.102611165497,1
2314.45,0.101812477935,1
2314.1,0.101661254102,1
2313.1,0.101229120659,1
2313.75,0.10151012883,1
2313.25,0.101294029424,1
2312.65,0.101034654086,1
2314.0,0.101618400005,1
2315.5,0.102266628182,1
2308.05,0.0990491805463,1
2350.65,0.11750631969,1
2348.05,0.116400242647,1
2350.0,0.117230719,1
2352.0,0.11808178283,1
2354.0,0.118932122966,1
2353.5,0.118719718548,1
2353.0,0.118507269005,1
2352.65,0.118358522723,1
2354.1,0.118974848994,1
2349.4,0.116978332278,1
2347.05,0.115978076894,1
2351.3,0.117788860643,1
2346.85,0.115896290576,1
2354.6,0.119198589402,1
2349.9,0.117202496647,1
2346.9,0.115925846577,1
2342.8,0.114178861192,1
2340.2,0.113069078027,1
2339.55,0.112791323989,1
2335.25,0.110953363697,1
2333.9,0.110375267134,1
2331.0,0.109132711754,1
2326.9,0.107373809995,1
2325.6,0.106815126769,1
2334.1,0.110470097529,1
2352.85,0.118503172376,1
2357.35,0.120415746488,1
2356.3,0.119970331085,1
2351.35,0.117869579907,1
2349.95,0.118464982548,-1
2352.8,0.117252190787,-1
2349.15,0.118803533867,-1
2351.85,0.117654181974,-1
2350.25,0.118334497471,-1
2358.0,0.11503697593,-1
2362.1,0.113298214268,-1
2361.1,0.112874862166,1
2368.0,0.115797228859,1
2376.1,0.119217836968,1
2375.0,0.118754893489,1
2378.0,0.120018051383,1
2377.4,0.119765738515,1
2377.0,0.119597487485,1
2376.1,0.119218858962,1
2374.65,0.118608615285,1
2370.0,0.116650431974,1
2369.9,0.116608237881,1
2367.75,0.115701026606,1
2373.3,0.118045024072,1
2368.0,0.11581184664,1
2373.1,0.117965562856,1
2378.7,0.120325345419,1
2379.05,0.120472484613,1
2383.05,0.122153828006,1
2385.0,0.122972107102,1
2388.1,0.124271897459,1
2400.25,0.129359624103,1
2403.0,0.130505338091,1
2400.55,0.129485779207,1
2401.1,0.129714893368,1
2400.1,0.129298417586,1
2405.0,0.131339999187,1
2414.1,0.13512378297,1
2409.0,0.133011194428,1
2417.0,0.136332074461,1
2428.4,0.141048665276,1
2420.85,0.137939622285,1
2428.65,0.141161631084,1
2428.0,0.140893992684,1
2429.0,0.141305854298,1
2427.95,0.140873577641,1
2433.75,0.143262424199,1
2438.7,0.145296322504,1
2443.7,0.14734659519,1
2449.8,0.149842809947,1
2428.45,0.141127812804,1
2437.8,0.144978005314,1
2447.45,0.148936492474,1
2454.0,0.151612747352,1
2455.8,0.152346243684,1
2457.5,0.153038482466,1
2456.0,0.152428106067,1
2453.0,0.151206607696,1
2458.0,0.15324492812,1
2459.95,0.154038256029,1
2458.8,0.153570766852,1
2471.0,0.158532536821,1
2503.9,0.171846984413,1
2502.1,0.171128105864,1
2490.0,0.166292168052,1
2491.0,0.166693774477,1
2486.0,0.164686548464,1
2476.1,0.160704247579,1
2477.5,0.161269652853,1
2479.35,0.162016373337,1
2488.35,0.165646357002,1
2478.6,0.161728097915,1
2480.85,0.162635868431,1
2473.55,0.159693328575,1
2463.5,0.155630342179,1
2478.5,0.161719240089,1
2473.05,0.159520329457,1
2478.0,0.161521906458,1
2476.1,0.160755159081,1
2477.5,0.161320564355,1
2479.0,0.161926013396,1
2486.0,0.164749732638,1
2492.0,0.167163248326,1
2497.0,0.169169668872,1
2499.1,0.170010678083,1
2488.2,0.165649107917,1
2489.25,0.166071099719,1
2479.75,0.162254689153,1
2463.3,0.155620955914,1
2469.25,0.158036414851,1
2466.6,0.159109615216,-1
2450.0,0.165839526835,-1
2449.85,0.165900751325,-1
2450.0,0.165839523086,-1
2444.9,0.167921155739,-1
2442.35,0.168964143183,-1
2435.1,0.171932595698,-1
2439.1,0.170289952685,-1
2440.0,0.169920964124,-1
2441.9,0.169142275599,-1
2440.25,0.169817978945,-1
2450.0,0.16582248668,-1
2451.5,0.165210241782,-1
2454.45,0.164006896891,-1
2467.45,0.158710394619,-1
2464.1,0.160068071573,-1
2455.25,0.163659646591,-1
2441.25,0.16936171359,-1
2444.45,0.168050909698,-1
2444.3,0.168112273195,-1
2449.65,0.165923507496,-1
2440.35,0.169719968214,-1
2450.0,0.165765617404,-1
2431.1,0.173479903118,-1
2422.15,0.177161364185,-1
2410.8,0.18184728372,-1
2406.9,0.183465003979,-1
2408.55,0.182779474875,-1
2408.0,0.183007828033,-1
2416.65,0.179415635342,-1
2415.85,0.179746672108,-1
2425.45,0.175772915459,-1
2441.9,0.168990668866,-1
2443.9,0.168171634507,-1
2439.0,0.170176626528,-1
2448.15,0.166425089013,-1
2437.05,0.170959124918,-1
2432.5,0.172826136263,-1
2424.65,0.176053268843,-1
2425.0,0.175908918112,-1
2424.6,0.176073866565,-1
2443.4,0.168320010259,-1
2435.3,0.171635063055,-1
2432.1,0.172949069542,-1
2435.65,0.171489425613,-1
2448.1,0.166377853754,-1
2444.0,0.168052621941,-1
2435.5,0.164574716868,1
2447.0,0.169296539902,1
2453.05,0.171768955104,1
2464.75,0.176538527677,1
2468.85,0.178201982389,1
2473.05,0.179903179302,1
2467.05,0.177477025363,1
2467.3,0.177578360966,1
2464.55,0.176463782277,1
2470.15,0.178736002357,1
2474.0,0.180294612158,1
2467.05,0.177485396314,1
2467.65,0.177728601761,1
2445.2,0.168630877206,1
2446.0,0.168958048807,1
2447.95,0.169755268758,1
2446.05,0.168979109114,1
2446.0,0.168958667995,1
2439.0,0.166096852786,1
2437.55,0.165502346841,1
2439.95,0.166486942029,1
2436.35,0.165011501959,1
2430.65,0.162671936625,1
2424.05,0.159956613564,1
2421.95,0.160822932328,-1
2433.4,0.156095336795,-1
2429.15,0.157841864287,-1
2435.45,0.155248364504,-1
2435.5,0.155227834417,-1
2440.05,0.153359634868,-1
2437.9,0.154240764353,-1
2427.1,0.158670806603,-1
2433.5,0.156033914839,-1
2430.25,0.157369439803,-1
2427.15,0.158645028734,-1
2422.0,0.160766858864,-1
2420.95,0.161200384876,-1
2424.25,0.159837283614,-1
2426.0,0.15911541087,-1
2426.0,0.15911541087,-1
2425.1,0.159486391909,-1
2432.5,0.156434971349,-1
2426.95,0.158716574637,-1
2423.0,0.160344131859,-1
2423.55,0.160117140526,-1
2426.9,0.158734870716,-1
2422.0,0.160753907347,-1
2429.45,0.157677937074,-1
2430.95,0.157060513377,-1
2427.95,0.158294598817,-1
2458.3,0.145794341398,-1
2457.95,0.14593671621,-1
2480.0,0.154907606586,1
2486.9,0.157689864651,1
2478.75,0.154412692268,1
2473.0,0.152092974668,1
2480.35,0.155065073334,1
2471.05,0.151315602493,1
2483.2,0.156232540637,1
2477.25,0.153836438832,1
2474.85,0.152867622605,1
2488.35,0.158322498658,1
2468.1,0.150184575938,1
2471.15,0.151420344343,1
2472.6,0.152007115684,1
2471.8,0.151683569619,1
2473.2,0.152249958486,1
2464.05,0.148550298127,1
2470.75,0.151269398794,1
2469.0,0.150561111837,1
2471.5,0.151573667527,1
2472.1,0.151816435077,1
2477.65,0.154061489889,1
2477.95,0.154182572366,1
2470.0,0.150974275185,1
2499.5,0.162917595023,1
2505.4,0.165278067118,1
2500.15,0.163182593341,1
2500.0,0.163122596941,1
2496.55,0.161742596941,1
2498.0,0.162323398447,1
2495.1,0.161162469704,1
2499.8,0.16304616174,1
2489.25,0.158825824113,1
2498.75,0.162642234679,1
2486.0,0.157539683403,1
2490.5,0.159349820169,1
2472.0,0.151921592905,1
2494.0,0.160821269281,1
2483.7,0.156691357493,1
2493.3,0.160556558604,1
2492.8,0.160356021163,1
2485.6,0.157467702807,1
2483.7,0.156703299846,1
2486.35,0.157770256402,1
2484.9,0.157187072217,1
2487.0,0.158032176647,1
2485.65,0.15748935397,1
2482.4,0.15618184889,1
2485.0,0.1572292224,1
2508.0,0.166484755599,1
2510.15,0.167342012377,1
2508.0,0.166485489859,1
2512.25,0.168180067211,1
2522.65,0.172319782606,1
2520.25,0.171368402113,1
2511.1,0.16773780991,1
2517.5,0.170286493754,1
2519.1,0.170922044896,1
2522.9,0.172430520145,1
2521.35,0.171816147795,1
2516.0,0.169694268643,1
2509.8,0.167230039709,1
2516.7,0.169979262754,1
2516.05,0.169720988029,1
2486.5,0.157976388359,1
2483.0,0.156568787314,1
2478.85,0.15489742203,1
2484.25,0.157075851543,1
2471.55,0.15196364464,1
2491.8,0.1601568837,1
2482.6,0.156464773579,1
2478.05,0.154632017598,1
2478.75,0.154349537422,-1
2474.4,0.156104454214,-1
2468.35,0.158549491395,-1
2475.4,0.155693332423,-1
2494.65,0.147916811456,-1
2487.65,0.150722816307,-1
2483.05,0.152571951032,-1
2486.65,0.151122121186,-1
2490.0,0.14977492717,-1
2494.7,0.147887376969,-1
2494.8,0.147847291989,-1
2491.2,0.149290293432,-1
2489.4,0.150012836784,-1
2483.55,0.152362800631,-1
2485.0,0.151778958953,-1
2466.0,0.159424834204,-1
2472.3,0.156870089679,-1
2463.7,0.160348631927,-1
2470.0,0.157791502406,-1
2466.4,0.159248992285,-1
2465.25,0.159715258908,-1
2474.0,0.156165923141,-1
2474.15,0.156105292583,-1
2477.35,0.154811919102,-1
2468.35,0.158444833304,-1
2480.0,0.153725081243,-1
2489.1,0.150055726404,-1
2488.75,0.150196339477,-1
2523.4,0.136273687544,-1
2531.0,0.139285497007,1
2535.0,0.14086590001,1
2535.0,0.14086590001,1
2508.15,0.130274184034,1
2504.25,0.128719253108,1
2505.0,0.129018743974,1
2517.0,0.133809163136,1
2520.9,0.135358626783,1
2523.2,0.136270999348,1
2529.0,0.138569667706,1
2519.45,0.134793471581,1
2535.2,0.141044835966,1
2528.0,0.138204823344,1
2529.35,0.138738842331,1
2528.35,0.13834348384,1
2527.1,0.137849090263,1
2515.9,0.133417132683,1
2506.85,0.129820010381,1
2503.35,0.128423835899,1
2515.05,0.133097573091,1
2520.05,0.135085605138,1
2522.3,0.135978444566,1
2514.25,0.132786913027,1
2477.85,0.118309434654,1
2444.95,0.105031794765,1
2402.9,0.0878330790444,1
2417.6,0.0817154711539,-1
2409.9,0.0849004479905,-1
2389.8,0.0932410430359,-1
2358.9,0.106170995333,-1
2382.0,0.0963782953459,-1
2387.95,0.0938803944223,-1
2391.35,0.0924565790158,-1
2390.45,0.0928329354671,-1
2399.0,0.0892562030527,-1
2395.0,0.0909235644533,-1
2389.1,0.0933870300066,-1
2386.65,0.0944125207771,-1
2391.0,0.0925898823509,-1
2370.05,0.101351906609,-1
2362.4,0.104579686613,-1
2370.0,0.101362619224,-1
2364.55,0.103662197283,-1
2350.0,0.109815587992,-1
2338.0,0.11492197097,-1
2318.0,0.123476290902,-1
2339.95,0.114006920755,-1
2341.7,0.113259041527,-1
2360.8,0.105102574004,-1
2368.9,0.101671533678,-1
2357.9,0.106315039103,-1
2366.95,0.102476878027,-1
2355.0,0.107525569381,-1
2353.6,0.108120049211,-1
2355.4,0.107355263351,-1
2352.9,0.108416654198,-1
2346.5,0.111136701799,-1
2338.6,0.114503418185,-1
2332.4,0.117154576998,-1
2337.5,0.114967988076,-1
2341.25,0.113363710002,-1
2334.0,0.116460346414,-1
2333.0,0.116888795428,-1
2332.7,0.117017385227,-1
2348.0,0.110458462091,-1
2364.45,0.103452499569,-1
2379.75,0.0969816501117,-1
2361.15,0.104797597165,-1
2363.65,0.103738791075,-1
2369.9,0.101094575561,-1
2365.0,0.0990269777716,1
2370.0,0.101141142676,1
2369.5,0.100930172212,1
2357.05,0.0956758991589,1
2362.25,0.0978820466738,1
2367.5,0.100104504077,1
2365.8,0.0993864470546,1
2370.0,0.101161745051,1
2369.0,0.100739804123,1
2364.55,0.0988613744056,1
2363.75,0.0985230436449,1
2372.3,0.102140177437,1
2376.95,0.104100300524,1
2376.95,0.104100300524,1
2380.95,0.105783129359,1
2362.0,0.0978241214002,1
2380.05,0.105465950359,1
2376.5,0.103974385055,1
2376.85,0.10412166046,1
2377.35,0.104332022915,1
2375.0,0.103343527321,1
2366.95,0.0999540536369,1
2366.05,0.099573817468,1
2351.9,0.0935933859471,1
2348.85,0.0922965621025,1
2347.6,0.0917643867827,1
2312.55,0.106694528204,-1
2293.7,0.114845703313,-1
2170.0,0.16877603422,-1
2287.0,0.114858983529,-1
2278.4,0.118619368312,-1
2273.05,0.120967507357,-1
2290.0,0.113510566243,-1
2315.8,0.102244190697,-1
2302.75,0.107879392355,-1
2286.1,0.115109877644,-1
2291.4,0.112791518867,-1
2285.3,0.115453646824,-1
2277.95,0.118669854762,-1
2257.9,0.127471628286,-1
2272.0,0.121226887598,-1
2301.65,0.108176711542,-1
2288.05,0.114085516095,-1
2299.55,0.109059402155,-1
2296.05,0.110581439075,-1
2299.15,0.109231294261,-1
2297.05,0.110144675294,-1
2285.15,0.115325232965,-1
2284.8,0.115478395777,-1
2296.05,0.11055455124,-1
2294.0,0.111447388939,-1
2296.1,0.110531957379,-1
2296.5,0.110357748938,-1
2314.3,0.102606823617,-1
2307.0,0.0994525221004,1
2304.4,0.0983255173323,1
2296.0,0.0946803168463,1
2285.05,0.0899111530832,1
2299.85,0.0963880354271,1
2302.6,0.0975837655834,1
2320.0,0.105140440646,1
2321.0,0.105571475129,1
2323.95,0.106842479007,1
2325.0,0.107294295956,1
2323.1,0.106477091655,1
2340.0,0.113751853827,1
2351.3,0.118580913656,1
2357.0,0.121005104529,1
2357.95,0.121408159259,1
2358.45,0.121620207861,1
2353.5,0.119521371761,1
2359.45,0.122049521325,1
2355.45,0.120354210978,1
2357.5,0.121224532997,1
2353.45,0.11950661147,1
2365.0,0.124414300182,1
2352.8,0.119255737814,1
2338.9,0.113347883343,1
nan,0.113347883343,1
nan,0.113347883343,0
2357.5,0.113347883343,0
2356.4,0.113347883343,0
2356.8,0.113347883343,0
2354.0,0.113347883343,0
2348.7,0.113347883343,0
2348.7,0.113347883343,0
2341.5,0.113347883343,0
2335.05,0.113347883343,0
2331.3,0.113347883343,0
2330.25,0.113347883343,0
2334.0,0.113347883343,0
2326.0,0.113347883343,0
2322.6,0.113347883343,0
2335.95,0.113347883343,0
2372.95,0.113347883343,0
2354.9,0.113347883343,0
2357.1,0.113347883343,0
2356.5,0.113347883343,0
2359.35,0.113347883343,0
2360.15,0.113347883343,0
2361.15,0.113347883343,0
2355.45,0.113347883343,0
2359.55,0.113347883343,0
2363.5,0.113347883343,0
2364.65,0.113347883343,0
2395.0,0.113347883343,0
2389.9,0.113347883343,0
2386.0,0.113347883343,0
2378.25,0.113347883343,0
2373.0,0.113347883343,0
2368.0,0.111240845838,1
2373.55,0.113584595838,1
2373.0,0.113352875419,1
2365.5,0.110192319161,1
2368.15,0.111312589717,1
2379.5,0.116105360445,1
2380.0,0.116315488623,1
2398.1,0.12392053064,1
2496.5,0.16495301469,1
2501.95,0.167136070969,1
2482.7,0.159442072288,1
2494.95,0.164376216566,1
2499.1,0.166039576553,1
2505.0,0.168400426459,1
2502.6,0.167442342627,1
2496.5,0.165004877591,1
2499.35,0.166146475828,1
2489.6,0.162245461564,1
2483.3,0.159714934572,1
2480.45,0.15856726816,1
2509.95,0.170460271446,1
2515.65,0.172731233019,1
2514.85,0.172413223757,1
2514.85,0.172413223757,1
2513.45,0.171856530515,1
2518.6,0.173905507021,1
2515.05,0.1724959938,1
2510.5,0.170686884637,1
2514.0,0.17208102923,1
2511.55,0.171106486668,1
2512.0,0.171285658892,1
2512.15,0.171345372268,1
2522.65,0.175525058991,1
2521.55,0.175089009598,1
2559.0,0.189940985565,1
2566.0,0.192676429098,1
2559.1,0.189987418965,1
2559.0,0.189948342728,1
2569.9,0.194207819086,1
2567.9,0.193429578687,1
2579.15,0.197810590409,1
2592.85,0.203122417949,1
2592.3,0.202910296152,1
2594.8,0.203874690705,1
2579.2,0.197862666657,1
2572.1,0.195109875094,1
2605.7,0.2081731308,1
2602.0,0.206753166874,1
2634.2,0.219128262954,1
2633.7,0.218938452006,1
2632.95,0.218653681531,1
2634.0,0.21905247376,1
2634.4,0.219204334049,1
2633.4,0.218824740973,1
2619.05,0.213375511839,1
2610.05,0.209939151327,1
2616.6,0.212448681795,1
2611.9,0.210652457688,1
2618.2,0.213064494902,1
2616.8,0.212529776393,1
2622.1,0.214555150896,1
2639.95,0.221362671586,1
2653.0,0.226305947027,1
2644.4,0.223064333759,1
2641.85,0.222100031838,1
2640.3,0.221513321767,1
2633.4,0.218899982374,1
2634.45,0.219298706457,1
2630.05,0.217628528621,1
2649.0,0.224833714834,1
2628.25,0.217000570251,1
2621.9,0.21458451394,1
2617.65,0.212963552042,1
2624.95,0.215752312954,1
2612.05,0.210837933632,1
2616.5,0.212541576365,1
2616.6,0.21257979536,1
2622.55,0.214853738645,1
2624.25,0.214205514588,-1
2623.15,0.214624681969,-1
2620.0,0.21582552828,-1
2621.0,0.215443848891,-1
2648.0,0.205142437216,-1
2648.6,0.205369023318,1
2649.0,0.2055200465,1
2646.2,0.204463043858,1
2645.0,0.204009563395,1
2643.0,0.203253419728,1
2626.95,0.197180775006,1
2633.75,0.199769328271,1
2629.65,0.198212612562,1
2618.6,0.202414692687,-1
2625.05,0.199951544439,-1
2626.4,0.199437268521,-1
2629.85,0.200750853656,1
2646.0,0.206891888316,1
2637.0,0.203490527772,1
2637.35,0.203623254355,1
2645.4,0.206675560648,1
2647.75,0.207563895115,1
2639.5,0.204448042032,1
2639.0,0.204258612216,1
2638.8,0.204182825933,1
2638.0,0.203879657826,1
2638.0,0.203879657826,1
2625.0,0.198951682087,1
2622.95,0.198170729706,1
2615.5,0.195330416319,1
2609.0,0.197815600796,-1
2601.95,0.200517785541,-1
2618.0,0.194349334956,-1
2641.9,0.185220228768,-1
2644.1,0.184387494751,-1
2642.2,0.185106075742,-1
2639.85,0.185995486082,-1
2646.8,0.183362760738,-1
2648.5,0.182720475715,-1
2649.7,0.183173562367,1
2640.4,0.179663731066,1
2642.0,0.180269699858,1
2656.95,0.185928291834,1
2667.1,0.189748461578,1
2659.85,0.187030153303,1
2651.4,0.183853282427,1
2650.0,0.183325259495,1
2648.85,0.182891297231,1
2644.95,0.181418960179,1
2645.0,0.181437864128,1
2644.95,0.181418960537,1
2638.25,0.178885831366,1
2638.35,0.178923735279,1
2637.35,0.17854471051,1
2648.0,0.18258285486,1
2620.95,0.172367598062,1
2612.15,0.169010036872,1
2601.75,0.165028642236,1
2599.0,0.163971661358,1
2592.1,0.166626528614,-1
2583.95,0.169770697435,-1
2586.35,0.168841886893,-1
2583.3,0.170021154973,-1
2583.15,0.170079220239,-1
2584.45,0.169575958717,-1
2595.0,0.165493852273,-1
2596.7,0.1648387463,-1
2611.25,0.159235480616,-1
2578.0,0.171968845863,-1
2590.0,0.167314074722,-1
2573.0,0.173877781286,-1
2580.0,0.171157221628,-1
2576.25,0.17261071,-1
2586.0,0.168826139403,-1
2585.9,0.168864809164,-1
2588.5,0.167859356516,-1
2593.9,0.165773206236,-1
2601.7,0.162766151223,-1
2606.1,0.161074949316,-1
2594.0,0.165717902388,-1
2612.85,0.15845113292,-1
2610.9,0.159197444419,-1
2592.0,0.166436327563,-1
2581.5,0.170487253489,-1
2589.45,0.167407648608,-1
2593.3,0.165920846391,-1
2595.9,0.166923429972,1
2606.9,0.171160881337,1
2604.05,0.170067628815,1
2605.0,0.170432445159,1
2600.65,0.168762579516,1
2624.0,0.177741104116,1
2634.0,0.181552079725,1
2642.5,0.184779110857,1
2646.1,0.18614145712,1
2647.75,0.18676501632,1
2653.0,0.188747831918,1
2650.0,0.187617036592,1
2650.0,0.187617036592,1
2652.85,0.18869250829,1
2652.1,0.188409793474,1
2649.2,0.187316320377,1
2662.2,0.192223462156,1
2683.75,0.200318270961,1
2714.95,0.211943794948,1
2686.3,0.201391114419,1
2677.6,0.19815245902,1
2669.85,0.19525807599,1
2677.55,0.198142133147,1
2669.55,0.19515432713,1
2672.0,0.196072084805,1
2677.95,0.198298881212,1
2682.2,0.199885916071,1
2674.8,0.197126986834,1
2681.65,0.199687925969,1
2687.1,0.20172025681,1
2688.4,0.202204049747,1
2691.8,0.203468742501,1
2679.45,0.198880734477,1
2666.5,0.194047653061,1
2662.65,0.192603812821,1
2662.9,0.192697704245,1
2659.15,0.191289465107,1
2661.95,0.192342433161,1
2660.0,0.19160988747,1
2656.1,0.190143722057,1
2657.25,0.190576687683,1
2657.35,0.190614320574,1
2660.0,0.189617086488,-1
2662.85,0.188545657916,-1
2676.75,0.183325686833,-1
2647.35,0.194309155591,-1
2629.95,0.200881765938,-1
2628.0,0.201623224901,-1
2630.95,0.200500698264,-1
2631.7,0.200215630133,-1
2632.45,0.199930643243,-1
2620.25,0.204565109234,-1
2612.95,0.207351102937,-1
2610.9,0.208135656794,-1
2617.85,0.205473739447,-1
2623.5,0.203315479807,-1
2617.7,0.205526266923,-1
2626.0,0.202355544533,-1
2623.4,0.203345643543,-1
2619.55,0.204813204724,-1
2613.45,0.207141848956,-1
2615.1,0.206510499591,-1
2616.5,0.205975147214,-1
2624.25,0.203013175114,-1
2629.85,0.200879232082,-1
2627.45,0.20179183166,-1
2632.2,0.199983995165,-1
2636.5,0.198350380698,-1
2649.0,0.193609246619,-1
2638.2,0.197686256811,-1
2636.25,0.198425397134,-1
2636.75,0.198235733787,-1
2641.3,0.196510124609,-1
2649.2,0.193519173183,-1
2652.6,0.194802579495,1
2652.05,0.194595235756,1
2644.4,0.191710674756,1
2639.45,0.189838794557,1
2642.6,0.191032225006,1
2649.9,0.193794655945,1
2647.7,0.192964435937,1
2657.0,0.196476918469,1
2659.8,0.197530738567,1
2645.3,0.192079200857,1
2654.0,0.195368052783,1
2654.5,0.195556447659,1
2651.9,0.194576978833,1
2652.0,0.194614687645,1
2652.8,0.19491634677,1
2655.0,0.195745659195,1
2654.8,0.195670329628,1
2656.95,0.196480183478,1
2650.3,0.193977313646,1
2634.35,0.187959127025,1
2640.05,0.190122848627,1
2643.0,0.191240251706,1
2654.95,0.195761628929,1
2651.0,0.194273841965,1
2642.05,0.190897757468,1
2647.7,0.193036248413,1
2646.0,0.192394181714,1
2645.3,0.192129631449,1
2644.45,0.192450956063,-1
2651.1,0.189936255463,-1
2645.65,0.191992005906,-1
2650.0,0.190347797489,-1
2660.7,0.18631006164,-1
2660.4,0.186422813923,-1
2664.0,0.18506963395,-1
2667.0,0.183943507824,-1
2669.05,0.184712161742,1
2663.05,0.182464170884,1
2660.0,0.181318867566,1
2661.3,0.181807589371,1
2659.95,0.181300318488,1
2659.9,0.181281521142,1
2661.0,0.181695070524,1
2660.0,0.181319271952,1
2659.95,0.181300474959,1
2663.15,0.182503505092,1
2662.1,0.182109235148,1
2675.7,0.18721798388,1
2678.15,0.188133632122,1
2677.65,0.187946936082,1
2684.0,0.190318418538,1
2683.2,0.190020355945,1
2686.2,0.191138423924,1
2683.0,0.189947150005,1
2684.45,0.190487589811,1
2679.85,0.188774017199,1
2688.75,0.192095098603,1
2689.6,0.192411230634,1
2687.0,0.191444544138,1
2668.3,0.184485109825,1
2672.95,0.186227792432,1
2674.9,0.186957323474,1
2684.0,0.19035931981,1
2683.5,0.19017303069,1
2686.9,0.191440032739,1
2686.95,0.191458641545,1
2684.7,0.190621260872,1
2680.6,0.189094088376,1
2684.95,0.190716859397,1
2675.05,0.187029639896,1
2669.25,0.184861456124,1
2659.9,0.181358599516,1
2664.85,0.183219571733,1
2646.8,0.176446207378,1
2643.2,0.177806340369,-1
2641.25,0.1785440825,-1
2632.35,0.181913699159,-1
2634.6,0.1810589496,-1
2627.0,0.183943637978,-1
2623.1,0.185428221153,-1
2624.05,0.185066054251,-1
2619.8,0.186685688023,-1
2609.45,0.190636371282,-1
2595.0,0.196173936669,-1
2602.45,0.193303031081,-1
2612.8,0.189326009429,-1
2612.6,0.189402555662,-1
2614.25,0.188771000889,-1
2608.45,0.190989610433,-1
2595.9,0.195800896829,-1
2594.0,0.196532820247,-1
2603.0,0.193063275143,-1
2604.0,0.192679103034,-1
2609.5,0.190566967857,-1
2618.15,0.187252156591,-1
2621.85,0.185838944972,-1
2626.0,0.184256093169,-1
2624.5,0.184827304136,-1
2617.25,0.187589735075,-1
2613.35,0.189079848744,-1
2604.1,0.192619366987,-1
2608.9,0.1907761198,-1
2605.3,0.192156011708,-1
2610.0,0.190351996816,-1
2611.0,0.189968855053,-1
2609.05,0.190715695344,-1
2615.0,0.188435171782,-1
2593.05,0.196829053235,-1
2604.0,0.192606226834,-1
2567.0,0.206815136204,-1
2576.45,0.203133796118,-1
2582.45,0.200805010386,-1
2574.75,0.203786675084,-1
2575.9,0.203340029779,-1
2571.95,0.2048734744,-1
2568.45,0.206234309564,-1
2570.0,0.205630832759,-1
2572.8,0.204541338596,-1
2566.4,0.207028900785,-1
2570.0,0.205626157643,-1
2581.05,0.201326546748,-1
2580.25,0.201636498124,-1
2603.4,0.192664499287,-1
2600.0,0.193970483769,-1
2597.5,0.19493202223,-1
2598.75,0.194450790276,-1
2599.0,0.19435459018,-1
2601.45,0.193411919922,-1
2611.8,0.189433369499,-1
2624.5,0.184570822596,-1
2625.0,0.184380310117,-1
2621.2,0.18293269107,1
2615.3,0.180681813609,1
2606.3,0.177240525803,1
2600.7,0.175091885968,1
2588.55,0.170420066843,1
2590.9,0.171327911003,1
2599.65,0.174705115835,1
2591.55,0.171589311784,1
2602.65,0.175872462794,1
2599.0,0.174470046027,1
2596.75,0.173604328443,1
2597.9,0.174047189712,1
2589.4,0.170775316276,1
2591.85,0.171721481411,1
2552.05,0.156365654492,1
2515.25,0.141945874315,1
2517.0,0.141250118426,-1
2513.8,0.142521473213,-1
2513.0,0.14283971651,-1
2509.05,0.144411543013,-1
2508.05,0.144810100235,-1
2509.5,0.144231961841,-1
2507.25,0.145128554788,-1
2510.0,0.144031735564,-1
2504.95,0.146043687755,-1
2495.65,0.14975633671,-1
2507.7,0.144927935291,-1
2555.0,0.12606602996,-1
2568.1,0.120938828394,-1
2578.0,0.117083838324,-1
2550.0,0.127944970985,-1
2560.0,0.124023402357,-1
2571.25,0.119628871107,-1
2573.6,0.11871491875,-1
2578.15,0.116946967242,-1
2579.95,0.116248792194,-1
2560.6,0.123748937546,-1
2551.95,0.12712705205,-1
2532.05,0.134925010474,-1
2543.45,0.130422729713,-1
2492.15,0.110253274839,1
2497.0,0.112199385627,1
2499.5,0.113200587069,1
2498.65,0.112860519055,1
2518.7,0.120884852195,1
2504.5,0.115247023156,1
2508.0,0.116644507684,1
2514.4,0.119196341815,1
2500.65,0.124664843246,-1
2505.9,0.122565389105,-1
2495.0,0.126915123731,-1
2519.45,0.117115524532,-1
2483.9,0.131225747002,-1
2498.0,0.125549189974,-1
2489.95,0.128771768037,-1
2505.95,0.122345936193,-1
2507.85,0.121587740698,-1
2516.95,0.117959134522,-1
2511.95,0.119945665839,-1
2520.55,0.116522030815,-1
2527.5,0.113764696106,-1
2539.9,0.108858662476,-1
2545.45,0.106673537077,-1
2548.0,0.105671749574,-1
2580.0,0.0931128798723,-1
2577.45,0.0921245077792,1
2580.95,0.0934824390679,1
2581.15,0.0935599299143,1
2604.45,0.102586914011,1
2597.0,0.0997264252317,1
2587.5,0.0960683582313,1
2592.05,0.0978268123376,1
2591.6,0.0976532045754,1
2596.0,0.0993509974447,1
2597.0,0.099736205457,1
2583.8,0.0946534176249,1
2565.35,0.0875127720641,1
2558.9,0.0849984952598,1
2566.5,0.0879685214429,1
2558.95,0.0850267719786,1
2557.75,0.084557829639,1
2551.9,0.0822706631841,1
2550.1,0.0815653063911,1
2554.35,0.0832319077009,1
2554.9,0.0834472266666,1
2554.95,0.0834667969042,1
2553.9,0.0830558299577,1
2569.9,0.0893207581068,1
2606.5,0.103562557399,1
2612.9,0.10601795736,1
2605.0,0.102994496837,1
2588.0,0.0964685851291,1
2585.5,0.0955025882203,1
2575.75,0.0992736189687,-1
2578.15,0.0983418515224,-1
2565.8,0.103132108102,-1
2556.6,0.106717734417,-1
2563.75,0.103921051322,-1
2559.1,0.105734800713,-1
2573.3,0.100185974954,-1
2578.2,0.0982818052107,-1
2556.25,0.106795496934,-1
2559.7,0.105445863682,-1
2550.7,0.108961900717,-1
2550.2,0.109157925338,-1
2549.9,0.10927556317,-1
2545.9,0.110844252139,-1
2533.0,0.115911222562,-1
2534.2,0.115437476016,-1
2525.05,0.119048082914,-1
2517.0,0.122236138596,-1
2525.2,0.118978291953,-1
2543.85,0.111592738333,-1
2518.55,0.121538293299,-1
2527.9,0.117825839705,-1
2517.05,0.122117939867,-1
2521.25,0.120449319856,-1
2518.6,0.121500385795,-1
2525.0,0.118959291536,-1
2527.7,0.117889984606,-1
2529.05,0.117355902238,-1
2538.05,0.113797253734,-1
2550.0,0.109088914655,-1
2549.9,0.109128130341,-1
2561.55,0.104559323721,-1
2564.35,0.103466235552,-1
2585.0,0.0954135126396,-1
2587.4,0.0944850793708,-1
2588.0,0.0942531863508,-1
2589.35,0.0947748246815,1
2588.55,0.094465866835,1
2578.85,0.0907185951964,1
2584.45,0.0928901057534,1
2585.35,0.0932383423221,1
2584.5,0.0929095667212,1
2585.35,0.0932384504511,1
2585.75,0.093393168381,1
2586.9,0.0938379136193,1
2589.55,0.0948623057489,1
2601.6,0.0995156238929,1
2606.2,0.101283766574,1
2610.0,0.10274182812,1
2621.0,0.106956387507,1
2625.25,0.108577906011,1
2618.95,0.106178134561,1
2617.75,0.105719935664,1
2617.0,0.105433430078,1
2613.45,0.104076914984,1
2603.45,0.100250555191,1
2601.7,0.099578370206,1
2610.95,0.10313373785,1
2612.3,0.10365079103,1
2611.0,0.103153145277,1
2618.0,0.105834110425,1
2617.65,0.105700420585,1
2617.8,0.105757723892,1
2610.7,0.103045522807,1
2607.05,0.101647430341,1
2599.7,0.0988281518463,1
2595.0,0.0970202509346,1
2600.0,0.0989470332082,1
2591.5,0.095677802439,1
2600.0,0.0989577561338,1
