ACC15,-0.017498952687,0.175981361001,181,67
ACC16,0.00847480523336,0.181188555363,182,69
ADANIPORTS14,0.456418622607,0.192233881788,173,73
ADANIPORTS15,0.29508629486,0.218229804306,172,69
ADANIPORTS16,0.262953923638,0.216545384657,172,69
AMBUJACEM14,-0.309137930542,0.529535702419,193,66
AMBUJACEM15,-0.365250393286,0.495947592935,192,70
AMBUJACEM16,-0.305627615557,0.426197796112,191,59
ASIANPAINT14,-0.0339833710346,0.183057645189,179,64
ASIANPAINT15,-0.17069479313,0.304359089188,185,60
ASIANPAINT16,0.00553326218753,0.176001275304,181,66
AUROPHARMA14,0.645237821191,0.149008674777,154,65
AUROPHARMA15,0.17454557251,0.24046571,185,74
AUROPHARMA16,0.0156437791017,0.211437852639,184,78
AXISBANK14,0.292866646841,0.161226441932,175,71
AXISBANK15,0.397122678136,0.111400019996,175,77
AXISBANK16,0.228102266408,0.201639973223,173,73
BAJAJ-AUTO14,-0.173090322497,0.245838575103,184,65
BAJAJ-AUTO15,-0.00155029283858,0.234879432279,183,66
BAJAJ-AUTO16,-0.154111603128,0.224858575295,178,64
BANKBARODA14,0.465018308465,0.186605296516,169,73
BANKBARODA15,0.0868973743666,0.297416604672,186,64
BANKBARODA16,0.258088614961,0.210141506248,183,73
BHARTIARTL14,-0.52825475443,0.55398629271,192,54
BHARTIARTL15,0.0355095738489,0.274844007604,180,64
BHARTIARTL16,-0.16965289889,0.271961446309,180,69
BOSCHLTD15,0.686554327051,0.117938171346,166,79
BOSCHLTD16,0.285828895037,0.153127772036,170,67
BPCL14,0.0794956409443,0.216378589589,168,59
BPCL15,0.183801327422,0.136596416091,183,74
BPCL16,-0.229729123752,0.291951299221,188,68
CIPLA14,0.0271867877382,0.29095644265,180,60
CIPLA15,0.109378703354,0.208929021048,180,69
CIPLA16,0.0305858240694,0.285946112059,174,71
COALINDIA14,0.266317807105,0.154737544211,169,69
COALINDIA15,0.151716632469,0.184553674049,172,66
COALINDIA16,0.0286668228563,0.216698928199,183,61
DRREDDY14,0.392673387981,0.108138499546,160,67
DRREDDY15,0.804473719063,0.0928625583105,152,72
DRREDDY16,0.364585765785,0.157982101253,166,63
EICHERMOT15,0.6679199994,0.160491546438,170,71
EICHERMOT16,0.548026770916,0.116034089692,172,78
GAIL14,0.0103819654149,0.395431074224,173,65
GAIL15,0.440021775695,0.157562725938,170,67
GAIL16,-0.193071854649,0.362571756983,185,64
HCLTECH14,0.221592164256,0.166817306518,174,68
HCLTECH15,-0.0950871028546,0.210637327623,179,68
HCLTECH16,-0.137550436263,0.335967092083,176,55
HDFC14,-0.0143017778283,0.190922600689,175,67
HDFC15,-0.133059582732,0.359108265519,187,69
HDFC16,-0.0227868513808,0.152658714934,183,67
HDFCBANK14,-0.281933153589,0.337324515477,205,58
HDFCBANK15,-0.680333178269,0.703497100087,212,59
HDFCBANK16,-0.555164551604,0.590250380041,202,51
HEROMOTOCO14,-0.106618464656,0.289270858082,174,61
HEROMOTOCO15,0.0190200679474,0.234157110349,180,65
HEROMOTOCO16,-0.20015689758,0.382036694963,182,66
HINDALCO14,-0.0329073533389,0.477592542325,180,67
HINDALCO15,0.246091859269,0.217968061715,180,68
HINDALCO16,0.30987443276,0.255299412964,175,79
HINDUNILVR14,-0.198298709521,0.320033437794,193,64
HINDUNILVR15,0.0362039301703,0.3118745523,182,66
HINDUNILVR16,-0.190414514012,0.268922856383,191,69
IBULHSGFIN15,0.371427987774,0.13812566136,181,67
IBULHSGFIN16,0.443661915614,0.176683260673,167,67
ICICIBANK15,0.191491781712,0.20046794719,178,74
ICICIBANK16,0.377893089616,0.187197056784,167,71
INDUSINDBK14,0.017019212436,0.232322555878,178,63
INDUSINDBK15,-0.0588027814894,0.20921885245,189,71
INDUSINDBK16,-0.133001377887,0.1772904528,188,69
INFRATEL16,0.140862905647,0.344640025415,174,72
INFY14,0.134784895,0.144706935,164,66
INFY15,-0.00218889651608,0.213116542726,176,65
INFY16,-0.134561920612,0.21792406847,181,67
IOC14,0.187709697689,0.282804955765,165,71
IOC15,-0.237096374446,0.300151038789,193,65
IOC16,0.0257432203376,0.227546742407,184,72
ITC14,-0.149819366419,0.228742952699,182,66
ITC15,0.0754783269358,0.135868912885,181,64
ITC16,-0.171175164701,0.415556916901,190,64
KOTAKBANK14,-0.20803047424,0.24119048338,190,59
KOTAKBANK15,-0.355431319646,0.466176886349,196,57
KOTAKBANK16,-0.41304774465,0.42466218026,196,61
LT14,0.191620467963,0.187016940129,171,68
LT15,0.210473479543,0.140562838366,171,76
LT16,0.0473874704757,0.230163479345,184,68
LUPIN14,0.0794136753573,0.12647780184,167,67
LUPIN15,0.313708911779,0.244125578642,171,67
LUPIN16,0.450369264187,0.172675417101,168,72
M&M14,-0.348264735926,0.430816857474,183,57
M&M15,0.0588817816118,0.241629029849,177,67
M&M16,-0.224002430954,0.379796520099,185,71
MARUTI14,0.299557148492,0.167530350873,159,64
MARUTI15,0.267314807313,0.0771762574862,175,63
MARUTI16,0.272421705248,0.154262457761,167,65
NTPC14,0.182935528856,0.294622233212,173,72
NTPC15,0.195293366563,0.166122545982,176,75
NTPC16,-0.286104897063,0.461937965032,184,58
ONGC14,0.0722575306944,0.20630327863,177,67
ONGC15,0.478935964123,0.115997897423,166,64
ONGC16,0.18116839066,0.278003301164,174,65
POWERGRID14,-0.42019755973,0.435602643293,189,61
POWERGRID15,-0.268349773164,0.394446171881,193,64
POWERGRID16,-0.363148893924,0.491355021526,196,62
RELIANCE14,0.00503995719922,0.155261619198,180,71
RELIANCE15,0.265312693211,0.148090800368,183,71
RELIANCE16,-0.124866076149,0.221040926059,184,65
SBIN14,0.141793003589,0.186166971833,174,62
SBIN15,0.0974831054207,0.15343953347,177,67
SBIN16,0.586856735682,0.131010483024,171,72
SUNPHARMA14,-0.0938047498611,0.194608417126,174,63
SUNPHARMA15,0.30234970522,0.263230569723,162,70
SUNPHARMA16,0.229282534892,0.211724327415,183,71
TATAMOTORS14,-0.141862162155,0.406918208349,187,64
TATAMOTORS15,0.192620645614,0.241290547906,181,71
TATAMOTORS16,0.301757959339,0.16558766407,173,62
TATAMTRDVR14,0.254660024535,0.340719525241,169,69
TATAMTRDVR15,0.236458004322,0.180772219345,183,72
TATAMTRDVR16,-0.104011114746,0.296024771345,179,64
TATAPOWER14,0.64824643167,0.151152934174,157,69
TATAPOWER15,-0.180948026768,0.391055210259,196,70
TATAPOWER16,-0.2749445698,0.417945313553,184,59
TATASTEEL14,0.343597876113,0.175684097943,172,74
TATASTEEL15,0.503072225715,0.180724258935,172,74
TATASTEEL16,0.202613828752,0.302021588219,171,72
TCS14,0.165674380904,0.0880395747466,166,64
TCS15,-0.130116778093,0.296113130698,188,67
TCS16,0.324625702312,0.0959588329573,157,69
TECHM14,0.125031166691,0.119435285495,171,72
TECHM15,0.344279967782,0.221028541998,162,74
TECHM16,0.140868455485,0.208431837256,164,66
ULTRACEMCO14,0.244521313319,0.144729420325,165,64
ULTRACEMCO15,0.267680513155,0.191349310258,181,72
ULTRACEMCO16,0.0140722807782,0.190455921926,185,60
VEDL16,1.10426102272,0.201032010235,174,79
WIPRO14,-0.249322514045,0.285700296114,185,68
WIPRO15,-0.322162925657,0.362063255061,185,63
WIPRO16,-0.310963857436,0.349421831775,199,70
YESBANK14,0.607246953557,0.142919280698,164,66
YESBANK15,0.222377972574,0.186161298789,176,73
YESBANK16,0.0899956422553,0.263230363197,184,69
ZEEL14,0.0361418121316,0.155386180222,166,69
ZEEL15,0.146454812809,0.255541016085,185,63
ZEEL16,-0.172556941494,0.24297338227,198,65
ACC15,-0.017498952687,0.175981361001,181,67
ACC16,0.00847480523336,0.181188555363,182,69
ADANIPORTS14,0.456418622607,0.192233881788,173,73
ACC15,0.018501047313,0.162681361001,181,68
ACC16,0.0447748052334,0.174588555363,182,69
ADANIPORTS14,0.490918622607,0.188133881788,173,73
ADANIPORTS15,0.32928629486,0.214429804306,172,69
ADANIPORTS16,0.297253923638,0.208845384657,172,69
AMBUJACEM14,-0.270637930542,0.504435702419,193,66
AMBUJACEM15,-0.326950393286,0.464347592935,192,70
AMBUJACEM16,-0.267527615557,0.392797796112,191,60
ASIANPAINT14,0.00171662896538,0.158073628046,179,64
ASIANPAINT15,-0.13379479313,0.278159089188,185,60
ASIANPAINT16,0.0416332621875,0.174701275304,181,67
AUROPHARMA14,0.675937821191,0.144108674777,154,65
AUROPHARMA15,0.21134557251,0.23256571,185,75
AUROPHARMA16,0.0523437791017,0.208237852639,184,78
AXISBANK14,0.327766646841,0.155126441932,175,71
AXISBANK15,0.432022678136,0.107200019996,175,77
AXISBANK16,0.262602266408,0.191039973223,173,73
BAJAJ-AUTO14,-0.136490322497,0.224238575103,184,65
BAJAJ-AUTO15,0.0348497071614,0.225479432279,183,67
BAJAJ-AUTO16,-0.118711603128,0.207001335641,178,65
BANKBARODA14,0.498718308465,0.183605296516,169,73
BANKBARODA15,0.123897374367,0.29252589265,186,64
BANKBARODA16,0.294588614961,0.202641506248,183,73
BHARTIARTL14,-0.49005475443,0.51688629271,192,54
BHARTIARTL15,0.0714095738489,0.263044007604,180,64
BHARTIARTL16,-0.13375289889,0.239361446309,180,69
BOSCHLTD15,0.719654327051,0.114838171346,166,79
BOSCHLTD16,0.319728895037,0.143227772036,170,67
BPCL14,0.112995640944,0.211178589589,168,60
BPCL15,0.220301327422,0.131996416091,183,75
BPCL16,-0.192229123752,0.271351299221,188,68
CIPLA14,0.0629867877382,0.27015644265,180,60
CIPLA15,0.145278703354,0.196787496966,180,69
CIPLA16,0.0652858240694,0.280146112059,174,71
COALINDIA14,0.299917807105,0.150404294253,169,69
COALINDIA15,0.186016632469,0.171563144082,172,66
COALINDIA16,0.0651668228563,0.197998928199,183,62
DRREDDY14,0.424573387981,0.105938499546,160,69
DRREDDY15,0.834773719063,0.0908625583105,152,72
DRREDDY16,0.397685765785,0.153782101253,166,63
EICHERMOT15,0.7018199994,0.157091546438,170,72
EICHERMOT16,0.582326770916,0.113634089692,172,78
GAIL14,0.0448819654149,0.383431074224,173,65
GAIL15,0.473921775695,0.153262725938,170,70
GAIL16,-0.156171854649,0.336771756983,185,65
HCLTECH14,0.256292164256,0.159656637998,174,69
HCLTECH15,-0.0594871028546,0.184213164037,179,69
HCLTECH16,-0.102450436263,0.325767092083,176,57
HDFC14,0.0204982221717,0.178922600689,175,67
HDFC15,-0.0957595827316,0.330708265519,187,70
HDFC16,0.0137131486192,0.145258714934,183,68
HDFCBANK14,-0.241133153589,0.313432346934,205,59
HDFCBANK15,-0.638033178269,0.661897100087,212,59
HDFCBANK16,-0.514864551604,0.550450380041,202,53
HEROMOTOCO14,-0.0719184646557,0.273470858082,174,61
HEROMOTOCO15,0.0549200679474,0.211157110349,180,65
HEROMOTOCO16,-0.16385689758,0.360136694963,182,69
HINDALCO14,0.00299264666107,0.456592542325,180,67
HINDALCO15,0.281891859269,0.214568061715,180,68
HINDALCO16,0.34467443276,0.250199412964,175,79
HINDUNILVR14,-0.159898709521,0.299833437794,193,64
HINDUNILVR15,0.0724039301703,0.2952745523,182,66
HINDUNILVR16,-0.152314514012,0.237322856383,191,69
IBULHSGFIN15,0.407527987774,0.13432566136,181,67
IBULHSGFIN16,0.476961915614,0.173683260673,167,67
ICICIBANK15,0.226891781712,0.19406794719,178,74
ICICIBANK16,0.411193089616,0.182497056784,167,72
INDUSINDBK14,0.052519212436,0.217969369076,178,63
INDUSINDBK15,-0.0212027814894,0.19571885245,189,72
INDUSINDBK16,-0.0955013778871,0.155056651624,188,69
INFRATEL16,0.175462905647,0.329140025415,174,72
INFY14,0.167484895,0.137706935,164,66
INFY15,0.0328111034839,0.208316542726,176,65
INFY16,-0.0984619206118,0.18792406847,181,67
IOC14,0.220509697689,0.277504955765,165,71
IOC15,-0.198696374446,0.287351038789,193,66
IOC16,0.0624432203376,0.209146742407,184,72
ITC14,-0.113619366419,0.216742952699,182,67
ITC15,0.111578326936,0.134068912885,181,66
ITC16,-0.133275164701,0.389356916901,190,65
KOTAKBANK14,-0.17013047424,0.209265060897,190,60
KOTAKBANK15,-0.316331319646,0.439581469937,196,58
KOTAKBANK16,-0.37394774465,0.387799146145,196,63
LT14,0.225720467963,0.180216940129,171,68
LT15,0.244573479543,0.131562838366,171,78
LT16,0.0840874704757,0.210563479345,184,70
LUPIN14,0.112613675357,0.11927780184,167,70
LUPIN15,0.347708911779,0.238325578642,171,67
LUPIN16,0.483869264187,0.168475417101,168,72
M&M14,-0.311764735926,0.395416857474,183,57
M&M15,0.0940817816118,0.232829029849,177,67
M&M16,-0.187202430954,0.356796520099,185,71
MARUTI14,0.331257148492,0.165930350873,159,64
MARUTI15,0.302114807313,0.0727762574862,175,64
MARUTI16,0.305621705248,0.146462457761,167,66
NTPC14,0.217435528856,0.277076236669,173,72
NTPC15,0.230393366563,0.155922545982,176,75
NTPC16,-0.249404897063,0.427937965032,184,58
ONGC14,0.107557530694,0.19210327863,177,67
ONGC15,0.511935964123,0.110115019777,166,64
ONGC16,0.21576839066,0.272003301164,174,66
POWERGRID14,-0.38249755973,0.398802643293,189,61
POWERGRID15,-0.229849773164,0.370046171881,193,64
POWERGRID16,-0.324048893924,0.455155021526,196,62
RELIANCE14,0.0409399571992,0.142361619198,180,71
RELIANCE15,0.301712693211,0.141090800368,183,73
RELIANCE16,-0.0881660761495,0.188709544655,184,66
SBIN14,0.176493003589,0.182966971833,174,62
SBIN15,0.132783105421,0.14863953347,177,68
SBIN16,0.620956735682,0.125510483024,171,73
SUNPHARMA14,-0.0591047498611,0.187408417126,174,63
SUNPHARMA15,0.33454970522,0.254630569723,162,71
SUNPHARMA16,0.265782534892,0.202424327415,183,72
TATAMOTORS14,-0.104562162155,0.390418208349,187,64
TATAMOTORS15,0.228720645614,0.228090547906,181,71
TATAMOTORS16,0.336257959339,0.16358766407,173,62
TATAMTRDVR14,0.288360024535,0.328919525241,169,70
TATAMTRDVR15,0.272958004322,0.174033786281,183,73
TATAMTRDVR16,-0.0683111147457,0.276024771345,179,66
TATAPOWER14,0.67954643167,0.147752934174,157,69
TATAPOWER15,-0.141848026768,0.374293988918,196,70
TATAPOWER16,-0.2383445698,0.390545313553,184,60
TATASTEEL14,0.377797876113,0.163088350329,172,74
TATASTEEL15,0.537272225715,0.176324258935,172,74
TATASTEEL16,0.236713828752,0.283421588219,171,72
TCS14,0.198774380904,0.0852395747466,166,66
TCS15,-0.0926167780933,0.277213130698,188,68
TCS16,0.355925702312,0.0917588329573,157,69
TECHM14,0.159131166691,0.112235285495,171,73
TECHM15,0.376479967782,0.210067293614,162,74
TECHM16,0.173568455485,0.192731837256,164,67
ULTRACEMCO14,0.277421313319,0.141147201069,165,66
ULTRACEMCO15,0.303780513155,0.178749310258,181,73
ULTRACEMCO16,0.0509722807782,0.183155921926,185,61
VEDL16,1.13896102272,0.199432010235,174,79
WIPRO14,-0.212422514045,0.262163090811,185,69
WIPRO15,-0.285262925657,0.326063255061,185,65
WIPRO16,-0.271363857436,0.325421831775,199,70
YESBANK14,0.639846953557,0.139919280698,164,66
YESBANK15,0.257477972574,0.184461298789,176,73
YESBANK16,0.126695642255,0.259530363197,184,69
ZEEL14,0.0691418121316,0.147586180222,166,69
ZEEL15,0.183354812809,0.241541016085,185,65
ZEEL16,-0.133056941494,0.23537338227,198,66
ACC15,0.018501047313,0.162681361001,181,68
ACC16,0.0447748052334,0.174588555363,182,69
ADANIPORTS14,0.490918622607,0.188133881788,173,73
ADANIPORTS15,0.32928629486,0.214429804306,172,69
ADANIPORTS16,0.297253923638,0.208845384657,172,69
AMBUJACEM14,-0.270637930542,0.504435702419,193,66
AMBUJACEM15,-0.326950393286,0.464347592935,192,70
AMBUJACEM16,-0.267527615557,0.392797796112,191,60
ASIANPAINT14,0.00171662896538,0.158073628046,179,64
ASIANPAINT15,-0.13379479313,0.278159089188,185,60
ASIANPAINT16,0.0416332621875,0.174701275304,181,67
AUROPHARMA14,0.675937821191,0.144108674777,154,65
AUROPHARMA15,0.21134557251,0.23256571,185,75
AUROPHARMA16,0.0523437791017,0.208237852639,184,78
AXISBANK14,0.327766646841,0.155126441932,175,71
AXISBANK15,0.432022678136,0.107200019996,175,77
AXISBANK16,0.262602266408,0.191039973223,173,73
BAJAJ-AUTO14,-0.136490322497,0.224238575103,184,65
BAJAJ-AUTO15,0.0348497071614,0.225479432279,183,67
BAJAJ-AUTO16,-0.118711603128,0.207001335641,178,65
BANKBARODA14,0.498718308465,0.183605296516,169,73
BANKBARODA15,0.123897374367,0.29252589265,186,64
BANKBARODA16,0.294588614961,0.202641506248,183,73
BHARTIARTL14,-0.49005475443,0.51688629271,192,54
BHARTIARTL15,0.0714095738489,0.263044007604,180,64
BHARTIARTL16,-0.13375289889,0.239361446309,180,69
BOSCHLTD15,0.719654327051,0.114838171346,166,79
BOSCHLTD16,0.319728895037,0.143227772036,170,67
BPCL14,0.112995640944,0.211178589589,168,60
BPCL15,0.220301327422,0.131996416091,183,75
BPCL16,-0.192229123752,0.271351299221,188,68
CIPLA14,0.0629867877382,0.27015644265,180,60
CIPLA15,0.145278703354,0.196787496966,180,69
CIPLA16,0.0652858240694,0.280146112059,174,71
COALINDIA14,0.299917807105,0.150404294253,169,69
COALINDIA15,0.186016632469,0.171563144082,172,66
COALINDIA16,0.0651668228563,0.197998928199,183,62
DRREDDY14,0.424573387981,0.105938499546,160,69
DRREDDY15,0.834773719063,0.0908625583105,152,72
DRREDDY16,0.397685765785,0.153782101253,166,63
EICHERMOT15,0.7018199994,0.157091546438,170,72
EICHERMOT16,0.582326770916,0.113634089692,172,78
GAIL14,0.0448819654149,0.383431074224,173,65
GAIL15,0.473921775695,0.153262725938,170,70
GAIL16,-0.156171854649,0.336771756983,185,65
HCLTECH14,0.256292164256,0.159656637998,174,69
HCLTECH15,-0.0594871028546,0.184213164037,179,69
HCLTECH16,-0.102450436263,0.325767092083,176,57
HDFC14,0.0204982221717,0.178922600689,175,67
HDFC15,-0.0957595827316,0.330708265519,187,70
HDFC16,0.0137131486192,0.145258714934,183,68
HDFCBANK14,-0.241133153589,0.313432346934,205,59
HDFCBANK15,-0.638033178269,0.661897100087,212,59
HDFCBANK16,-0.514864551604,0.550450380041,202,53
HEROMOTOCO14,-0.0719184646557,0.273470858082,174,61
HEROMOTOCO15,0.0549200679474,0.211157110349,180,65
HEROMOTOCO16,-0.16385689758,0.360136694963,182,69
HINDALCO14,0.00299264666107,0.456592542325,180,67
HINDALCO15,0.281891859269,0.214568061715,180,68
HINDALCO16,0.34467443276,0.250199412964,175,79
HINDUNILVR14,-0.159898709521,0.299833437794,193,64
HINDUNILVR15,0.0724039301703,0.2952745523,182,66
HINDUNILVR16,-0.152314514012,0.237322856383,191,69
IBULHSGFIN15,0.407527987774,0.13432566136,181,67
IBULHSGFIN16,0.476961915614,0.173683260673,167,67
ICICIBANK15,0.226891781712,0.19406794719,178,74
ICICIBANK16,0.411193089616,0.182497056784,167,72
INDUSINDBK14,0.052519212436,0.217969369076,178,63
INDUSINDBK15,-0.0212027814894,0.19571885245,189,72
INDUSINDBK16,-0.0955013778871,0.155056651624,188,69
INFRATEL16,0.175462905647,0.329140025415,174,72
INFY14,0.167484895,0.137706935,164,66
INFY15,0.0328111034839,0.208316542726,176,65
INFY16,-0.0984619206118,0.18792406847,181,67
IOC14,0.220509697689,0.277504955765,165,71
IOC15,-0.198696374446,0.287351038789,193,66
IOC16,0.0624432203376,0.209146742407,184,72
ITC14,-0.113619366419,0.216742952699,182,67
ITC15,0.111578326936,0.134068912885,181,66
ITC16,-0.133275164701,0.389356916901,190,65
KOTAKBANK14,-0.17013047424,0.209265060897,190,60
KOTAKBANK15,-0.316331319646,0.439581469937,196,58
KOTAKBANK16,-0.37394774465,0.387799146145,196,63
LT14,0.225720467963,0.180216940129,171,68
LT15,0.244573479543,0.131562838366,171,78
LT16,0.0840874704757,0.210563479345,184,70
LUPIN14,0.112613675357,0.11927780184,167,70
LUPIN15,0.347708911779,0.238325578642,171,67
LUPIN16,0.483869264187,0.168475417101,168,72
M&M14,-0.311764735926,0.395416857474,183,57
M&M15,0.0940817816118,0.232829029849,177,67
M&M16,-0.187202430954,0.356796520099,185,71
MARUTI14,0.331257148492,0.165930350873,159,64
MARUTI15,0.302114807313,0.0727762574862,175,64
MARUTI16,0.305621705248,0.146462457761,167,66
NTPC14,0.217435528856,0.277076236669,173,72
NTPC15,0.230393366563,0.155922545982,176,75
NTPC16,-0.249404897063,0.427937965032,184,58
ONGC14,0.107557530694,0.19210327863,177,67
ONGC15,0.511935964123,0.110115019777,166,64
ONGC16,0.21576839066,0.272003301164,174,66
POWERGRID14,-0.38249755973,0.398802643293,189,61
POWERGRID15,-0.229849773164,0.370046171881,193,64
POWERGRID16,-0.324048893924,0.455155021526,196,62
RELIANCE14,0.0409399571992,0.142361619198,180,71
RELIANCE15,0.301712693211,0.141090800368,183,73
RELIANCE16,-0.0881660761495,0.188709544655,184,66
SBIN14,0.176493003589,0.182966971833,174,62
SBIN15,0.132783105421,0.14863953347,177,68
SBIN16,0.620956735682,0.125510483024,171,73
SUNPHARMA14,-0.0591047498611,0.187408417126,174,63
SUNPHARMA15,0.33454970522,0.254630569723,162,71
SUNPHARMA16,0.265782534892,0.202424327415,183,72
TATAMOTORS14,-0.104562162155,0.390418208349,187,64
TATAMOTORS15,0.228720645614,0.228090547906,181,71
TATAMOTORS16,0.336257959339,0.16358766407,173,62
TATAMTRDVR14,0.288360024535,0.328919525241,169,70
TATAMTRDVR15,0.272958004322,0.174033786281,183,73
TATAMTRDVR16,-0.0683111147457,0.276024771345,179,66
TATAPOWER14,0.67954643167,0.147752934174,157,69
TATAPOWER15,-0.141848026768,0.374293988918,196,70
TATAPOWER16,-0.2383445698,0.390545313553,184,60
TATASTEEL14,0.377797876113,0.163088350329,172,74
TATASTEEL15,0.537272225715,0.176324258935,172,74
TATASTEEL16,0.236713828752,0.283421588219,171,72
TCS14,0.198774380904,0.0852395747466,166,66
TCS15,-0.0926167780933,0.277213130698,188,68
TCS16,0.355925702312,0.0917588329573,157,69
TECHM14,0.159131166691,0.112235285495,171,73
TECHM15,0.376479967782,0.210067293614,162,74
TECHM16,0.173568455485,0.192731837256,164,67
ULTRACEMCO14,0.277421313319,0.141147201069,165,66
ULTRACEMCO15,0.303780513155,0.178749310258,181,73
ULTRACEMCO16,0.0509722807782,0.183155921926,185,61
VEDL16,1.13896102272,0.199432010235,174,79
WIPRO14,-0.212422514045,0.262163090811,185,69
WIPRO15,-0.285262925657,0.326063255061,185,65
WIPRO16,-0.271363857436,0.325421831775,199,70
YESBANK14,0.639846953557,0.139919280698,164,66
YESBANK15,0.257477972574,0.184461298789,176,73
YESBANK16,0.126695642255,0.259530363197,184,69
ZEEL14,0.0691418121316,0.147586180222,166,69
ZEEL15,0.183354812809,0.241541016085,185,65
ZEEL16,-0.133056941494,0.23537338227,198,66
ACC15,0.018501047313,0.162681361001,181,68
ACC16,0.0447748052334,0.174588555363,182,69
ADANIPORTS14,0.490918622607,0.188133881788,173,73
ACC15,0.018501047313,0.162681361001,181,68
ACC16,0.0447748052334,0.174588555363,182,69
ADANIPORTS14,0.490918622607,0.188133881788,173,73
ADANIPORTS15,0.32928629486,0.214429804306,172,69
ADANIPORTS16,0.297253923638,0.208845384657,172,69
AMBUJACEM14,-0.270637930542,0.504435702419,193,66
AMBUJACEM15,-0.326950393286,0.464347592935,192,70
AMBUJACEM16,-0.267527615557,0.392797796112,191,60
ASIANPAINT14,0.00171662896538,0.158073628046,179,64
ASIANPAINT15,-0.13379479313,0.278159089188,185,60
ASIANPAINT16,0.0416332621875,0.174701275304,181,67
AUROPHARMA14,0.675937821191,0.144108674777,154,65
AUROPHARMA15,0.21134557251,0.23256571,185,75
AUROPHARMA16,0.0523437791017,0.208237852639,184,78
AXISBANK14,0.327766646841,0.155126441932,175,71
AXISBANK15,0.432022678136,0.107200019996,175,77
AXISBANK16,0.262602266408,0.191039973223,173,73
BAJAJ-AUTO14,-0.136490322497,0.224238575103,184,65
BAJAJ-AUTO15,0.0348497071614,0.225479432279,183,67
BAJAJ-AUTO16,-0.118711603128,0.207001335641,178,65
BANKBARODA14,0.498718308465,0.183605296516,169,73
BANKBARODA15,0.123897374367,0.29252589265,186,64
BANKBARODA16,0.294588614961,0.202641506248,183,73
BHARTIARTL14,-0.49005475443,0.51688629271,192,54
BHARTIARTL15,0.0714095738489,0.263044007604,180,64
BHARTIARTL16,-0.13375289889,0.239361446309,180,69
BOSCHLTD15,0.719654327051,0.114838171346,166,79
BOSCHLTD16,0.319728895037,0.143227772036,170,67
BPCL14,0.112995640944,0.211178589589,168,60
BPCL15,0.220301327422,0.131996416091,183,75
BPCL16,-0.192229123752,0.271351299221,188,68
CIPLA14,0.0629867877382,0.27015644265,180,60
ACC15,-0.166835473812,0.21758006873,170,61
ACC16,0.0131469574329,0.17686228853,161,63
ADANIPORTS14,0.25180244525,0.153869621969,144,57
ADANIPORTS15,0.462957025409,0.143899732078,149,69
ADANIPORTS16,0.190541202591,0.251587276144,151,62
ACC15,-0.166835473812,0.21758006873,170,61
ACC15,-0.166835473812,0.21758006873,170,61
ACC16,0.0131469574329,0.17686228853,161,63
ADANIPORTS14,0.25180244525,0.153869621969,144,57
ADANIPORTS15,0.462957025409,0.143899732078,149,69
ADANIPORTS16,0.190541202591,0.251587276144,151,62
AMBUJACEM14,-0.161644523556,0.445939553195,167,62
AMBUJACEM15,-0.400787244377,0.502030023216,164,58
AMBUJACEM16,-0.286204959375,0.398312980473,174,50
ASIANPAINT14,0.00797932551056,0.204474929985,148,57
ASIANPAINT15,-0.14883065237,0.302196196575,166,56
ASIANPAINT16,0.064060974955,0.174701275304,154,60
AUROPHARMA14,0.374401895605,0.144108674777,133,56
AUROPHARMA15,0.288934892409,0.178749579579,160,69
AUROPHARMA16,0.192575236759,0.176103232531,166,72
AXISBANK14,0.183011403787,0.171644733524,149,58
AXISBANK15,0.27596376336,0.101455911106,161,70
AXISBANK16,0.31324751495,0.168758737698,145,68
BAJAJ-AUTO14,-0.043251410062,0.142940933309,141,57
BAJAJ-AUTO15,0.00741969746949,0.225189783465,162,60
BAJAJ-AUTO16,-0.0731206192007,0.197408740561,148,58
BANKBARODA14,0.481353384023,0.156751382782,137,64
BANKBARODA15,0.135390805742,0.327252951831,157,57
BANKBARODA16,0.201757497359,0.16735293833,165,63
BHARTIARTL14,-0.434905994178,0.456962334963,156,49
BHARTIARTL15,0.11621298128,0.189017285366,160,65
BHARTIARTL16,-0.0995748922149,0.195886722201,166,63
BOSCHLTD15,0.669469436406,0.114838171346,145,68
BOSCHLTD16,0.352443972508,0.126136393661,148,60
BPCL14,0.201463277778,0.150461273407,138,52
BPCL15,0.159091925588,0.139638815273,170,74
BPCL16,-0.198479749496,0.245773651685,167,56
CIPLA14,0.173089335393,0.233131848616,150,53
CIPLA15,0.203830839222,0.163082170802,150,56
CIPLA16,-0.00361584091978,0.271424286325,149,61
COALINDIA14,0.347200259429,0.150404294253,149,63
COALINDIA15,0.027880122892,0.201634128901,154,58
COALINDIA16,0.103320218069,0.176486551145,156,52
DRREDDY14,0.330134556446,0.0966061789023,140,60
DRREDDY15,0.717692718144,0.0742298262445,138,67
DRREDDY16,0.286163329721,0.0957914990685,143,57
EICHERMOT15,0.607194475054,0.124586171045,146,70
EICHERMOT16,0.424838546545,0.113634089692,156,72
GAIL14,0.145905128276,0.177919810625,139,55
GAIL15,0.425301536395,0.153228719891,135,59
GAIL16,-0.0919712128458,0.246494446168,150,58
HCLTECH14,0.0968693417385,0.157650141739,149,63
HCLTECH15,-0.00392403917489,0.202765659163,160,65
HCLTECH16,-0.203299914066,0.339177119805,155,54
HDFC14,-0.0132780007734,0.13952845508,140,53
HDFC15,0.000345893030372,0.162755227861,152,64
HDFC16,-0.00924802391743,0.154197145057,158,60
HDFCBANK14,-0.186109661644,0.196953113765,169,50
HDFCBANK15,-0.548866935027,0.58409032097,178,48
HDFCBANK16,-0.377095003817,0.438520926484,180,52
HEROMOTOCO14,0.0709091744857,0.204007112957,133,46
HEROMOTOCO15,-0.0910477054568,0.303007746039,163,61
HEROMOTOCO16,0.0526495703839,0.171254563731,152,66
HINDALCO14,-0.0348241752847,0.425365791718,153,62
HINDALCO15,0.118471622283,0.164131768955,159,60
HINDALCO16,0.399402027903,0.231179995958,158,74
HINDUNILVR14,-0.336416384124,0.350428835571,162,50
HINDUNILVR15,-0.0169914810387,0.298887898663,164,60
HINDUNILVR16,-0.0964031720663,0.19044261139,167,62
IBULHSGFIN15,0.111920735502,0.165868405436,164,62
IBULHSGFIN16,0.222586707463,0.214026404327,148,59
ICICIBANK15,-0.0291705230178,0.302364426741,166,67
ICICIBANK16,0.212565185763,0.135159244438,143,63
INDUSINDBK14,0.036791838096,0.302433243892,143,52
INDUSINDBK15,-0.208161031933,0.253489214409,166,57
INDUSINDBK16,-0.0356130115563,0.118853622838,172,68
INFRATEL16,-0.0386904536441,0.374825361587,162,62
INFY14,0.206726406,0.12107295,146,59
INFY15,0.0370094897771,0.174923574247,154,57
INFY16,0.00325905669454,0.126512805179,160,64
IOC14,0.314662016591,0.138612565844,131,58
IOC15,-0.110263813464,0.212398045228,163,63
IOC16,0.113980875253,0.151383722789,166,64
ITC14,-0.0813785429318,0.179334305702,155,61
ITC15,0.0890671048274,0.156523090451,156,60
ITC16,-0.0924779633081,0.304478473093,171,65
KOTAKBANK14,-0.168087160585,0.205167797134,148,49
KOTAKBANK15,-0.267338732528,0.348251662365,187,62
KOTAKBANK16,-0.271661094478,0.285512495973,173,59
LT14,0.278010799567,0.149812262454,133,58
LT15,0.0913407350432,0.156984208621,156,69
LT16,0.0386029643344,0.183946834186,167,64
LUPIN14,0.164172221642,0.119337580831,141,61
LUPIN15,0.197028266154,0.231656596881,148,61
LUPIN16,0.445851105945,0.139285015057,144,64
M&M14,-0.243370024345,0.331534728629,151,51
M&M15,0.153572177035,0.168528332484,146,59
M&M16,-0.182550777535,0.311220479832,158,63
MARUTI14,0.213259858233,0.166925939335,126,51
MARUTI15,0.232522392136,0.0949778389026,153,58
MARUTI16,0.318752806017,0.147296308527,146,59
NTPC14,0.255050893911,0.171245705781,138,56
NTPC15,0.222427571033,0.12729028637,142,66
NTPC16,-0.325961436935,0.469600493182,165,52
ONGC14,0.162630078104,0.127267082969,138,58
ONGC15,0.295140213723,0.0975486682592,153,58
ONGC16,0.449694258151,0.216850802677,148,63
POWERGRID14,-0.14814809379,0.234980304426,150,54
POWERGRID15,-0.302863614875,0.402194683116,166,58
POWERGRID16,-0.224246614908,0.330832702733,159,57
RELIANCE14,-0.0584706263584,0.232162985563,151,58
RELIANCE15,0.202222535066,0.0931715917814,157,65
RELIANCE16,-0.207368788365,0.291897291466,167,56
SBIN14,0.250458622903,0.182966971833,148,60
SBIN15,0.154193262181,0.138061078644,152,63
SBIN16,0.500028174757,0.107996312774,157,67
SUNPHARMA14,-0.191540230165,0.286359918474,145,55
SUNPHARMA15,0.119377520527,0.270458375121,130,56
SUNPHARMA16,0.249592122286,0.14907341659,160,63
TATAMOTORS14,0.0373797513759,0.2190541716,154,57
TATAMOTORS15,0.315846308448,0.210618717514,159,68
TATAMOTORS16,0.390924264182,0.145192326228,153,58
TATAMTRDVR14,0.182993138041,0.282278344384,143,63
TATAMTRDVR15,0.267442222603,0.180035373155,169,71
TATAMTRDVR16,0.012380460716,0.253925198093,157,62
TATAPOWER14,0.852833610915,0.0789687083137,123,63
TATAPOWER15,-0.105477633585,0.413167260879,176,65
TATAPOWER16,-0.115573284128,0.361682626742,161,59
TATASTEEL14,0.381592704903,0.117957373686,140,63
TATASTEEL15,0.467027742351,0.169421377279,153,64
TATASTEEL16,0.323027727555,0.194463835886,153,64
TCS14,0.0741872207698,0.0928841822498,139,52
TCS15,-0.0671919598853,0.289802453131,172,67
TCS16,0.170044879398,0.100789127138,143,65
TECHM14,0.139599702107,0.0754304233783,149,66
TECHM15,0.237301708436,0.24322181398,147,67
TECHM16,0.0571510314605,0.266233210458,140,54
ULTRACEMCO14,0.189652888193,0.156691035542,134,57
ULTRACEMCO15,0.200637161811,0.175734011093,150,66
ULTRACEMCO16,0.125639548281,0.136864530995,159,58
VEDL16,0.814222766805,0.199432010235,155,67
WIPRO14,-0.161107443019,0.210713465722,154,58
WIPRO15,-0.176751216559,0.257241075538,162,59
WIPRO16,-0.230686805184,0.277632796715,165,61
YESBANK14,0.466025960268,0.139919280698,138,58
YESBANK15,0.226570934305,0.184461298789,161,71
YESBANK16,0.106666188086,0.146517450442,165,64
ZEEL14,0.0189038287556,0.170284215379,145,60
ZEEL15,0.209216090225,0.196766367548,168,63
ZEEL16,-0.1016970944,0.199583978299,178,67
ACC15,0.143613509056,0.123630785189,126,51
ACC16,-0.0684249595837,0.206244351293,155,58
ADANIPORTS14,0.222656180433,0.255853831566,138,57
ADANIPORTS15,0.161436325276,0.179304241286,143,60
ADANIPORTS16,0.147721783593,0.159490255094,124,52
AMBUJACEM14,-0.306277943274,0.429541803536,131,47
AMBUJACEM15,-0.120053988344,0.268874028432,147,61
AMBUJACEM16,-0.264644620709,0.408663279302,155,48
ASIANPAINT14,0.0679987265685,0.127221834824,133,51
ASIANPAINT15,-0.15917536395,0.256433960838,147,47
ASIANPAINT16,-0.0154283672205,0.195083782538,153,55
AUROPHARMA14,0.523775174032,0.144108674777,130,52
AUROPHARMA15,0.139552582002,0.193102496867,139,56
AUROPHARMA16,-0.187196440238,0.297701793102,143,54
AXISBANK14,0.219645510906,0.155126441932,138,54
AXISBANK15,0.400441837881,0.0694303652411,132,59
AXISBANK16,0.0824645159874,0.198841320255,158,66
BAJAJ-AUTO14,-0.0956812968084,0.179670316051,142,53
BAJAJ-AUTO15,-0.0256920544461,0.163551976387,137,48
BAJAJ-AUTO16,-0.205804131229,0.239391014035,145,50
BANKBARODA14,0.208524667576,0.201642920932,123,53
BANKBARODA15,0.304980198887,0.217854061957,125,45
BANKBARODA16,-0.0187547038179,0.267793983312,157,58
BHARTIARTL14,-0.136846109981,0.212465637878,127,38
BHARTIARTL15,0.218852970233,0.173964674803,128,50
BHARTIARTL16,-0.209893105504,0.292852641966,140,50
BOSCHLTD15,0.528387093587,0.0839491973199,130,64
BOSCHLTD16,0.186749069076,0.157012587623,129,49
BPCL14,0.253856802739,0.150461273407,128,50
BPCL15,0.113571092426,0.144751112161,137,54
BPCL16,-0.120424818594,0.16672593259,139,57
CIPLA14,0.125554056686,0.239802727455,136,50
CIPLA15,-0.0407864081614,0.255375418465,150,53
CIPLA16,-0.0351189173634,0.238291324721,137,50
COALINDIA14,0.190722077282,0.150404294253,127,53
COALINDIA15,0.15189191093,0.0990295949278,135,53
COALINDIA16,-0.0643609865272,0.207784761584,151,50
DRREDDY14,0.367743625708,0.105938499546,123,51
DRREDDY15,0.696294989674,0.0882293963018,122,62
DRREDDY16,0.24791463488,0.090289502907,125,48
EICHERMOT15,0.705608422748,0.0945249032405,128,60
EICHERMOT16,0.496841305088,0.102420981917,135,60
GAIL14,0.0136624851783,0.285821353294,122,47
GAIL15,0.280787405388,0.182603143657,139,55
GAIL16,-0.0126720040014,0.259090323565,140,51
HCLTECH14,0.289263464012,0.122051742921,135,56
HCLTECH15,-0.147960059178,0.215731184523,140,60
HCLTECH16,0.0800275697286,0.128414028376,136,51
HDFC14,0.0245104072917,0.118716610081,128,49
HDFC15,0.00656876795615,0.248130938643,145,60
HDFC16,0.00276434066417,0.129679306277,155,56
HDFCBANK14,-0.248102149311,0.26972963201,153,44
HDFCBANK15,-0.475085328688,0.498949250506,157,38
HDFCBANK16,-0.521255390453,0.549267019909,173,42
HEROMOTOCO14,-0.0913154124305,0.222009044547,128,46
HEROMOTOCO15,0.0131262150423,0.153089159469,141,51
HEROMOTOCO16,-0.124670074882,0.319235972708,143,52
HINDALCO14,-0.0539382527195,0.387863726809,143,53
HINDALCO15,0.33237176029,0.228177034243,134,52
HINDALCO16,0.128665495614,0.284211836981,135,61
HINDUNILVR14,-0.0170488292964,0.186663711415,145,53
HINDUNILVR15,0.103705453683,0.210078674466,135,48
HINDUNILVR16,-0.136278603202,0.203040330123,146,57
IBULHSGFIN15,0.42187721444,0.115987578212,135,52
IBULHSGFIN16,0.394192794321,0.147570509471,121,52
ICICIBANK15,0.19350400549,0.109934462268,139,61
ICICIBANK16,0.283676384912,0.135159244438,126,53
INDUSINDBK14,-0.129009769874,0.257251602839,133,47
INDUSINDBK15,0.101796456082,0.138855022792,149,53
INDUSINDBK16,-0.168506944186,0.203347047203,160,54
INFRATEL16,0.213250989887,0.171980494043,135,63
INFY14,0.017756584,0.180606833,138,57
INFY15,0.153760063195,0.126306371021,112,48
INFY16,-0.017185658426,0.177749901767,134,56
IOC14,0.311177666634,0.138612565844,106,44
IOC15,-0.318871619448,0.320334762189,151,48
IOC16,0.100218866641,0.145977595449,139,55
ITC14,-0.0903546469522,0.154349574154,131,49
ITC15,-0.0358045294704,0.136111817736,120,43
ITC16,-0.200654079856,0.354745879656,158,52
KOTAKBANK14,-0.145491338072,0.211295141219,134,43
KOTAKBANK15,-0.156703111483,0.338129065512,128,45
KOTAKBANK16,-0.273182585139,0.287033986635,158,53
LT14,0.0988213461326,0.198549842707,129,51
LT15,0.258666207685,0.105281514498,129,61
LT16,-0.11301051163,0.2006228027,150,53
LUPIN14,0.0523471842518,0.128958212286,131,53
LUPIN15,0.255204720459,0.172245130956,139,51
LUPIN16,0.234351172255,0.192717319523,128,54
M&M14,-0.0567854028094,0.164226003088,135,48
M&M15,0.00280917410765,0.231852914311,144,53
M&M16,0.0503740508794,0.206000016004,139,58
MARUTI14,0.256697259301,0.115446923546,134,53
MARUTI15,0.198676427644,0.114978959419,139,48
MARUTI16,0.193496184648,0.148423974123,143,54
NTPC14,0.0800399437575,0.158222274029,125,53
NTPC15,0.261110795949,0.138617567914,122,57
NTPC16,-0.0824194067006,0.290564018713,135,51
ONGC14,0.195981617743,0.168371476589,129,52
ONGC15,0.43990966948,0.108130972076,132,51
ONGC16,0.125242872392,0.173668339911,137,54
POWERGRID14,-0.39431688295,0.415248315353,138,43
POWERGRID15,-0.0709726989719,0.245393191016,128,47
POWERGRID16,-0.165300052283,0.312682693835,149,50
RELIANCE14,0.060194451319,0.136426178417,132,59
RELIANCE15,0.19076278595,0.149798950053,146,59
RELIANCE16,-0.118999151777,0.182165333977,145,49
SBIN14,0.108813866771,0.182966971833,123,45
SBIN15,0.125568266416,0.110325606991,125,50
SBIN16,0.461361095802,0.116163741715,129,56
SUNPHARMA14,0.182180182824,0.0979166137419,129,51
SUNPHARMA15,0.435248291524,0.111600055336,121,59
SUNPHARMA16,0.217315325671,0.222166798355,138,57
TATAMOTORS14,-0.166262927064,0.308242203631,134,45
TATAMOTORS15,0.139981736767,0.160249387696,146,57
TATAMOTORS16,0.208442584128,0.178558947142,135,48
TATAMTRDVR14,0.212897981622,0.282885091129,127,53
TATAMTRDVR15,0.240472072404,0.154007975803,145,56
TATAMTRDVR16,-0.0552971162872,0.265256907251,142,57
TATAPOWER14,0.455865861785,0.14806136305,122,54
TATAPOWER15,-0.16408110704,0.266879606289,151,50
TATAPOWER16,-0.178396291888,0.320771430305,137,47
TATASTEEL14,0.131758780663,0.162700711199,136,56
TATASTEEL15,0.383425107607,0.145006585109,150,65
TATASTEEL16,0.137006905852,0.31694184437,124,50
TCS14,0.182102153647,0.0852395747466,135,53
TCS15,-0.0486375837556,0.235623408437,142,55
TCS16,0.230560756078,0.084185763703,129,56
TECHM14,0.0884913228834,0.112235285495,136,56
TECHM15,0.255749420706,0.226023092995,116,54
TECHM16,0.0905819218848,0.15489912917,126,50
ULTRACEMCO14,0.185030063535,0.151521027885,116,47
ULTRACEMCO15,0.240406048731,0.203550373155,121,57
ULTRACEMCO16,0.166192136574,0.122412086424,144,47
VEDL16,0.792262168646,0.199432010235,139,63
WIPRO14,0.00655244432641,0.181633493151,138,60
WIPRO15,-0.242589736516,0.28339006592,137,51
WIPRO16,-0.20798493531,0.263785530748,154,55
YESBANK14,0.394854790125,0.139919280698,114,46
YESBANK15,0.373773470582,0.184461298789,134,65
YESBANK16,0.129198152232,0.217073111898,144,56
ZEEL14,0.161942664099,0.113545744529,126,53
ZEEL15,0.16487321983,0.188871069328,143,49
ZEEL16,-0.118610699712,0.237519714755,158,52
ACC15,0.054501047313,0.149381361001,181,70
ACC16,0.0810748052334,0.171002357388,182,70
ADANIPORTS14,0.525418622607,0.184033881788,173,73
ADANIPORTS15,0.36348629486,0.210629804306,172,69
ACC15,-0.017498952687,0.175981361001,181,67
ACC16,0.00847480523336,0.181188555363,182,69
ADANIPORTS14,0.456418622607,0.192233881788,173,73
ADANIPORTS15,0.29508629486,0.218229804306,172,69
ACC15,0.018501047313,0.162681361001,181,68
ACC16,0.0447748052334,0.174588555363,182,69
ACC17,-0.00395444453462,0.0877361499528,50,18
ACC15,0.018501047313,0.162681361001,181,68
ACC16,0.0447748052334,0.174588555363,182,69
ACC17,-0.00395444453462,0.0877361499528,50,18
ADANIPORTS14,0.490918622607,0.188133881788,173,73
ADANIPORTS15,0.32928629486,0.214429804306,172,69
ADANIPORTS16,0.297253923638,0.208845384657,172,69
ADANIPORTS17,0.0720397659563,0.110856575646,50,21
AMBUJACEM14,-0.270637930542,0.504435702419,193,66
AMBUJACEM15,-0.326950393286,0.464347592935,192,70
AMBUJACEM16,-0.267527615557,0.392797796112,191,60
AMBUJACEM17,0.00769973042242,0.0983605811656,51,18
ASIANPAINT14,0.00171662896538,0.158073628046,179,64
ASIANPAINT15,-0.13379479313,0.278159089188,185,60
ASIANPAINT16,0.0416332621875,0.174701275304,181,67
ASIANPAINT17,-0.0567843031878,0.122853094955,53,16
AUROPHARMA14,0.675937821191,0.144108674777,154,65
AUROPHARMA15,0.21134557251,0.23256571,185,75
AUROPHARMA16,0.0523437791017,0.208237852639,184,78
AUROPHARMA17,0.0845052275747,0.0588628502435,50,21
AXISBANK14,0.327766646841,0.155126441932,175,71
AXISBANK15,0.432022678136,0.107200019996,175,77
AXISBANK16,0.262602266408,0.191039973223,173,73
AXISBANK17,0.0534514552116,0.144297618649,49,17
BAJAJ-AUTO14,-0.136490322497,0.224238575103,184,65
BAJAJ-AUTO15,0.0348497071614,0.225479432279,183,67
BAJAJ-AUTO16,-0.118711603128,0.207001335641,178,65
BAJAJ-AUTO17,-0.0751316294622,0.140116381491,56,20
BANKBARODA14,0.498718308465,0.183605296516,169,73
BANKBARODA15,0.123897374367,0.29252589265,186,64
BANKBARODA16,0.294588614961,0.202641506248,183,73
BANKBARODA17,0.121514238676,0.0985201061055,43,18
BHARTIARTL14,-0.49005475443,0.51688629271,192,54
BHARTIARTL15,0.0714095738489,0.263044007604,180,64
BHARTIARTL16,-0.13375289889,0.239361446309,180,69
BHARTIARTL17,-0.227950225029,0.345553246753,54,13
BOSCHLTD15,0.719654327051,0.114838171346,166,79
BOSCHLTD16,0.319728895037,0.143227772036,170,67
BOSCHLTD17,-0.092966848911,0.15031101464,56,14
BPCL14,0.112995640944,0.211178589589,168,60
ACC15,0.018501047313,0.162681361001,181,68
ACC16,0.0447748052334,0.174588555363,182,69
ACC17,-0.00395444453462,0.0877361499528,50,18
ADANIPORTS14,0.490918622607,0.188133881788,173,73
ADANIPORTS15,0.32928629486,0.214429804306,172,69
ADANIPORTS16,0.297253923638,0.208845384657,172,69
ADANIPORTS17,0.0720397659563,0.110856575646,50,21
AMBUJACEM14,-0.270637930542,0.504435702419,193,66
AMBUJACEM15,-0.326950393286,0.464347592935,192,70
AMBUJACEM16,-0.267527615557,0.392797796112,191,60
AMBUJACEM17,0.00769973042242,0.0983605811656,51,18
ASIANPAINT14,0.00171662896538,0.158073628046,179,64
ASIANPAINT15,-0.13379479313,0.278159089188,185,60
ASIANPAINT16,0.0416332621875,0.174701275304,181,67
ASIANPAINT17,-0.0567843031878,0.122853094955,53,16
AUROPHARMA14,0.675937821191,0.144108674777,154,65
AUROPHARMA15,0.21134557251,0.23256571,185,75
AUROPHARMA16,0.0523437791017,0.208237852639,184,78
AUROPHARMA17,0.0845052275747,0.0588628502435,50,21
AXISBANK14,0.327766646841,0.155126441932,175,71
AXISBANK15,0.432022678136,0.107200019996,175,77
AXISBANK16,0.262602266408,0.191039973223,173,73
AXISBANK17,0.0534514552116,0.144297618649,49,17
BAJAJ-AUTO14,-0.136490322497,0.224238575103,184,65
BAJAJ-AUTO15,0.0348497071614,0.225479432279,183,67
BAJAJ-AUTO16,-0.118711603128,0.207001335641,178,65
BAJAJ-AUTO17,-0.0751316294622,0.140116381491,56,20
BANKBARODA14,0.498718308465,0.183605296516,169,73
BANKBARODA15,0.123897374367,0.29252589265,186,64
BANKBARODA16,0.294588614961,0.202641506248,183,73
BANKBARODA17,0.121514238676,0.0985201061055,43,18
BHARTIARTL14,-0.49005475443,0.51688629271,192,54
BHARTIARTL15,0.0714095738489,0.263044007604,180,64
BHARTIARTL16,-0.13375289889,0.239361446309,180,69
BHARTIARTL17,-0.227950225029,0.345553246753,54,13
BOSCHLTD15,0.719654327051,0.114838171346,166,79
BOSCHLTD16,0.319728895037,0.143227772036,170,67
BOSCHLTD17,-0.092966848911,0.15031101464,56,14
BPCL14,0.112995640944,0.211178589589,168,60
BPCL15,0.220301327422,0.131996416091,183,75
BPCL16,-0.192229123752,0.271351299221,188,68
BPCL17,0.203535163579,0.0841932399431,43,20
CIPLA14,0.0629867877382,0.27015644265,180,60
CIPLA15,0.145278703354,0.196787496966,180,69
CIPLA16,0.0652858240694,0.280146112059,174,71
CIPLA17,-0.0563377788872,0.128411866339,59,16
COALINDIA14,0.299917807105,0.150404294253,169,69
COALINDIA15,0.186016632469,0.171563144082,172,66
COALINDIA16,0.0651668228563,0.197998928199,183,62
COALINDIA17,0.0610274074813,0.0726559013439,53,19
DRREDDY14,0.424573387981,0.105938499546,160,69
DRREDDY15,0.834773719063,0.0908625583105,152,72
DRREDDY16,0.397685765785,0.153782101253,166,63
DRREDDY17,0.11923802024,0.0540652618727,43,18
EICHERMOT15,0.7018199994,0.157091546438,170,72
EICHERMOT16,0.582326770916,0.113634089692,172,78
EICHERMOT17,-0.0345874021168,0.102452088684,49,17
GAIL14,0.0448819654149,0.383431074224,173,65
GAIL15,0.473921775695,0.153262725938,170,70
GAIL16,-0.156171854649,0.336771756983,185,65
GAIL17,0.22500971221,0.0534390541819,52,21
HCLTECH14,0.256292164256,0.159656637998,174,69
HCLTECH15,-0.0594871028546,0.184213164037,179,69
HCLTECH16,-0.102450436263,0.325767092083,176,57
HCLTECH17,-0.0141505401818,0.154398103936,46,22
HDFC14,0.0204982221717,0.178922600689,175,67
HDFC15,-0.0957595827316,0.330708265519,187,70
HDFC16,0.0137131486192,0.145258714934,183,68
HDFC17,-0.0556156702451,0.134035185169,57,17
HDFCBANK14,-0.241133153589,0.313432346934,205,59
HDFCBANK15,-0.638033178269,0.661897100087,212,59
HDFCBANK16,-0.514864551604,0.550450380041,202,53
HDFCBANK17,-0.0356716808937,0.091493622469,49,19
HEROMOTOCO14,-0.0719184646557,0.273470858082,174,61
HEROMOTOCO15,0.0549200679474,0.211157110349,180,65
HEROMOTOCO16,-0.16385689758,0.360136694963,182,69
HEROMOTOCO17,-0.00794915806604,0.07107043532,48,14
HINDALCO14,0.00299264666107,0.456592542325,180,67
HINDALCO15,0.281891859269,0.214568061715,180,68
HINDALCO16,0.34467443276,0.250199412964,175,79
HINDALCO17,-0.0520028274801,0.153595242426,52,15
HINDUNILVR14,-0.159898709521,0.299833437794,193,64
HINDUNILVR15,0.0724039301703,0.2952745523,182,66
HINDUNILVR16,-0.152314514012,0.237322856383,191,69
HINDUNILVR17,-0.0463672995657,0.0752495991991,51,17
IBULHSGFIN15,0.407527987774,0.13432566136,181,67
IBULHSGFIN16,0.476961915614,0.173683260673,167,67
IBULHSGFIN17,0.280197465098,0.0755746753677,51,25
ICICIBANK15,0.226891781712,0.19406794719,178,74
ICICIBANK16,0.411193089616,0.182497056784,167,72
ICICIBANK17,-0.030243568798,0.108768039238,51,19
INDUSINDBK14,0.052519212436,0.217969369076,178,63
INDUSINDBK15,-0.0212027814894,0.19571885245,189,72
INDUSINDBK16,-0.0955013778871,0.155056651624,188,69
INDUSINDBK17,-0.0513312842211,0.124910023049,53,17
INFRATEL16,0.175462905647,0.329140025415,174,72
INFRATEL17,0.260056610465,0.108323417925,50,17
INFY14,0.167484895,0.137706935,164,66
INFY15,0.0328111034839,0.208316542726,176,65
INFY16,-0.0984619206118,0.18792406847,181,67
INFY17,-0.126693943204,0.225862861433,51,16
IOC14,0.220509697689,0.277504955765,165,71
IOC15,-0.198696374446,0.287351038789,193,66
IOC16,0.0624432203376,0.209146742407,184,72
IOC17,0.00864823007715,0.0852200080052,54,18
ITC14,-0.113619366419,0.216742952699,182,67
ITC15,0.111578326936,0.134068912885,181,66
ITC16,-0.133275164701,0.389356916901,190,65
ITC17,-0.0412518579027,0.162745776343,55,16
KOTAKBANK14,-0.17013047424,0.209265060897,190,60
KOTAKBANK15,-0.316331319646,0.439581469937,196,58
KOTAKBANK16,-0.37394774465,0.387799146145,196,63
KOTAKBANK17,-0.0853862868941,0.117302062244,53,17
LT14,0.225720467963,0.180216940129,171,68
LT15,0.244573479543,0.131562838366,171,78
LT16,0.0840874704757,0.210563479345,184,70
LT17,0.0476022948438,0.111593914391,47,16
LUPIN14,0.112613675357,0.11927780184,167,70
LUPIN15,0.347708911779,0.238325578642,171,67
LUPIN16,0.483869264187,0.168475417101,168,72
LUPIN17,0.0188140980602,0.0733565630753,50,18
M&M14,-0.311764735926,0.395416857474,183,57
M&M15,0.0940817816118,0.232829029849,177,67
M&M16,-0.187202430954,0.356796520099,185,71
M&M17,-0.0758490830517,0.127614575237,56,16
MARUTI14,0.331257148492,0.165930350873,159,64
MARUTI15,0.302114807313,0.0727762574862,175,64
MARUTI16,0.305621705248,0.146462457761,167,66
MARUTI17,0.151567129431,0.0432528799289,47,24
NTPC14,0.217435528856,0.277076236669,173,72
NTPC15,0.230393366563,0.155922545982,176,75
NTPC16,-0.249404897063,0.427937965032,184,58
NTPC17,-0.0983875586373,0.166183044362,55,15
ONGC14,0.107557530694,0.19210327863,177,67
ONGC15,0.511935964123,0.110115019777,166,64
ONGC16,0.21576839066,0.272003301164,174,66
ONGC17,-0.000643224916827,0.0659346280757,51,19
POWERGRID14,-0.38249755973,0.398802643293,189,61
POWERGRID15,-0.229849773164,0.370046171881,193,64
POWERGRID16,-0.324048893924,0.455155021526,196,62
POWERGRID17,-0.0657096279853,0.133352462662,55,16
RELIANCE14,0.0409399571992,0.142361619198,180,71
RELIANCE15,0.301712693211,0.141090800368,183,73
RELIANCE16,-0.0881660761495,0.188709544655,184,66
RELIANCE17,0.242372032363,0.0740073023617,45,18
SBIN14,0.176493003589,0.182966971833,174,62
SBIN15,0.132783105421,0.14863953347,177,68
SBIN16,0.620956735682,0.125510483024,171,73
SBIN17,-0.00184562661086,0.111939624479,50,16
SUNPHARMA14,-0.0591047498611,0.187408417126,174,63
SUNPHARMA15,0.33454970522,0.254630569723,162,71
SUNPHARMA16,0.265782534892,0.202424327415,183,72
SUNPHARMA17,-0.118556375588,0.18763796995,54,17
TATAMOTORS14,-0.104562162155,0.390418208349,187,64
TATAMOTORS15,0.228720645614,0.228090547906,181,71
TATAMOTORS16,0.336257959339,0.16358766407,173,62
TATAMOTORS17,-0.00370793923067,0.129548446105,49,18
TATAMTRDVR14,0.288360024535,0.328919525241,169,70
TATAMTRDVR15,0.272958004322,0.174033786281,183,73
TATAMTRDVR16,-0.0683111147457,0.276024771345,179,66
TATAMTRDVR17,0.0164536282681,0.156195219845,52,19
TATAPOWER14,0.67954643167,0.147752934174,157,69
TATAPOWER15,-0.141848026768,0.374293988918,196,70
TATAPOWER16,-0.2383445698,0.390545313553,184,60
TATAPOWER17,-0.284367267022,0.292903862549,57,14
TATASTEEL14,0.377797876113,0.163088350329,172,74
TATASTEEL15,0.537272225715,0.176324258935,172,74
TATASTEEL16,0.236713828752,0.283421588219,171,72
TATASTEEL17,0.0834109281276,0.105508062931,47,16
TCS14,0.198774380904,0.0852395747466,166,66
TCS15,-0.0926167780933,0.277213130698,188,68
TCS16,0.355925702312,0.0917588329573,157,69
TCS17,0.156097764261,0.0622491136709,47,20
TECHM14,0.159131166691,0.112235285495,171,73
TECHM15,0.376479967782,0.210067293614,162,74
TECHM16,0.173568455485,0.192731837256,164,67
TECHM17,-0.0261373439002,0.186978234579,52,19
ULTRACEMCO14,0.277421313319,0.141147201069,165,66
ULTRACEMCO15,0.303780513155,0.178749310258,181,73
ULTRACEMCO16,0.0509722807782,0.183155921926,185,61
ULTRACEMCO17,-0.0776071831041,0.139303441691,52,18
VEDL16,1.13896102272,0.199432010235,174,79
VEDL17,-0.138577196416,0.231270742299,52,16
WIPRO14,-0.212422514045,0.262163090811,185,69
WIPRO15,-0.285262925657,0.326063255061,185,65
WIPRO16,-0.271363857436,0.325421831775,199,70
WIPRO17,-0.0845071699656,0.12681681758,54,14
YESBANK14,0.639846953557,0.139919280698,164,66
YESBANK15,0.257477972574,0.184461298789,176,73
YESBANK16,0.126695642255,0.259530363197,184,69
YESBANK17,0.136617479521,0.0805077945248,53,22
ZEEL14,0.0691418121316,0.147586180222,166,69
ZEEL15,0.183354812809,0.241541016085,185,65
ZEEL16,-0.133056941494,0.23537338227,198,66
ZEEL17,-0.192069527512,0.251632086659,56,21
ACC13,0.0633001716282,0.218618208233,190,72
ACC14,0.0486131200486,0.150015965294,173,64
ACC15,0.018501047313,0.162681361001,181,68
ACC16,0.0447748052334,0.174588555363,182,69
ACC17,-0.00395444453462,0.0877361499528,50,18
ADANIPORTS12,-0.268378505149,0.4382376729,129,39
ADANIPORTS13,-0.320183363373,0.586141854093,200,61
ADANIPORTS14,0.490918622607,0.188133881788,173,73
ADANIPORTS15,0.32928629486,0.214429804306,172,69
ADANIPORTS16,0.297253923638,0.208845384657,172,69
ADANIPORTS17,0.0720397659563,0.110856575646,50,21
AMBUJACEM12,-0.0557838465029,0.207597624491,139,51
AMBUJACEM13,0.0644677360179,0.195647113141,190,69
AMBUJACEM14,-0.270637930542,0.504435702419,193,66
AMBUJACEM15,-0.326950393286,0.464347592935,192,70
AMBUJACEM16,-0.267527615557,0.392797796112,191,60
AMBUJACEM17,0.00769973042242,0.0983605811656,51,18
ASIANPAINT12,-0.0598195008768,0.150030113544,144,49
ASIANPAINT13,-0.364452911479,0.907429084259,185,69
ASIANPAINT14,0.00171662896538,0.158073628046,179,64
ASIANPAINT15,-0.13379479313,0.278159089188,185,60
ASIANPAINT16,0.0416332621875,0.174701275304,181,67
ASIANPAINT17,-0.0567843031878,0.122853094955,53,16
AUROPHARMA12,0.137729309077,0.426216278747,120,42
ACC13,0.0633001716282,0.218618208233,190,72
ACC14,0.0486131200486,0.150015965294,173,64
ACC15,0.018501047313,0.162681361001,181,68
ACC16,0.0447748052334,0.174588555363,182,69
ACC17,-0.00395444453462,0.0877361499528,50,18
ADANIPORTS12,-0.268378505149,0.4382376729,129,39
ADANIPORTS13,-0.320183363373,0.586141854093,200,61
ADANIPORTS14,0.490918622607,0.188133881788,173,73
ADANIPORTS15,0.32928629486,0.214429804306,172,69
ADANIPORTS16,0.297253923638,0.208845384657,172,69
ADANIPORTS17,0.0720397659563,0.110856575646,50,21
AMBUJACEM12,-0.0557838465029,0.207597624491,139,51
AMBUJACEM13,0.0644677360179,0.195647113141,190,69
AMBUJACEM14,-0.270637930542,0.504435702419,193,66
AMBUJACEM15,-0.326950393286,0.464347592935,192,70
AMBUJACEM16,-0.267527615557,0.392797796112,191,60
AMBUJACEM17,0.00769973042242,0.0983605811656,51,18
ASIANPAINT12,-0.0598195008768,0.150030113544,144,49
ASIANPAINT13,-0.364452911479,0.907429084259,185,69
ASIANPAINT14,0.00171662896538,0.158073628046,179,64
ASIANPAINT15,-0.13379479313,0.278159089188,185,60
ASIANPAINT16,0.0416332621875,0.174701275304,181,67
ASIANPAINT17,-0.0567843031878,0.122853094955,53,16
AUROPHARMA12,0.137729309077,0.426216278747,120,42
AUROPHARMA13,0.622236479016,0.299839744655,179,72
AUROPHARMA14,0.675937821191,0.144108674777,154,65
AUROPHARMA15,0.21134557251,0.23256571,185,75
AUROPHARMA16,0.0523437791017,0.208237852639,184,78
AUROPHARMA17,0.0845052275747,0.0588628502435,50,21
AXISBANK12,0.316127560299,0.268997602794,126,47
AXISBANK13,0.420297693011,0.265197061258,179,74
AXISBANK14,0.327766646841,0.155126441932,175,71
AXISBANK15,0.432022678136,0.107200019996,175,77
AXISBANK16,0.262602266408,0.191039973223,173,73
AXISBANK17,0.0534514552116,0.144297618649,49,17
BAJAJ-AUTO12,-0.0501258791367,0.172962086639,134,47
BAJAJ-AUTO13,0.0655719563776,0.169161618403,178,68
BAJAJ-AUTO14,-0.136490322497,0.224238575103,184,65
BAJAJ-AUTO15,0.0348497071614,0.225479432279,183,67
BAJAJ-AUTO16,-0.118711603128,0.207001335641,178,65
BAJAJ-AUTO17,-0.0751316294622,0.140116381491,56,20
BANKBARODA12,0.245262364703,0.142974331354,130,53
BANKBARODA13,0.208870816393,0.213499570126,183,69
BANKBARODA14,0.498718308465,0.183605296516,169,73
BANKBARODA15,0.123897374367,0.29252589265,186,64
BANKBARODA16,0.294588614961,0.202641506248,183,73
BANKBARODA17,0.121514238676,0.0985201061055,43,18
BHARTIARTL12,0.256827511737,0.137769389778,131,47
BHARTIARTL13,0.187715679041,0.169456578884,170,71
BHARTIARTL14,-0.49005475443,0.51688629271,192,54
BHARTIARTL15,0.0714095738489,0.263044007604,180,64
BHARTIARTL16,-0.13375289889,0.239361446309,180,69
BHARTIARTL17,-0.227950225029,0.345553246753,54,13
BOSCHLTD12,-0.0128919827487,0.166446157013,99,36
ACC13,0.0633001716282,0.218618208233,190,72
ACC14,0.0486131200486,0.150015965294,173,64
ACC15,0.018501047313,0.162681361001,181,68
ACC16,0.0447748052334,0.174588555363,182,69
ACC17,-0.00395444453462,0.0877361499528,50,18
ADANIPORTS12,-0.268378505149,0.4382376729,129,39
ADANIPORTS13,-0.320183363373,0.586141854093,200,61
ADANIPORTS14,0.490918622607,0.188133881788,173,73
ADANIPORTS15,0.32928629486,0.214429804306,172,69
ADANIPORTS16,0.297253923638,0.208845384657,172,69
ADANIPORTS17,0.0720397659563,0.110856575646,50,21
AMBUJACEM12,-0.0557838465029,0.207597624491,139,51
AMBUJACEM13,0.0644677360179,0.195647113141,190,69
AMBUJACEM14,-0.270637930542,0.504435702419,193,66
AMBUJACEM15,-0.326950393286,0.464347592935,192,70
AMBUJACEM16,-0.267527615557,0.392797796112,191,60
AMBUJACEM17,0.00769973042242,0.0983605811656,51,18
ASIANPAINT12,-0.0598195008768,0.150030113544,144,49
ASIANPAINT13,-0.364452911479,0.907429084259,185,69
ASIANPAINT14,0.00171662896538,0.158073628046,179,64
ASIANPAINT15,-0.13379479313,0.278159089188,185,60
ASIANPAINT16,0.0416332621875,0.174701275304,181,67
ASIANPAINT17,-0.0567843031878,0.122853094955,53,16
AUROPHARMA12,0.137729309077,0.426216278747,120,42
AUROPHARMA13,0.622236479016,0.299839744655,179,72
AUROPHARMA14,0.675937821191,0.144108674777,154,65
AUROPHARMA15,0.21134557251,0.23256571,185,75
AUROPHARMA16,0.0523437791017,0.208237852639,184,78
AUROPHARMA17,0.0845052275747,0.0588628502435,50,21
AXISBANK12,0.316127560299,0.268997602794,126,47
AXISBANK13,0.420297693011,0.265197061258,179,74
AXISBANK14,0.327766646841,0.155126441932,175,71
AXISBANK15,0.432022678136,0.107200019996,175,77
AXISBANK16,0.262602266408,0.191039973223,173,73
AXISBANK17,0.0534514552116,0.144297618649,49,17
BAJAJ-AUTO12,-0.0501258791367,0.172962086639,134,47
BAJAJ-AUTO13,0.0655719563776,0.169161618403,178,68
BAJAJ-AUTO14,-0.136490322497,0.224238575103,184,65
BAJAJ-AUTO15,0.0348497071614,0.225479432279,183,67
BAJAJ-AUTO16,-0.118711603128,0.207001335641,178,65
BAJAJ-AUTO17,-0.0751316294622,0.140116381491,56,20
BANKBARODA12,0.245262364703,0.142974331354,130,53
BANKBARODA13,0.208870816393,0.213499570126,183,69
BANKBARODA14,0.498718308465,0.183605296516,169,73
BANKBARODA15,0.123897374367,0.29252589265,186,64
BANKBARODA16,0.294588614961,0.202641506248,183,73
BANKBARODA17,0.121514238676,0.0985201061055,43,18
BHARTIARTL12,0.256827511737,0.137769389778,131,47
BHARTIARTL13,0.187715679041,0.169456578884,170,71
BHARTIARTL14,-0.49005475443,0.51688629271,192,54
BHARTIARTL15,0.0714095738489,0.263044007604,180,64
BHARTIARTL16,-0.13375289889,0.239361446309,180,69
BHARTIARTL17,-0.227950225029,0.345553246753,54,13
BOSCHLTD12,-0.0128919827487,0.166446157013,99,36
BOSCHLTD13,0.0,0,1,0
BOSCHLTD15,0.719654327051,0.114838171346,166,79
BOSCHLTD16,0.319728895037,0.143227772036,170,67
BOSCHLTD17,-0.092966848911,0.15031101464,56,14
BPCL12,-0.390752274338,0.594583913332,135,51
BPCL13,0.421111665984,0.152444763176,181,78
BPCL14,0.112995640944,0.211178589589,168,60
BPCL15,0.220301327422,0.131996416091,183,75
BPCL16,-0.192229123752,0.271351299221,188,68
BPCL17,0.203535163579,0.0841932399431,43,20
CIPLA12,-0.21488481683,0.357835630644,131,47
CIPLA13,-0.0676961208096,0.280536509994,196,67
CIPLA14,0.0629867877382,0.27015644265,180,60
CIPLA15,0.145278703354,0.196787496966,180,69
CIPLA16,0.0652858240694,0.280146112059,174,71
CIPLA17,-0.0563377788872,0.128411866339,59,16
COALINDIA12,-0.221851998544,0.313060211163,134,48
COALINDIA13,0.241831674606,0.151906213654,188,72
COALINDIA14,0.299917807105,0.150404294253,169,69
COALINDIA15,0.186016632469,0.171563144082,172,66
COALINDIA16,0.0651668228563,0.197998928199,183,62
COALINDIA17,0.0610274074813,0.0726559013439,53,19
DRREDDY12,-0.302183120315,0.42283150525,150,44
DRREDDY13,-0.395719128177,0.426249982951,195,56
DRREDDY14,0.424573387981,0.105938499546,160,69
DRREDDY15,0.834773719063,0.0908625583105,152,72
DRREDDY16,0.397685765785,0.153782101253,166,63
DRREDDY17,0.11923802024,0.0540652618727,43,18
EICHERMOT12,0.0634450343882,0.154885726806,94,34
EICHERMOT13,0.0,0,1,0
EICHERMOT15,0.7018199994,0.157091546438,170,72
EICHERMOT16,0.582326770916,0.113634089692,172,78
EICHERMOT17,-0.0345874021168,0.102452088684,49,17
GAIL12,-0.0828173260925,0.235131121407,138,47
GAIL13,0.0121441528533,0.206692599101,191,72
GAIL14,0.0448819654149,0.383431074224,173,65
GAIL15,0.473921775695,0.153262725938,170,70
GAIL16,-0.156171854649,0.336771756983,185,65
GAIL17,0.22500971221,0.0534390541819,52,21
HCLTECH12,0.0264285263781,0.216941132163,125,41
HCLTECH13,0.282073915719,0.159205475823,185,66
HCLTECH14,0.256292164256,0.159656637998,174,69
HCLTECH15,-0.0594871028546,0.184213164037,179,69
HCLTECH16,-0.102450436263,0.325767092083,176,57
HCLTECH17,-0.0141505401818,0.154398103936,46,22
HDFC12,-0.0747896416648,0.156089501088,128,49
HDFC13,-0.0246004547671,0.252563788764,192,75
HDFC14,0.0204982221717,0.178922600689,175,67
HDFC15,-0.0957595827316,0.330708265519,187,70
HDFC16,0.0137131486192,0.145258714934,183,68
HDFC17,-0.0556156702451,0.134035185169,57,17
HDFCBANK12,-0.281705198422,0.315124602014,135,45
HDFCBANK13,0.0238049802137,0.13186722542,181,74
HDFCBANK14,-0.241133153589,0.313432346934,205,59
HDFCBANK15,-0.638033178269,0.661897100087,212,59
HDFCBANK16,-0.514864551604,0.550450380041,202,53
HDFCBANK17,-0.0356716808937,0.091493622469,49,19
HEROMOTOCO12,0.289278947512,0.121195932547,112,50
HEROMOTOCO13,0.0831708770042,0.162233070021,182,74
HEROMOTOCO14,-0.0719184646557,0.273470858082,174,61
HEROMOTOCO15,0.0549200679474,0.211157110349,180,65
HEROMOTOCO16,-0.16385689758,0.360136694963,182,69
HEROMOTOCO17,-0.00794915806604,0.07107043532,48,14
HINDALCO12,0.130818121321,0.261704671141,129,53
HINDALCO13,0.0293900297131,0.222792363691,186,67
HINDALCO14,0.00299264666107,0.456592542325,180,67
HINDALCO15,0.281891859269,0.214568061715,180,68
HINDALCO16,0.34467443276,0.250199412964,175,79
HINDALCO17,-0.0520028274801,0.153595242426,52,15
HINDUNILVR12,-0.117884000018,0.186253854197,148,55
HINDUNILVR13,0.255176127719,0.135003910054,182,74
HINDUNILVR14,-0.159898709521,0.299833437794,193,64
HINDUNILVR15,0.0724039301703,0.2952745523,182,66
HINDUNILVR16,-0.152314514012,0.237322856383,191,69
HINDUNILVR17,-0.0463672995657,0.0752495991991,51,17
IBULHSGFIN15,0.407527987774,0.13432566136,181,67
IBULHSGFIN16,0.476961915614,0.173683260673,167,67
IBULHSGFIN17,0.280197465098,0.0755746753677,51,25
ICICIBANK12,0.0857813197559,0.160203054374,131,52
ICICIBANK13,0.202220240774,0.18497437764,179,76
ICICIBANK15,0.226891781712,0.19406794719,178,74
ICICIBANK16,0.411193089616,0.182497056784,167,72
ICICIBANK17,-0.030243568798,0.108768039238,51,19
INDUSINDBK12,0.00656370987141,0.259963463787,135,51
INDUSINDBK13,0.623035800765,0.196317901617,174,71
INDUSINDBK14,0.052519212436,0.217969369076,178,63
INDUSINDBK15,-0.0212027814894,0.19571885245,189,72
INDUSINDBK16,-0.0955013778871,0.155056651624,188,69
INDUSINDBK17,-0.0513312842211,0.124910023049,53,17
INFRATEL16,0.175462905647,0.329140025415,174,72
INFRATEL17,0.260056610465,0.108323417925,50,17
INFY12,0.417043374842,0.06072751869,122,55
INFY13,-0.19997640422,0.260603717873,181,70
INFY14,0.167484895,0.137706935,164,66
INFY15,0.0328111034839,0.208316542726,176,65
INFY16,-0.0984619206118,0.18792406847,181,67
INFY17,-0.126693943204,0.225862861433,51,16
IOC12,-0.00586949795737,0.218963712968,123,51
IOC13,0.686249400073,0.157882754164,161,70
IOC14,0.220509697689,0.277504955765,165,71
IOC15,-0.198696374446,0.287351038789,193,66
IOC16,0.0624432203376,0.209146742407,184,72
IOC17,0.00864823007715,0.0852200080052,54,18
ITC12,-0.177291000817,0.301916669531,138,45
ITC13,0.165254341216,0.163683116844,193,75
ITC14,-0.113619366419,0.216742952699,182,67
ITC15,0.111578326936,0.134068912885,181,66
ITC16,-0.133275164701,0.389356916901,190,65
ITC17,-0.0412518579027,0.162745776343,55,16
KOTAKBANK12,0.0839114029228,0.159064523038,135,57
KOTAKBANK13,-0.297023666598,0.401629404012,196,68
KOTAKBANK14,-0.17013047424,0.209265060897,190,60
KOTAKBANK15,-0.316331319646,0.439581469937,196,58
KOTAKBANK16,-0.37394774465,0.387799146145,196,63
KOTAKBANK17,-0.0853862868941,0.117302062244,53,17
LT12,0.408602806971,0.139003077367,126,60
LT13,0.180798373609,0.256613423608,178,70
LT14,0.225720467963,0.180216940129,171,68
LT15,0.244573479543,0.131562838366,171,78
LT16,0.0840874704757,0.210563479345,184,70
LT17,0.0476022948438,0.111593914391,47,16
LUPIN12,-0.20813815307,0.24210934984,139,51
LUPIN13,-0.00259668730517,0.211473789926,184,63
LUPIN14,0.112613675357,0.11927780184,167,70
LUPIN15,0.347708911779,0.238325578642,171,67
LUPIN16,0.483869264187,0.168475417101,168,72
LUPIN17,0.0188140980602,0.0733565630753,50,18
M&M12,-0.0782832599491,0.31669607349,133,47
M&M13,-0.1300279672,0.245063017431,182,67
M&M14,-0.311764735926,0.395416857474,183,57
M&M15,0.0940817816118,0.232829029849,177,67
M&M16,-0.187202430954,0.356796520099,185,71
M&M17,-0.0758490830517,0.127614575237,56,16
MARUTI12,0.23313846598,0.196355850063,123,59
MARUTI13,0.272876557338,0.123234453578,179,69
MARUTI14,0.331257148492,0.165930350873,159,64
MARUTI15,0.302114807313,0.0727762574862,175,64
MARUTI16,0.305621705248,0.146462457761,167,66
MARUTI17,0.151567129431,0.0432528799289,47,24
NTPC12,0.0212260023638,0.113902257944,131,54
NTPC13,0.0389310481974,0.228351919298,179,67
NTPC14,0.217435528856,0.277076236669,173,72
NTPC15,0.230393366563,0.155922545982,176,75
NTPC16,-0.249404897063,0.427937965032,184,58
NTPC17,-0.0983875586373,0.166183044362,55,15
ONGC12,-0.187722319103,0.258866733536,136,53
ONGC13,0.0831946886798,0.205414924827,181,65
ONGC14,0.107557530694,0.19210327863,177,67
ONGC15,0.511935964123,0.110115019777,166,64
ONGC16,0.21576839066,0.272003301164,174,66
ONGC17,-0.000643224916827,0.0659346280757,51,19
POWERGRID12,-0.173938794856,0.264685163273,139,44
POWERGRID13,-0.450527511662,0.520134108883,197,62
POWERGRID14,-0.38249755973,0.398802643293,189,61
POWERGRID15,-0.229849773164,0.370046171881,193,64
POWERGRID16,-0.324048893924,0.455155021526,196,62
POWERGRID17,-0.0657096279853,0.133352462662,55,16
RELIANCE12,0.0940712337548,0.217566369052,127,43
RELIANCE13,0.13829898403,0.182244218493,189,76
RELIANCE14,0.0409399571992,0.142361619198,180,71
RELIANCE15,0.301712693211,0.141090800368,183,73
RELIANCE16,-0.0881660761495,0.188709544655,184,66
RELIANCE17,0.242372032363,0.0740073023617,45,18
SBIN12,0.356103076196,0.129940832283,129,54
SBIN13,0.501627607673,0.159131418493,161,76
SBIN14,0.176493003589,0.182966971833,174,62
SBIN15,0.132783105421,0.14863953347,177,68
SBIN16,0.620956735682,0.125510483024,171,73
SBIN17,-0.00184562661086,0.111939624479,50,16
SUNPHARMA12,-0.430204091334,0.561616782821,133,44
SUNPHARMA13,-0.540061431656,0.703834381998,186,70
SUNPHARMA14,-0.0591047498611,0.187408417126,174,63
SUNPHARMA15,0.33454970522,0.254630569723,162,71
SUNPHARMA16,0.265782534892,0.202424327415,183,72
SUNPHARMA17,-0.118556375588,0.18763796995,54,17
TATAMOTORS12,0.306024162619,0.154371851589,125,55
TATAMOTORS13,-0.114116992408,0.310044056128,182,63
TATAMOTORS14,-0.104562162155,0.390418208349,187,64
TATAMOTORS15,0.228720645614,0.228090547906,181,71
TATAMOTORS16,0.336257959339,0.16358766407,173,62
TATAMOTORS17,-0.00370793923067,0.129548446105,49,18
TATAMTRDVR12,0.503244939948,0.281321607013,125,52
TATAMTRDVR13,0.0732587633865,0.286834020971,178,67
TATAMTRDVR14,0.288360024535,0.328919525241,169,70
TATAMTRDVR15,0.272958004322,0.174033786281,183,73
TATAMTRDVR16,-0.0683111147457,0.276024771345,179,66
TATAMTRDVR17,0.0164536282681,0.156195219845,52,19
TATAPOWER12,0.160663123522,0.143080720844,126,46
TATAPOWER13,-0.00905680190654,0.300924508849,190,58
TATAPOWER14,0.67954643167,0.147752934174,157,69
TATAPOWER15,-0.141848026768,0.374293988918,196,70
TATAPOWER16,-0.2383445698,0.390545313553,184,60
TATAPOWER17,-0.284367267022,0.292903862549,57,14
TATASTEEL12,0.132265266027,0.232871991891,130,51
TATASTEEL13,0.534970161169,0.142931405267,180,79
TATASTEEL14,0.377797876113,0.163088350329,172,74
TATASTEEL15,0.537272225715,0.176324258935,172,74
TATASTEEL16,0.236713828752,0.283421588219,171,72
TATASTEEL17,0.0834109281276,0.105508062931,47,16
TCS12,0.0330898090893,0.188805804734,135,44
TCS13,0.292857843484,0.13533925059,168,70
TCS14,0.198774380904,0.0852395747466,166,66
TCS15,-0.0926167780933,0.277213130698,188,68
TCS16,0.355925702312,0.0917588329573,157,69
TCS17,0.156097764261,0.0622491136709,47,20
TECHM12,-0.0759170222695,0.340289496347,137,44
TECHM13,0.0782523440175,0.182184467239,179,64
TECHM14,0.159131166691,0.112235285495,171,73
TECHM15,0.376479967782,0.210067293614,162,74
TECHM16,0.173568455485,0.192731837256,164,67
TECHM17,-0.0261373439002,0.186978234579,52,19
ULTRACEMCO12,-0.0220330338772,0.227863042473,127,46
ULTRACEMCO13,-0.0624650676413,0.278806894585,183,62
ULTRACEMCO14,0.277421313319,0.141147201069,165,66
ULTRACEMCO15,0.303780513155,0.178749310258,181,73
ULTRACEMCO16,0.0509722807782,0.183155921926,185,61
ULTRACEMCO17,-0.0776071831041,0.139303441691,52,18
VEDL16,1.13896102272,0.199432010235,174,79
VEDL17,-0.138577196416,0.231270742299,52,16
WIPRO12,-0.234121223092,0.440630913813,139,49
WIPRO13,-0.0625987492058,0.358653588091,190,68
WIPRO14,-0.212422514045,0.262163090811,185,69
WIPRO15,-0.285262925657,0.326063255061,185,65
WIPRO16,-0.271363857436,0.325421831775,199,70
WIPRO17,-0.0845071699656,0.12681681758,54,14
YESBANK12,0.0790975606064,0.266190210966,135,57
YESBANK13,1.05666878532,0.270985377783,165,79
YESBANK14,0.639846953557,0.139919280698,164,66
YESBANK15,0.257477972574,0.184461298789,176,73
YESBANK16,0.126695642255,0.259530363197,184,69
YESBANK17,0.136617479521,0.0805077945248,53,22
ZEEL12,-0.0545015033525,0.264423735979,151,51
ZEEL13,-0.0904818440632,0.335730819827,194,74
ZEEL14,0.0691418121316,0.147586180222,166,69
ZEEL15,0.183354812809,0.241541016085,185,65
ZEEL16,-0.133056941494,0.23537338227,198,66
ZEEL17,-0.192069527512,0.251632086659,56,21
ACC13,0.0633001716282,0.218618208233,190,72
ACC14,0.0486131200486,0.150015965294,173,64
ACC15,0.018501047313,0.162681361001,181,68
ACC16,0.0447748052334,0.174588555363,182,69
ACC17,-0.00395444453462,0.0877361499528,50,18
ADANIPORTS12,-0.268378505149,0.4382376729,129,39
ADANIPORTS13,-0.320183363373,0.586141854093,200,61
ADANIPORTS14,0.490918622607,0.188133881788,173,73
ADANIPORTS15,0.32928629486,0.214429804306,172,69
ADANIPORTS16,0.297253923638,0.208845384657,172,69
ADANIPORTS17,0.0720397659563,0.110856575646,50,21
AMBUJACEM12,-0.0557838465029,0.207597624491,139,51
AMBUJACEM13,0.0644677360179,0.195647113141,190,69
AMBUJACEM14,-0.270637930542,0.504435702419,193,66
AMBUJACEM15,-0.326950393286,0.464347592935,192,70
AMBUJACEM16,-0.267527615557,0.392797796112,191,60
AMBUJACEM17,0.00769973042242,0.0983605811656,51,18
ASIANPAINT12,-0.0598195008768,0.150030113544,144,49
ASIANPAINT13,-0.364452911479,0.907429084259,185,69
ASIANPAINT14,0.00171662896538,0.158073628046,179,64
ASIANPAINT15,-0.13379479313,0.278159089188,185,60
ASIANPAINT16,0.0416332621875,0.174701275304,181,67
ASIANPAINT17,-0.0567843031878,0.122853094955,53,16
AUROPHARMA12,0.137729309077,0.426216278747,120,42
AUROPHARMA13,0.622236479016,0.299839744655,179,72
AUROPHARMA14,0.675937821191,0.144108674777,154,65
AUROPHARMA15,0.21134557251,0.23256571,185,75
AUROPHARMA16,0.0523437791017,0.208237852639,184,78
AUROPHARMA17,0.0845052275747,0.0588628502435,50,21
AXISBANK12,0.316127560299,0.268997602794,126,47
AXISBANK13,0.420297693011,0.265197061258,179,74
AXISBANK14,0.327766646841,0.155126441932,175,71
AXISBANK15,0.432022678136,0.107200019996,175,77
AXISBANK16,0.262602266408,0.191039973223,173,73
AXISBANK17,0.0534514552116,0.144297618649,49,17
BAJAJ-AUTO12,-0.0501258791367,0.172962086639,134,47
BAJAJ-AUTO13,0.0655719563776,0.169161618403,178,68
BAJAJ-AUTO14,-0.136490322497,0.224238575103,184,65
BAJAJ-AUTO15,0.0348497071614,0.225479432279,183,67
BAJAJ-AUTO16,-0.118711603128,0.207001335641,178,65
BAJAJ-AUTO17,-0.0751316294622,0.140116381491,56,20
BANKBARODA12,0.245262364703,0.142974331354,130,53
BANKBARODA13,0.208870816393,0.213499570126,183,69
BANKBARODA14,0.498718308465,0.183605296516,169,73
BANKBARODA15,0.123897374367,0.29252589265,186,64
BANKBARODA16,0.294588614961,0.202641506248,183,73
BANKBARODA17,0.121514238676,0.0985201061055,43,18
BHARTIARTL12,0.256827511737,0.137769389778,131,47
BHARTIARTL13,0.187715679041,0.169456578884,170,71
BHARTIARTL14,-0.49005475443,0.51688629271,192,54
BHARTIARTL15,0.0714095738489,0.263044007604,180,64
BHARTIARTL16,-0.13375289889,0.239361446309,180,69
BHARTIARTL17,-0.227950225029,0.345553246753,54,13
BOSCHLTD12,-0.0128919827487,0.166446157013,99,36
BOSCHLTD15,0.719654327051,0.114838171346,166,79
BOSCHLTD16,0.319728895037,0.143227772036,170,67
BOSCHLTD17,-0.092966848911,0.15031101464,56,14
BPCL12,-0.390752274338,0.594583913332,135,51
BPCL13,0.421111665984,0.152444763176,181,78
BPCL14,0.112995640944,0.211178589589,168,60
BPCL15,0.220301327422,0.131996416091,183,75
BPCL16,-0.192229123752,0.271351299221,188,68
BPCL17,0.203535163579,0.0841932399431,43,20
CIPLA12,-0.21488481683,0.357835630644,131,47
CIPLA13,-0.0676961208096,0.280536509994,196,67
CIPLA14,0.0629867877382,0.27015644265,180,60
CIPLA15,0.145278703354,0.196787496966,180,69
CIPLA16,0.0652858240694,0.280146112059,174,71
CIPLA17,-0.0563377788872,0.128411866339,59,16
COALINDIA12,-0.221851998544,0.313060211163,134,48
COALINDIA13,0.241831674606,0.151906213654,188,72
COALINDIA14,0.299917807105,0.150404294253,169,69
COALINDIA15,0.186016632469,0.171563144082,172,66
COALINDIA16,0.0651668228563,0.197998928199,183,62
COALINDIA17,0.0610274074813,0.0726559013439,53,19
DRREDDY12,-0.302183120315,0.42283150525,150,44
DRREDDY13,-0.395719128177,0.426249982951,195,56
DRREDDY14,0.424573387981,0.105938499546,160,69
DRREDDY15,0.834773719063,0.0908625583105,152,72
DRREDDY16,0.397685765785,0.153782101253,166,63
DRREDDY17,0.11923802024,0.0540652618727,43,18
EICHERMOT12,0.0634450343882,0.154885726806,94,34
EICHERMOT15,0.7018199994,0.157091546438,170,72
EICHERMOT16,0.582326770916,0.113634089692,172,78
EICHERMOT17,-0.0345874021168,0.102452088684,49,17
GAIL12,-0.0828173260925,0.235131121407,138,47
GAIL13,0.0121441528533,0.206692599101,191,72
GAIL14,0.0448819654149,0.383431074224,173,65
GAIL15,0.473921775695,0.153262725938,170,70
GAIL16,-0.156171854649,0.336771756983,185,65
GAIL17,0.22500971221,0.0534390541819,52,21
HCLTECH12,0.0264285263781,0.216941132163,125,41
HCLTECH13,0.282073915719,0.159205475823,185,66
HCLTECH14,0.256292164256,0.159656637998,174,69
HCLTECH15,-0.0594871028546,0.184213164037,179,69
HCLTECH16,-0.102450436263,0.325767092083,176,57
HCLTECH17,-0.0141505401818,0.154398103936,46,22
HDFC12,-0.0747896416648,0.156089501088,128,49
HDFC13,-0.0246004547671,0.252563788764,192,75
HDFC14,0.0204982221717,0.178922600689,175,67
HDFC15,-0.0957595827316,0.330708265519,187,70
HDFC16,0.0137131486192,0.145258714934,183,68
HDFC17,-0.0556156702451,0.134035185169,57,17
HDFCBANK12,-0.281705198422,0.315124602014,135,45
HDFCBANK13,0.0238049802137,0.13186722542,181,74
HDFCBANK14,-0.241133153589,0.313432346934,205,59
HDFCBANK15,-0.638033178269,0.661897100087,212,59
HDFCBANK16,-0.514864551604,0.550450380041,202,53
HDFCBANK17,-0.0356716808937,0.091493622469,49,19
HEROMOTOCO12,0.289278947512,0.121195932547,112,50
HEROMOTOCO13,0.0831708770042,0.162233070021,182,74
HEROMOTOCO14,-0.0719184646557,0.273470858082,174,61
HEROMOTOCO15,0.0549200679474,0.211157110349,180,65
HEROMOTOCO16,-0.16385689758,0.360136694963,182,69
HEROMOTOCO17,-0.00794915806604,0.07107043532,48,14
HINDALCO12,0.130818121321,0.261704671141,129,53
HINDALCO13,0.0293900297131,0.222792363691,186,67
HINDALCO14,0.00299264666107,0.456592542325,180,67
HINDALCO15,0.281891859269,0.214568061715,180,68
HINDALCO16,0.34467443276,0.250199412964,175,79
HINDALCO17,-0.0520028274801,0.153595242426,52,15
HINDUNILVR12,-0.117884000018,0.186253854197,148,55
HINDUNILVR13,0.255176127719,0.135003910054,182,74
HINDUNILVR14,-0.159898709521,0.299833437794,193,64
HINDUNILVR15,0.0724039301703,0.2952745523,182,66
HINDUNILVR16,-0.152314514012,0.237322856383,191,69
HINDUNILVR17,-0.0463672995657,0.0752495991991,51,17
IBULHSGFIN15,0.407527987774,0.13432566136,181,67
IBULHSGFIN16,0.476961915614,0.173683260673,167,67
IBULHSGFIN17,0.280197465098,0.0755746753677,51,25
ICICIBANK12,0.0857813197559,0.160203054374,131,52
ICICIBANK13,0.202220240774,0.18497437764,179,76
ICICIBANK15,0.226891781712,0.19406794719,178,74
ICICIBANK16,0.411193089616,0.182497056784,167,72
ICICIBANK17,-0.030243568798,0.108768039238,51,19
INDUSINDBK12,0.00656370987141,0.259963463787,135,51
INDUSINDBK13,0.623035800765,0.196317901617,174,71
INDUSINDBK14,0.052519212436,0.217969369076,178,63
INDUSINDBK15,-0.0212027814894,0.19571885245,189,72
INDUSINDBK16,-0.0955013778871,0.155056651624,188,69
INDUSINDBK17,-0.0513312842211,0.124910023049,53,17
INFRATEL16,0.175462905647,0.329140025415,174,72
INFRATEL17,0.260056610465,0.108323417925,50,17
INFY12,0.417043374842,0.06072751869,122,55
INFY13,-0.19997640422,0.260603717873,181,70
INFY14,0.167484895,0.137706935,164,66
INFY15,0.0328111034839,0.208316542726,176,65
INFY16,-0.0984619206118,0.18792406847,181,67
INFY17,-0.126693943204,0.225862861433,51,16
IOC12,-0.00586949795737,0.218963712968,123,51
IOC13,0.686249400073,0.157882754164,161,70
IOC14,0.220509697689,0.277504955765,165,71
IOC15,-0.198696374446,0.287351038789,193,66
IOC16,0.0624432203376,0.209146742407,184,72
IOC17,0.00864823007715,0.0852200080052,54,18
ITC12,-0.177291000817,0.301916669531,138,45
ITC13,0.165254341216,0.163683116844,193,75
ITC14,-0.113619366419,0.216742952699,182,67
ITC15,0.111578326936,0.134068912885,181,66
ITC16,-0.133275164701,0.389356916901,190,65
ITC17,-0.0412518579027,0.162745776343,55,16
KOTAKBANK12,0.0839114029228,0.159064523038,135,57
KOTAKBANK13,-0.297023666598,0.401629404012,196,68
KOTAKBANK14,-0.17013047424,0.209265060897,190,60
KOTAKBANK15,-0.316331319646,0.439581469937,196,58
KOTAKBANK16,-0.37394774465,0.387799146145,196,63
KOTAKBANK17,-0.0853862868941,0.117302062244,53,17
LT12,0.408602806971,0.139003077367,126,60
LT13,0.180798373609,0.256613423608,178,70
LT14,0.225720467963,0.180216940129,171,68
LT15,0.244573479543,0.131562838366,171,78
LT16,0.0840874704757,0.210563479345,184,70
LT17,0.0476022948438,0.111593914391,47,16
LUPIN12,-0.20813815307,0.24210934984,139,51
LUPIN13,-0.00259668730517,0.211473789926,184,63
LUPIN14,0.112613675357,0.11927780184,167,70
LUPIN15,0.347708911779,0.238325578642,171,67
LUPIN16,0.483869264187,0.168475417101,168,72
LUPIN17,0.0188140980602,0.0733565630753,50,18
M&M12,-0.0782832599491,0.31669607349,133,47
M&M13,-0.1300279672,0.245063017431,182,67
M&M14,-0.311764735926,0.395416857474,183,57
M&M15,0.0940817816118,0.232829029849,177,67
M&M16,-0.187202430954,0.356796520099,185,71
M&M17,-0.0758490830517,0.127614575237,56,16
MARUTI12,0.23313846598,0.196355850063,123,59
MARUTI13,0.272876557338,0.123234453578,179,69
MARUTI14,0.331257148492,0.165930350873,159,64
MARUTI15,0.302114807313,0.0727762574862,175,64
MARUTI16,0.305621705248,0.146462457761,167,66
MARUTI17,0.151567129431,0.0432528799289,47,24
NTPC12,0.0212260023638,0.113902257944,131,54
NTPC13,0.0389310481974,0.228351919298,179,67
NTPC14,0.217435528856,0.277076236669,173,72
NTPC15,0.230393366563,0.155922545982,176,75
NTPC16,-0.249404897063,0.427937965032,184,58
NTPC17,-0.0983875586373,0.166183044362,55,15
ONGC12,-0.187722319103,0.258866733536,136,53
ONGC13,0.0831946886798,0.205414924827,181,65
ONGC14,0.107557530694,0.19210327863,177,67
ONGC15,0.511935964123,0.110115019777,166,64
ONGC16,0.21576839066,0.272003301164,174,66
ONGC17,-0.000643224916827,0.0659346280757,51,19
POWERGRID12,-0.173938794856,0.264685163273,139,44
POWERGRID13,-0.450527511662,0.520134108883,197,62
POWERGRID14,-0.38249755973,0.398802643293,189,61
POWERGRID15,-0.229849773164,0.370046171881,193,64
POWERGRID16,-0.324048893924,0.455155021526,196,62
POWERGRID17,-0.0657096279853,0.133352462662,55,16
RELIANCE12,0.0940712337548,0.217566369052,127,43
RELIANCE13,0.13829898403,0.182244218493,189,76
RELIANCE14,0.0409399571992,0.142361619198,180,71
RELIANCE15,0.301712693211,0.141090800368,183,73
RELIANCE16,-0.0881660761495,0.188709544655,184,66
RELIANCE17,0.242372032363,0.0740073023617,45,18
SBIN12,0.356103076196,0.129940832283,129,54
SBIN13,0.501627607673,0.159131418493,161,76
SBIN14,0.176493003589,0.182966971833,174,62
SBIN15,0.132783105421,0.14863953347,177,68
SBIN16,0.620956735682,0.125510483024,171,73
SBIN17,-0.00184562661086,0.111939624479,50,16
SUNPHARMA12,-0.430204091334,0.561616782821,133,44
SUNPHARMA13,-0.540061431656,0.703834381998,186,70
SUNPHARMA14,-0.0591047498611,0.187408417126,174,63
SUNPHARMA15,0.33454970522,0.254630569723,162,71
SUNPHARMA16,0.265782534892,0.202424327415,183,72
SUNPHARMA17,-0.118556375588,0.18763796995,54,17
TATAMOTORS12,0.306024162619,0.154371851589,125,55
TATAMOTORS13,-0.114116992408,0.310044056128,182,63
TATAMOTORS14,-0.104562162155,0.390418208349,187,64
TATAMOTORS15,0.228720645614,0.228090547906,181,71
TATAMOTORS16,0.336257959339,0.16358766407,173,62
TATAMOTORS17,-0.00370793923067,0.129548446105,49,18
TATAMTRDVR12,0.503244939948,0.281321607013,125,52
TATAMTRDVR13,0.0732587633865,0.286834020971,178,67
TATAMTRDVR14,0.288360024535,0.328919525241,169,70
TATAMTRDVR15,0.272958004322,0.174033786281,183,73
TATAMTRDVR16,-0.0683111147457,0.276024771345,179,66
TATAMTRDVR17,0.0164536282681,0.156195219845,52,19
TATAPOWER12,0.160663123522,0.143080720844,126,46
TATAPOWER13,-0.00905680190654,0.300924508849,190,58
TATAPOWER14,0.67954643167,0.147752934174,157,69
TATAPOWER15,-0.141848026768,0.374293988918,196,70
TATAPOWER16,-0.2383445698,0.390545313553,184,60
TATAPOWER17,-0.284367267022,0.292903862549,57,14
TATASTEEL12,0.132265266027,0.232871991891,130,51
TATASTEEL13,0.534970161169,0.142931405267,180,79
TATASTEEL14,0.377797876113,0.163088350329,172,74
TATASTEEL15,0.537272225715,0.176324258935,172,74
TATASTEEL16,0.236713828752,0.283421588219,171,72
TATASTEEL17,0.0834109281276,0.105508062931,47,16
TCS12,0.0330898090893,0.188805804734,135,44
TCS13,0.292857843484,0.13533925059,168,70
TCS14,0.198774380904,0.0852395747466,166,66
TCS15,-0.0926167780933,0.277213130698,188,68
TCS16,0.355925702312,0.0917588329573,157,69
TCS17,0.156097764261,0.0622491136709,47,20
TECHM12,-0.0759170222695,0.340289496347,137,44
TECHM13,0.0782523440175,0.182184467239,179,64
TECHM14,0.159131166691,0.112235285495,171,73
TECHM15,0.376479967782,0.210067293614,162,74
TECHM16,0.173568455485,0.192731837256,164,67
TECHM17,-0.0261373439002,0.186978234579,52,19
ULTRACEMCO12,-0.0220330338772,0.227863042473,127,46
ULTRACEMCO13,-0.0624650676413,0.278806894585,183,62
ULTRACEMCO14,0.277421313319,0.141147201069,165,66
ULTRACEMCO15,0.303780513155,0.178749310258,181,73
ULTRACEMCO16,0.0509722807782,0.183155921926,185,61
ULTRACEMCO17,-0.0776071831041,0.139303441691,52,18
VEDL16,1.13896102272,0.199432010235,174,79
VEDL17,-0.138577196416,0.231270742299,52,16
WIPRO12,-0.234121223092,0.440630913813,139,49
WIPRO13,-0.0625987492058,0.358653588091,190,68
WIPRO14,-0.212422514045,0.262163090811,185,69
WIPRO15,-0.285262925657,0.326063255061,185,65
WIPRO16,-0.271363857436,0.325421831775,199,70
WIPRO17,-0.0845071699656,0.12681681758,54,14
YESBANK12,0.0790975606064,0.266190210966,135,57
YESBANK13,1.05666878532,0.270985377783,165,79
YESBANK14,0.639846953557,0.139919280698,164,66
YESBANK15,0.257477972574,0.184461298789,176,73
YESBANK16,0.126695642255,0.259530363197,184,69
YESBANK17,0.136617479521,0.0805077945248,53,22
ZEEL12,-0.0545015033525,0.264423735979,151,51
ZEEL13,-0.0904818440632,0.335730819827,194,74
ZEEL14,0.0691418121316,0.147586180222,166,69
ZEEL15,0.183354812809,0.241541016085,185,65
ZEEL16,-0.133056941494,0.23537338227,198,66
ZEEL17,-0.192069527512,0.251632086659,56,21
